on,on,1.0,0.3978137793790782,0.8257347387970223,0.4838094924512168,0.610522300807526,0.6159674743379007,0.6201966810265125,-0.39196038127972,0.5988621770967719,0.5466797014122108,0.561660880672611,0.31364903303950736,0.23159856487295968,0.19802136558675965,0.485417792168519,0.7593265901429226,0.239447049401632,0.4970525508201209,0.5625145113668502,0.5451084271852837,0.5292912381804125,0.31675440845763037,0.9077252261081497,0.5362693862513475,0.5205987173226688,0.033308186997443014,0.7566280814733909,0.5380647404685107,0.9194799689615025,0.5184387553352923,0.9554492775997095,0.48980397042669754,0.5447839836619064,0.4977732944757932,0.4762537550591824,0.5231117356324604,0.5091383154759709,0.5399097110281452,0.5258434035210107,0.560764127530146,0.8920698554286591,0.505833713002473,0.5927349180114627,0.5437870136051574,0.6129684712882435,0.5963772653801923,0.5513399557071956,0.47730862505901644,0.5268577487071046,0.4250660744581417,0.532445300457457,0.5514837497737831,0.40201743338951745,0.4289735935508135,0.5701115536269195,0.5323996747527208,0.5128298527613637,0.5462026187792128,0.4126396398501699,0.5146130785984178,0.585771310648185,0.5468747842033054,0.5325213875078924,0.5236282401470443,0.5730261587960349,0.5382711602663884,0.5424665467642503,0.5093499278804016,0.45600591854099276,0.3241909095226274
wear,wear,0.3978137793790782,0.9999999999999998,0.40853076702281216,0.4541190112646448,0.5577136763193502,0.6129124181029351,0.5747189264727331,-0.16616329075400452,0.5155089097661896,0.4875437237021718,0.5014715806979781,0.338611590122035,0.16678206913551144,0.010472804405104908,0.35411736968600604,0.499603732044412,0.15111566076440017,0.07462769146317229,0.31974838799071176,0.4354477682094446,0.4720227600107333,0.3130871256308498,0.3611042836695731,0.4840690338701443,0.47810033171565186,-0.18644453212620288,0.488521984742937,0.669094436554382,0.31688835525698983,0.4766749513715822,0.4498747079861507,0.373291417183218,0.4178614065071183,0.39257082352184247,0.5874255714795459,0.53026234198509,0.6602417068159722,0.638254896935201,0.5785149406639277,0.644247887124123,0.4228938444809789,0.4897391899036497,0.477631160106451,0.6267256966554776,0.5608185459315862,0.49891255983883886,0.5471629300578931,0.3046594701191589,0.4191861421783064,0.48468960854866766,0.479140147358779,0.4159638203446377,0.30259887856860157,0.6690674109703354,0.15063244819215998,0.5299574276183407,0.597492631945443,0.4390515204901217,0.28495669900624665,0.5906198906359363,0.6525994560635123,0.6159212027284481,0.3236049270326236,0.46483190656999135,0.48631263668331437,0.5619840220042226,0.33876798950578885,0.49939737482632934,0.40944959333784475,0.1676214074100641
has,has,0.8257347387970223,0.40853076702281216,1.0,0.6058619005780017,0.6720433256549163,0.6687531630860465,0.7107346951217218,-0.6058929567344112,0.6698601988720898,0.6804125407042894,0.6739664073504397,0.18831074597024047,-0.021480173019718697,-0.08356546016463427,0.4515454884302443,0.8345226373036186,0.0032128207541926366,0.2830412500287281,0.6094241360129854,0.5031070804942144,0.5692036324682695,0.1961177309982313,0.7419989630744322,0.6604779612804889,0.622139336646245,-0.33597852890768604,0.8374632284291395,0.5758641130068282,0.8169700857092471,0.5900432810910398,0.8513875010547268,0.5747791342947149,0.5055616817739245,0.40664572786627856,0.4920461950331602,0.535289419696606,0.5692630295413665,0.6604085496877855,0.5626908060543527,0.7131023264775289,0.7776585867136024,0.5078881584050616,0.5991292634431024,0.578289060380909,0.6277791731926018,0.5928885488550099,0.6680122708550069,0.5943587391108351,0.6167135003867367,0.5493833491917858,0.5668913361590753,0.381537104956321,0.5781791000730825,0.49020313951237315,0.5618460672391125,0.5921887277930548,0.5063316654261295,0.5845361305635812,0.2246048887225153,0.556992952465196,0.6504488980858686,0.5456671118516168,0.3914541118528972,0.6709263338677335,0.5662103457129264,0.5955814620691041,0.5953790800370344,0.6066579165661853,0.442031224983045,0.035059388303703004
next to,next to,0.4838094924512168,0.4541190112646448,0.6058619005780017,1.0000000000000004,0.5721679200388884,0.7125578881734446,0.7418383542213481,-0.21840716399952928,0.7341386371931822,0.7563314149490589,0.7439334874886854,0.19247913176334677,0.006679425046836017,-0.024849627744340876,0.6875469593729303,0.5755059128876873,-0.018062940554932357,0.09386946197034655,0.7701200436046929,0.5886451484377908,0.7343974267651939,0.0910228750385767,0.43063390651689726,0.6675880654598787,0.9641549308331431,-0.3105820059961149,0.5770284888759343,0.6111171818341473,0.40173807553686464,0.7984036457498954,0.4486490102290325,0.8356317127312803,0.5978672269594736,0.4668644086610389,0.5559994882796654,0.6949917946605163,0.5584586454541042,0.634575274961549,0.7133372694449189,0.49647143262362725,0.568894162798818,0.369767130317521,0.5179247621252138,0.4832454887553207,0.6045067801238417,0.3052123095976457,0.8482170202902247,0.8950086325284766,0.5774330968330248,0.47028737694670064,0.6544440717298472,0.45126825377948626,0.5523880898617634,0.4590543970605687,0.6241733875238084,0.7504384294565879,0.541206194030891,0.48902158405962803,0.06204885507201496,0.5410636591455967,0.6222521815266215,0.4647545912185046,0.36201963681194427,0.7241840210050998,0.6051842220191336,0.5359642160908069,0.44389165440006756,0.4819012123863916,0.4036746330397138,-0.0849740052900187
sleep next to,sleep next to,0.610522300807526,0.5577136763193502,0.6720433256549163,0.5721679200388884,1.0000000000000004,0.8701288126617436,0.8772595721473434,-0.5044147470809663,0.8897861510537657,0.6491082043931983,0.7448907745777792,0.27067369031946553,-0.024322412170529,-0.1317412807491733,0.25670357350432554,0.7026481726448403,0.06807640876335071,0.19978317093744238,0.5998795729669978,0.638157148197638,0.7585125640032605,0.18270835285281234,0.5036135379970444,0.6770979487928637,0.6199502064135021,-0.33198629618066605,0.7546798800181008,0.7502402264751247,0.5233288955915888,0.6145331093962825,0.5703429032358311,0.39494138258090494,0.3478073152156812,0.3833459400366316,0.444244027090308,0.7489512484873199,0.7059524759187362,0.7764529500871874,0.5990191782403477,0.6424819153858364,0.6319392474834296,0.45669562464590435,0.718703469279565,0.7215557188388042,0.757517744390718,0.6028629527466299,0.713322031805407,0.4716909167253762,0.62446257399879,0.5278254692591612,0.6820945411202066,0.49305522155280385,0.44697954681733076,0.6367187075596016,0.3346857761462728,0.5231804942431361,0.6959852861971362,0.7054081256289733,0.2282433449151177,0.707814656768832,0.761986628330084,0.7069926032829714,0.47153014860508957,0.711022422913854,0.5330012817423554,0.8083146848179944,0.7473643472308187,0.5600480028745285,0.6139619620527225,-0.01596486054091202
sit next to,sit next to,0.6159674743379007,0.6129124181029351,0.6687531630860465,0.7125578881734446,0.8701288126617436,1.0000000000000002,0.9601332409163637,-0.4534851205784002,0.9181678510825022,0.6690386775135844,0.8203807004260931,0.36269201223985714,0.06548643328873847,-0.10038499903450296,0.41396560284714506,0.7186863869119972,0.11266652941000346,0.32913055558124593,0.5757479971673903,0.7169016910155401,0.7832214587220397,0.2797736941848367,0.5042674839985295,0.6741042298058199,0.7499216835509586,-0.2886615004484206,0.7774920346312812,0.8964732111201364,0.5420946567355208,0.5934130594117468,0.5914113563030035,0.5129483700304405,0.5015518640513917,0.5263696210433138,0.703728672624449,0.73346407758571,0.7539395231805318,0.7932992015463737,0.7600616081366903,0.630097107595945,0.6260752407765252,0.48798252508602485,0.6644126617556037,0.7070028957642212,0.7904066988295979,0.6399849250758161,0.7663448106145391,0.5752795309142229,0.6797039458646662,0.5133865522430021,0.7300080025349788,0.6312985108134489,0.46076023293937207,0.6033047327029287,0.4125741174639864,0.60423097470578,0.7493680714747859,0.7357431229465301,0.26158255272050024,0.6759167498967283,0.7736975687997226,0.7954818955585108,0.4663385381560294,0.7611016445068131,0.6245923374895488,0.8328265120591256,0.7123127810127979,0.5024026807395283,0.6657416575777806,-0.025446411723084886
stand next to,stand next to,0.6201966810265125,0.5747189264727331,0.7107346951217218,0.7418383542213481,0.8772595721473434,0.9601332409163637,1.0,-0.46789600303765105,0.9390874712807572,0.7123415420908896,0.8768079998154272,0.2247777705268655,-0.06455617315471678,-0.10547223527084236,0.39712492550576733,0.7585915395200631,-0.002820571353236611,0.242884382736207,0.6111552874173997,0.6112192866283572,0.7944360031000806,0.11583843705902336,0.508141166030159,0.7175048026367757,0.7595656883397112,-0.40165795701742557,0.7856064052468829,0.8533685913223535,0.5634064068579125,0.6485241549712829,0.5871636656625103,0.5429238531915362,0.5183847778436487,0.5135832788629918,0.579273809346004,0.7901079985683974,0.761927751165598,0.832153453782976,0.695164450879847,0.6607965580541443,0.6190817363374511,0.4111355827833624,0.7675119288209473,0.7466505728717858,0.8429677626643345,0.6217879000729317,0.825530626191539,0.6153916622234314,0.6962884450094159,0.5438607190474127,0.7686188780805365,0.5390003766574069,0.44863399749497296,0.59072173369298,0.4545771570804526,0.5946290621172393,0.7289069538502454,0.7592957929592761,0.11844010672245307,0.7233170640040145,0.8055534929432219,0.740847525137083,0.3842800986824,0.7865791792939828,0.5600967731081459,0.8236533698766869,0.7865226428578422,0.5402847789125048,0.6342479470102388,-0.12405433686285405
park next,park next,-0.39196038127972,-0.16616329075400452,-0.6058929567344112,-0.21840716399952928,-0.5044147470809663,-0.4534851205784002,-0.46789600303765105,1.0000000000000002,-0.44382991793976584,-0.3055809166100457,-0.3480325291021575,0.20976291127264193,0.4925915247656042,0.6484261868335046,0.2094179580128028,-0.6591130537290193,0.46227743648502007,-0.1723828407250591,-0.48173436695133687,-0.08092628529675691,-0.30673842212675817,0.1114502026904686,-0.29372218539331935,-0.37225519114625055,-0.2090463987738855,0.6321911479777095,-0.6028912007682855,-0.414004954923649,-0.44097745397327687,-0.11059331673268073,-0.3987534562258483,-0.033204305274990666,0.041416776797022006,0.015245329621967889,-0.14694307843583446,-0.10451598327816236,-0.27572989016867033,-0.34436581492217405,-0.09189443487112184,-0.4583456038924654,-0.4577810039550649,-0.04287298737811543,-0.34111875790208857,-0.24371424886411172,-0.34701288431240107,-0.6467555266202003,-0.2831074042333816,-0.2437387058267189,-0.4008137859834529,-0.26969989542755446,-0.26784375500839863,0.04041071521903864,-0.14969336446585974,-0.28150940743685876,-0.16662359492648168,-0.09209879765204099,-0.1465220556979042,-0.35525528211068813,0.17039042388537792,-0.29447695931531187,-0.3407630819902047,-0.3669929425331223,-0.28278730191865614,-0.48916344491603825,-0.044292474319801815,-0.4164887161551401,-0.43380347846478456,-0.2796491715355882,-0.2795642336696949,0.35458454743691714
walk next to,walk next to,0.5988621770967719,0.5155089097661896,0.6698601988720898,0.7341386371931822,0.8897861510537657,0.9181678510825022,0.9390874712807572,-0.44382991793976584,0.9999999999999999,0.7188568894211319,0.874325809852532,0.23221517032495964,-0.052941932913833784,-0.09758871878774197,0.3545404339172663,0.6835917545827768,-0.00337472175160624,0.21255121175947564,0.6602213192242292,0.6843745590601628,0.929185657433021,0.11674098908410335,0.4964343570260536,0.7260309227432731,0.7644068014120721,-0.35727244084755827,0.7801030915197003,0.7713074443212043,0.5266051153191206,0.6883967125624016,0.5660884744694334,0.5340600305995928,0.4351465794959291,0.44537660577631877,0.5111891717779437,0.8280659967027021,0.7184425315160269,0.7873162930134122,0.6665588431019167,0.5969788394912571,0.625839034896874,0.38395140567819785,0.7374354561766293,0.7283162645599319,0.7779806690939003,0.5889452566017319,0.7983799954176746,0.6185164989653784,0.724784219707071,0.49223756078902126,0.7751104679920199,0.5508552142758003,0.4717071137396697,0.5626082090310526,0.4680367745299921,0.6216027303414718,0.7347268669050021,0.7112392041456507,0.12722754387720292,0.7504005036868431,0.7910667253125163,0.7349311970775074,0.4005985679743243,0.7838383091016375,0.5638150213015473,0.7870012527506698,0.7903717435220989,0.5407515439395293,0.6980969973890091,-0.0728670052114233
above,above,0.5466797014122108,0.4875437237021718,0.6804125407042894,0.7563314149490589,0.6491082043931983,0.6690386775135844,0.7123415420908896,-0.3055809166100457,0.7188568894211319,1.0,0.7645471180934466,0.14008437617290168,-0.047891864572498874,-0.08998375427384993,0.530634105543538,0.635386873275501,-0.037033306843657604,0.026237476391071792,0.6838895449818706,0.5699424071560024,0.6801729772309619,-0.004858091514429511,0.4477636883387058,0.9641638397965724,0.7531424012540522,-0.39663396768529635,0.7131233884225017,0.6369732678894003,0.4536188733312899,0.8438245672635201,0.5442539113985494,0.7466898058576131,0.5950236007079771,0.5395049611191205,0.4571442441331296,0.5804137532088574,0.6311474303924169,0.6678485784985965,0.6714035715787855,0.6385518488569297,0.556159237606145,0.4445591542242146,0.7068428254780962,0.5819695797019815,0.5642155210844159,0.40226551261567567,0.7778263164218325,0.7116644490941556,0.6774967648452392,0.7363817454458541,0.6738638746031248,0.40684700958390485,0.6666519072274578,0.4104524045661102,0.5280736677261607,0.6876578061791787,0.5710463710661324,0.452438170590493,0.09719340110143791,0.5683990139916535,0.7332341340442613,0.415830030951068,0.20497161147275267,0.6524284278028204,0.6447415046091557,0.6627534326591064,0.5322192043052921,0.5565146363831716,0.4662067550910272,-0.08264657255880843
behind,behind,0.561660880672611,0.5014715806979781,0.6739664073504397,0.7439334874886854,0.7448907745777792,0.8203807004260931,0.8768079998154272,-0.3480325291021575,0.874325809852532,0.7645471180934466,1.0000000000000002,0.22197313182374975,-0.05431610191045633,-0.012729222101334847,0.48670844014060044,0.6779074437366064,-0.03602811000089093,0.059844723912881786,0.6008162131279956,0.5966896674519915,0.8026812132321635,0.06695575684598885,0.45473180098175037,0.7150022074052761,0.7730219489396717,-0.40597256401611836,0.7664771059001825,0.7207580778899769,0.5101427906216456,0.7353092185655862,0.5606514216006774,0.655010227847049,0.5540320975740446,0.5515919892075021,0.5155170229576217,0.7293269528113786,0.6757097769485229,0.7642167778763177,0.720481282850276,0.5723728855503365,0.5636109576201508,0.33384963333723183,0.7141328621963333,0.6736412564020363,0.7339583040590881,0.6195836409185742,0.8534492819252576,0.6102250852394738,0.669387767099464,0.47001656853469154,0.7472876317043503,0.5130918430861262,0.5153935120553114,0.40564906417359403,0.4551824405329516,0.7063083529916947,0.7388599084621594,0.6011445381097603,0.0625836584613584,0.6591777443483661,0.8530882523828783,0.6319113514576665,0.3152688115665599,0.6795259383172203,0.5900306630813721,0.6649517318065603,0.75152008612828,0.44557646016643604,0.6742228618377498,-0.16187661276278498
stand behind,stand behind,0.31364903303950736,0.338611590122035,0.18831074597024047,0.19247913176334677,0.27067369031946553,0.36269201223985714,0.2247777705268655,0.20976291127264193,0.23221517032495964,0.14008437617290168,0.22197313182374975,1.0,0.8738239576611543,0.4367584758057835,0.4753797669184665,0.12123106904320967,0.8802141283435554,0.3909309237350794,0.035900825701316974,0.6448894531253976,0.25094539837681523,0.9239261378088187,0.340397418469432,0.06938164855997853,0.3176603657876558,0.5810471464337704,0.21454468071337002,0.32047224666476304,0.3149972205996353,0.2359344926570617,0.36477794717596557,0.312713987242319,0.3737304869672191,0.4548086679736538,0.5702636414742669,0.27891754264831053,0.3572450998765464,0.3514648514977744,0.6601166968810269,0.21472822269786615,0.22385910104249995,0.7573352666453815,0.06739642846564109,0.34006243359552774,0.19088177509764565,0.2265156162667844,0.18589133839758426,0.05501286277932569,0.09765394459624216,0.14951875934661626,0.18384249374572342,0.6727473767895021,0.46731418041851913,0.3775939843605348,-0.04796593467629562,0.5035886590883591,0.5606472115264671,0.1516816278246486,0.9108433851244764,0.33139091071050414,0.28297059250033574,0.518216905488146,0.44844424459562,0.12407796066497316,0.700243891268452,0.35768942462549713,0.15813424244964117,0.17694281866248388,0.36159493279850546,0.7020857913435923
sit behind,sit behind,0.23159856487295968,0.16678206913551144,-0.021480173019718697,0.006679425046836017,-0.024322412170529,0.06548643328873847,-0.06455617315471678,0.4925915247656042,-0.052941932913833784,-0.047891864572498874,-0.05431610191045633,0.8738239576611543,0.9999999999999999,0.6300981467015452,0.4347190132165125,-0.10630441685268406,0.9437021307830431,0.48782849698591674,-0.1261593743492429,0.48744812136528515,0.005473872040988447,0.8163823384139421,0.31575248967484704,-0.1291764919916476,0.09418384629198986,0.8374018522667356,-0.05631470341575192,0.059390573528676896,0.23490387599746174,0.060102887797106014,0.2664064400913634,0.17207802142324055,0.35958271148047183,0.39463437775536353,0.3907333111368095,0.09440757537840146,0.1577039612249261,0.06990717528159981,0.4137824523563369,0.00886268309611721,0.13696122462802,0.5749196466977103,-0.15304995319886094,0.12450855476870608,-0.014818839309339504,-0.04993180969300745,-0.044003075317088074,-0.04414718855382785,-0.07522167353891224,-0.049288252951834206,0.049243022563139525,0.5623077532395012,0.2547872479536401,0.11218807468407571,-0.04042860383526223,0.2906531143227274,0.35055452755005084,-0.052453962650770423,0.893975555557802,0.09881000831424148,0.032628729471443754,0.20263263571109613,0.28115631916729905,-0.1083141778859754,0.483855766861636,0.09133632011300184,-0.11962727239021236,0.020853356175061778,0.17670629852085812,0.8360822875235299
park behind,park behind,0.19802136558675965,0.010472804405104908,-0.08356546016463427,-0.024849627744340876,-0.1317412807491733,-0.10038499903450296,-0.10547223527084236,0.6484261868335046,-0.09758871878774197,-0.08998375427384993,-0.012729222101334847,0.4367584758057835,0.6300981467015452,0.9999999999999998,0.40744329010254954,-0.1537715760817561,0.6444591908437839,0.22327065946565497,-0.19798717772150107,0.1808228279665608,-0.015280161086459338,0.3534402363388546,0.35000860221102936,-0.11657138317482352,-0.016852134686928814,0.6546113150740527,-0.15974034081591604,-0.09377750255701134,0.20454170368086488,0.006030969965305935,0.19767448415262215,0.11755812360375367,0.26289572404040495,0.26456448369237934,0.0900197874245457,0.20277264695907937,0.12486650333809281,-0.07229873688128513,0.1372613528506293,-0.10306315195162323,0.08733097611640747,0.2600708919270904,-0.036873594297505204,0.030077052579618582,0.021424664113633533,-0.2483282788412391,-0.05330114819892287,-0.036354137258718104,-0.18347849269987568,-0.049257763325624905,0.06447851293235884,0.3006379304626991,0.10149228168728668,-0.029979778337036793,0.12561478416252367,0.048685058321224314,0.1986470363751148,-0.09065034587312651,0.4429535831013197,0.06641865581085947,-0.09773126119860695,-0.04254506566739104,-0.018927644580371515,-0.20496025447398838,0.183008538609424,-0.11140192472645571,-0.08040497218208191,0.02551388303061741,0.07421359992244343,0.5343919985230302
in the front of,in the front of,0.485417792168519,0.35411736968600604,0.4515454884302443,0.6875469593729303,0.25670357350432554,0.41396560284714506,0.39712492550576733,0.2094179580128028,0.3545404339172663,0.530634105543538,0.48670844014060044,0.4753797669184665,0.4347190132165125,0.40744329010254954,1.0000000000000004,0.32782253766011143,0.35468107584844155,0.10273269096334947,0.45393067728146863,0.6587831354708189,0.36827782897674144,0.39568677291055887,0.47787329707274867,0.4315959361693762,0.7086139340438323,0.14644677599583925,0.41151050357640145,0.34506730551432535,0.4121637075711577,0.6579255960344628,0.4918097030123805,0.8727967177730895,0.7810987512759603,0.6577959084708465,0.6257941219228392,0.5079171327618739,0.4058366136664406,0.3166499724618472,0.7448081021729527,0.32915493144838387,0.47555535995668147,0.5607994654030558,0.2232287455832976,0.24413689763317056,0.26541039651855436,0.12263200899829618,0.5685655767004045,0.6603045249341908,0.38036675477219667,0.35288206301572234,0.4582871736350487,0.6551952607494773,0.6549597204317296,0.2247356948737083,0.5259833101471172,0.7686042075675593,0.4588731429847008,0.1278039343089692,0.3991998576345357,0.31113611250621737,0.32747185251831346,0.3295687471687992,0.30400009316834714,0.3592850259810903,0.7142364752536626,0.23448499391041844,0.22407366899642242,0.3138361774943966,0.2950944741521338,0.29687867182015704
under,under,0.7593265901429226,0.499603732044412,0.8345226373036186,0.5755059128876873,0.7026481726448403,0.7186863869119972,0.7585915395200631,-0.6591130537290193,0.6835917545827768,0.635386873275501,0.6779074437366064,0.12123106904320967,-0.10630441685268406,-0.1537715760817561,0.32782253766011143,1.0000000000000002,-0.0876359570568713,0.30502454635970755,0.6376050208242302,0.3768436398703961,0.5203739018848386,0.12840359698649256,0.6525450458156216,0.6398362391453692,0.5754869873338601,-0.41531023799013006,0.8310565829077269,0.6766025729703536,0.7520969490246691,0.5152939784753388,0.7461876693882589,0.4407759355715712,0.4493288010088856,0.4344316175791689,0.5017802495236239,0.5075753980672224,0.6472113925401234,0.59153821093026,0.5235346816131958,0.7535624873855783,0.7123288347765427,0.39570274331752003,0.6442121392732492,0.52634551324545,0.6535143480987552,0.7542535562611958,0.6247910425038412,0.5621023267189754,0.6001269378840123,0.5280084209165467,0.6001496184836353,0.39540266553756037,0.3541828787323879,0.41905995130986523,0.515973198727477,0.46132450499963484,0.5405218207307002,0.47076664306093124,0.11342401581795623,0.559968355009439,0.6373595442772884,0.5667824661236205,0.4329409254904213,0.673335726831346,0.4594820953350018,0.6993177891941872,0.5852389942850988,0.4666566591048501,0.4107702739386171,-0.05452648793482831
stand under,stand under,0.239447049401632,0.15111566076440017,0.0032128207541926366,-0.018062940554932357,0.06807640876335071,0.11266652941000346,-0.002820571353236611,0.46227743648502007,-0.00337472175160624,-0.037033306843657604,-0.03602811000089093,0.8802141283435554,0.9437021307830431,0.6444591908437839,0.35468107584844155,-0.0876359570568713,1.0000000000000002,0.47022953449213445,-0.16592453597457021,0.4671524279162905,0.04912291692834872,0.8081147875335405,0.30415407480208473,-0.10130180903610257,0.07668688239786003,0.8025969224863584,-0.0434758839261621,0.1266553403762325,0.22536272368717175,0.04331310757516902,0.2532161023704013,0.10473449563788442,0.29644439645682097,0.36919202428350223,0.3562971671078755,0.17385126936639236,0.20440271011212474,0.18007996388106154,0.4308071009023128,0.07902825219060315,0.10636861501146876,0.6188311095030666,-0.017960107360616477,0.2385508526250117,0.0874576284934217,-0.04709301320344942,-0.023970772739141954,-0.07697090885840426,-0.07749260395015667,0.04425499803012682,0.06934919876598103,0.5459941317093738,0.2496555558977373,0.22911920126545054,-0.020506536353450865,0.22149646040476917,0.3856431343234437,0.08276824161533264,0.8751619084719909,0.16484403966663125,0.061379730890231396,0.2963488093839037,0.22679362684198434,-0.04675692179755127,0.48328038089769215,0.205961731573419,-0.03513783733654116,0.10827444202938921,0.17496463963286693,0.8254918992403407
sit under,sit under,0.4970525508201209,0.07462769146317229,0.2830412500287281,0.09386946197034655,0.19978317093744238,0.32913055558124593,0.242884382736207,-0.1723828407250591,0.21255121175947564,0.026237476391071792,0.059844723912881786,0.3909309237350794,0.48782849698591674,0.22327065946565497,0.10273269096334947,0.30502454635970755,0.47022953449213445,1.0000000000000004,0.18471921523278095,0.35471975456010457,0.13544222613184115,0.3932003191295916,0.4962417254720088,0.039090670952837824,0.08337370824901286,0.39137051812638046,0.27480725402558936,0.3799104005513961,0.47576934817840544,-0.08205085084429718,0.44084681367775436,0.010442522649255558,0.21957674228884883,0.25864549441556195,0.4283858566448446,0.1451734671136776,0.2694058737444217,0.1340155343174436,0.250568094808934,0.19208388577625599,0.42479666876143957,0.2560601602453378,0.06485799265184047,0.19702233139074507,0.2505044258622774,0.30708658096227864,0.015780707082795366,0.18038848894102977,0.15694748151289611,-0.07877367680025399,0.327509389541182,0.42625440611771304,-0.009215465889777136,0.08033463468554425,0.34388671847409785,0.02535000081028205,0.261209531838987,0.27773926781190794,0.47641957395367335,0.14969586070076107,0.0961102670955112,0.30110801039200885,0.3054533281093727,0.19587888292170172,0.18437919228222768,0.27801438969071723,0.13262623325802095,0.09872981975925568,0.37770277883646847,0.45711462784202384
near,near,0.5625145113668502,0.31974838799071176,0.6094241360129854,0.7701200436046929,0.5998795729669978,0.5757479971673903,0.6111552874173997,-0.48173436695133687,0.6602213192242292,0.6838895449818706,0.6008162131279956,0.035900825701316974,-0.1261593743492429,-0.19798717772150107,0.45393067728146863,0.6376050208242302,-0.16592453597457021,0.18471921523278095,1.0,0.4804533903299891,0.6428381865078201,0.01738343701776055,0.5161590252877009,0.6514921822336759,0.7493345412278143,-0.342701944555961,0.6742061955748905,0.49800260310699446,0.44447089525182887,0.7363339717494212,0.47121187401376746,0.6702505243707627,0.44261609046141764,0.3417555038311027,0.2940789788270228,0.5634645153159852,0.4600380508782901,0.47814646792209187,0.48507993697343177,0.4782743195788971,0.699998432269745,0.29159582281999435,0.4673006183814381,0.38414586179370724,0.5101908292041928,0.48942610312238516,0.7080947497725482,0.8161173193969474,0.691937044845464,0.4307356985473773,0.6459197494004044,0.34756923802797934,0.42250676093104,0.37278366412682024,0.670168146100546,0.5951589581035139,0.4468567448238842,0.37325158760201266,0.029008750687336507,0.5480092661992393,0.5259796801350117,0.35365289760306323,0.3986239355231192,0.742776997601406,0.4270026908839553,0.45786275595523984,0.49389503757381426,0.4713583845643847,0.3807995968481935,-0.0871323202024283
walk to,walk to,0.5451084271852837,0.4354477682094446,0.5031070804942144,0.5886451484377908,0.638157148197638,0.7169016910155401,0.6112192866283572,-0.08092628529675691,0.6843745590601628,0.5699424071560024,0.5966896674519915,0.6448894531253976,0.48744812136528515,0.1808228279665608,0.6587831354708189,0.3768436398703961,0.4671524279162905,0.35471975456010457,0.4804533903299891,1.0000000000000002,0.6838310944057943,0.5560790756455241,0.4766628656760595,0.5202886351389723,0.6611353302310462,0.1479779651576712,0.6207739459156186,0.5786746368175981,0.4469329483908858,0.5677958494618262,0.5387929534739514,0.5881732880370624,0.5480569537825631,0.5624553518639958,0.6891832278682452,0.6607615882746978,0.5968859986806737,0.567976543276183,0.8294419804662553,0.4413784464853315,0.5759008061614463,0.6171325848489868,0.3693332784883293,0.48745175875634106,0.44702285816041776,0.37270399764769785,0.5647088255540109,0.5409626295418766,0.5840690012271073,0.36125982032388637,0.6465948395768766,0.8532343147726636,0.7071636113135491,0.4201425549283485,0.3908445177227745,0.7058402821716657,0.7161176951241566,0.44255766505429817,0.6033130310151403,0.49453950416553005,0.5301389330263209,0.6750353863062948,0.4338905770328046,0.5479557738791747,0.7602348133519392,0.5547243921418348,0.4972156692859636,0.412129668785112,0.6344199055779352,0.3348015782555781
walk,walk,0.5292912381804125,0.4720227600107333,0.5692036324682695,0.7343974267651939,0.7585125640032605,0.7832214587220397,0.7944360031000806,-0.30673842212675817,0.929185657433021,0.6801729772309619,0.8026812132321635,0.25094539837681523,0.005473872040988447,-0.015280161086459338,0.36827782897674144,0.5203739018848386,0.04912291692834872,0.13544222613184115,0.6428381865078201,0.6838310944057943,1.0,0.1273027871270161,0.4663316872339429,0.6553791095975396,0.7749909351197102,-0.2523013680908763,0.6559719888214662,0.6721698492279533,0.4537560097140343,0.692362216109218,0.5129019079495957,0.5462797347545367,0.38052133792832527,0.3731523825475878,0.45426443014948464,0.81389280828765,0.626367943256914,0.7311469429899776,0.634009921976717,0.5056945244962882,0.5778962977487229,0.38155120585008545,0.6736867808896746,0.6845621962252397,0.6754967013245593,0.4628244882374413,0.7678082876518028,0.6171040799880714,0.6724007479104179,0.443045588347669,0.717677749108684,0.5265082649177005,0.4824162063586818,0.5659763305769977,0.4657201848386312,0.6328857980804409,0.7117908431981046,0.643942050265665,0.13736475703657022,0.7289088773044423,0.7529081925463333,0.6680301002217998,0.32441571054308727,0.723171779809751,0.5561353222975258,0.6770582500206213,0.688716909978634,0.5417733138783766,0.6681588133284935,0.017786749135892004
walk past,walk past,0.31675440845763037,0.3130871256308498,0.1961177309982313,0.0910228750385767,0.18270835285281234,0.2797736941848367,0.11583843705902336,0.1114502026904686,0.11674098908410335,-0.004858091514429511,0.06695575684598885,0.9239261378088187,0.8163823384139421,0.3534402363388546,0.39568677291055887,0.12840359698649256,0.8081147875335405,0.3932003191295916,0.01738343701776055,0.5560790756455241,0.1273027871270161,1.0,0.36763893933710173,-0.04423290159322901,0.2162735642744454,0.5749984091534325,0.19633428885055218,0.23673118551046493,0.3193528531070589,0.08943028863918062,0.36213741232805563,0.1848081430868055,0.28105024643781584,0.3192873755824359,0.5401799004778692,0.1373923795517014,0.2946304301544894,0.24333447342178696,0.5362749059468519,0.21047960254294257,0.24160883273950476,0.7495756029940702,-0.04528577264728979,0.22014683376851307,0.1400116956189299,0.24090150667483762,0.08437524170606162,0.006996045775086752,0.10883790906971925,0.14099096898209598,0.05097221748638778,0.5549928925961045,0.371051565352609,0.3863934849392885,-0.04947762462475591,0.40015181902425156,0.40074406694528597,0.12156897573279736,0.8870722934220078,0.2483934481572909,0.14846629459229552,0.4835688851610264,0.44372330065385757,0.1522578455043001,0.5787848047929373,0.29196660573308736,0.034895216098813936,0.19310090716498046,0.1564529291528201,0.6807523050264245
in,in,0.9077252261081497,0.3611042836695731,0.7419989630744322,0.43063390651689726,0.5036135379970444,0.5042674839985295,0.508141166030159,-0.29372218539331935,0.4964343570260536,0.4477636883387058,0.45473180098175037,0.340397418469432,0.31575248967484704,0.35000860221102936,0.47787329707274867,0.6525450458156216,0.30415407480208473,0.4962417254720088,0.5161590252877009,0.4766628656760595,0.4663316872339429,0.36763893933710173,1.0,0.46211682876502097,0.4587339668376986,0.17908762933166,0.6058966425091727,0.45937375523260854,0.8958751331529272,0.4071198996625907,0.8991445421626676,0.43449044860693126,0.5619729885165331,0.5146916190112494,0.4090339008897964,0.42935154881275833,0.41839856038805245,0.42895797545556247,0.4261533761349929,0.43907933376978375,0.8779526111303136,0.465006478575707,0.4450903008236046,0.42102574321080993,0.48583051122807036,0.46357950420576194,0.44145698752976753,0.43858663303507267,0.424610220531747,0.3625436635850482,0.4171111192947792,0.4534143510958037,0.4033200530442229,0.3836951239345202,0.5046678495557164,0.4451732578462677,0.4041578674569514,0.40951881451472144,0.4282167357945986,0.42073858831434535,0.4486860114384699,0.4691478980135506,0.4604369823417075,0.5150917661297139,0.47058116051787824,0.4340729154858819,0.40177245411681123,0.4073319700011858,0.35752176152447757,0.4174216206242336
below,below,0.5362693862513475,0.4840690338701443,0.6604779612804889,0.6675880654598787,0.6770979487928637,0.6741042298058199,0.7175048026367757,-0.37225519114625055,0.7260309227432731,0.9641638397965724,0.7150022074052761,0.06938164855997853,-0.1291764919916476,-0.11657138317482352,0.4315959361693762,0.6398362391453692,-0.10130180903610257,0.039090670952837824,0.6514921822336759,0.5202886351389723,0.6553791095975396,-0.04423290159322901,0.46211682876502097,1.0000000000000002,0.6628945916973334,-0.4410914593628646,0.7159643803808067,0.652118366916309,0.43708020786068236,0.7540964255488435,0.5209802748621579,0.6473753004848103,0.5591196595056934,0.531899605418021,0.4244893441921634,0.5456027645218587,0.637356531330288,0.6167435819233781,0.5936278100768128,0.6381002649462155,0.5511667852542009,0.4137232911169987,0.7033624470631171,0.5612083614400095,0.559333938294902,0.4256761911388833,0.6995873979724716,0.6428394704778317,0.6820878080468784,0.7505747358634767,0.626179369833718,0.3506098089244626,0.6158325065936787,0.40985281883810143,0.5060040445869028,0.5980302341774915,0.5014379881505893,0.44387296731908626,0.03474078280387946,0.563449390940914,0.6777856753462116,0.42399500269281926,0.16143310594132534,0.6680588254884937,0.5558803758833545,0.6816678798939689,0.5426348132284076,0.5547456053624261,0.44151288271939576,-0.12175263869994099
beside,beside,0.5205987173226688,0.47810033171565186,0.622139336646245,0.9641549308331431,0.6199502064135021,0.7499216835509586,0.7595656883397112,-0.2090463987738855,0.7644068014120721,0.7531424012540522,0.7730219489396717,0.3176603657876558,0.09418384629198986,-0.016852134686928814,0.7086139340438323,0.5754869873338601,0.07668688239786003,0.08337370824901286,0.7493345412278143,0.6611353302310462,0.7749909351197102,0.2162735642744454,0.4587339668376986,0.6628945916973334,1.0,-0.24512160602587568,0.6195285846573211,0.6541946015836533,0.4466273249251686,0.835278274893562,0.5007132597254284,0.8570104973290879,0.6217001019764691,0.5155307930161238,0.6110449476782106,0.7143283527982628,0.568026409994938,0.695370497689149,0.788474898728216,0.5009624358418316,0.571730079196137,0.47621722069327516,0.5467693516540771,0.5270357308783028,0.6179577694902599,0.34586106674881767,0.8329038654194652,0.8484323923535246,0.6309871842814746,0.48378503851901067,0.6377879467289426,0.5103621054639436,0.6035303936385701,0.5085095031915648,0.5707807452814762,0.8333569609425215,0.6025202876655466,0.512896921200569,0.16835896082571744,0.591518748932242,0.6794636338502344,0.5333317966341717,0.38025389739970455,0.7133953494486494,0.691769485697707,0.611165961049946,0.5009268834576563,0.4879348456357225,0.43561695362231184,-0.029672716323355327
walk beside,walk beside,0.033308186997443014,-0.18644453212620288,-0.33597852890768604,-0.3105820059961149,-0.33198629618066605,-0.2886615004484206,-0.40165795701742557,0.6321911479777095,-0.35727244084755827,-0.39663396768529635,-0.40597256401611836,0.5810471464337704,0.8374018522667356,0.6546113150740527,0.14644677599583925,-0.41531023799013006,0.8025969224863584,0.39137051812638046,-0.342701944555961,0.1479779651576712,-0.2523013680908763,0.5749984091534325,0.17908762933166,-0.4410914593628646,-0.24512160602587568,1.0,-0.4057702839802282,-0.29164331762685763,0.02859566149625244,-0.25723615691885143,0.022569302597353874,-0.1341971873561245,0.09140823091720744,0.1548997991701439,0.015347392477551016,-0.17152064527355554,-0.27832037748948024,-0.2866509952720894,-0.011090339262499162,-0.4146407440105192,-0.03703006629795654,0.2002951757221759,-0.39934026137404305,-0.1836102219965652,-0.30545417143544845,-0.32441464960226324,-0.4033390446876356,-0.3112408329912661,-0.38027457094071754,-0.3667784192775078,-0.2627489427055001,0.2843158221448224,-0.07275380879706116,-0.15076143614088003,-0.1614834249899473,-0.0689991042143022,-0.0561381875730032,-0.23864821094207825,0.6595604698959744,-0.23123475027673265,-0.33799223178784493,-0.09373031046700445,0.12575368001065057,-0.38017170729876015,0.10284180925738358,-0.25523759259936857,-0.3292664196893444,-0.2710286085366695,-0.09428636611274765,0.7949266074006275
over,over,0.7566280814733909,0.488521984742937,0.8374632284291395,0.5770284888759343,0.7546798800181008,0.7774920346312812,0.7856064052468829,-0.6028912007682855,0.7801030915197003,0.7131233884225017,0.7664771059001825,0.21454468071337002,-0.05631470341575192,-0.15974034081591604,0.41151050357640145,0.8310565829077269,-0.0434758839261621,0.27480725402558936,0.6742061955748905,0.6207739459156186,0.6559719888214662,0.19633428885055218,0.6058966425091727,0.7159643803808067,0.6195285846573211,-0.4057702839802282,1.0,0.730138200318792,0.6850932119203917,0.6302137536789568,0.7487925898731582,0.5252737231255701,0.40176346949024655,0.38542696458938486,0.5620417563040643,0.607516150551217,0.7161308722325579,0.6645754197233188,0.6762969351952781,0.737429303986517,0.7183109491013032,0.48875810314081186,0.6877491638735598,0.6064123414800223,0.6851489750909096,0.7779030463729365,0.709878974373505,0.5719505804145084,0.8091717764168633,0.6056664697842287,0.6855514968323262,0.5519394151026601,0.5411852817404561,0.4835785430970647,0.5355285908006641,0.6211675658739383,0.6492939802564838,0.5846407780596224,0.20574000612513338,0.6213741022124364,0.7195404019311556,0.6815535432436127,0.45149202173957703,0.7293333681470748,0.6344148687392267,0.6583052035522682,0.7477781212302075,0.5940588825889522,0.5719896865815869,-0.048227856922654834
hold,hold,0.5380647404685107,0.669094436554382,0.5758641130068282,0.6111171818341473,0.7502402264751247,0.8964732111201364,0.8533685913223535,-0.414004954923649,0.7713074443212043,0.6369732678894003,0.7207580778899769,0.32047224666476304,0.059390573528676896,-0.09377750255701134,0.34506730551432535,0.6766025729703536,0.1266553403762325,0.3799104005513961,0.49800260310699446,0.5786746368175981,0.6721698492279533,0.23673118551046493,0.45937375523260854,0.652118366916309,0.6541946015836533,-0.29164331762685763,0.730138200318792,1.0,0.46028900010765306,0.49264466743836716,0.5297636920924655,0.43116919774499357,0.45856863370172285,0.511269776114338,0.7504580467380105,0.6066622891131443,0.7550965928576923,0.7215227388119414,0.735519936844569,0.6583038952580441,0.5454748939715722,0.4757951697256852,0.6455053569991025,0.6926577016757018,0.7278242926717705,0.6413697535786254,0.6783331267368384,0.5006116379958765,0.6417650974514327,0.5426498594891537,0.6691689923648313,0.5570222313330885,0.36330462026702676,0.5809094462619614,0.3921057877527953,0.508349227264106,0.6938422149907771,0.6727170890354548,0.21016621732919408,0.6032114793762409,0.7378134205193717,0.7447176672222778,0.3391000246718206,0.7053123121678078,0.5564875421868157,0.789759692292359,0.6134237569641375,0.47557490306718936,0.6019248226995167,-0.0019783353337582046
by,by,0.9194799689615025,0.31688835525698983,0.8169700857092471,0.40173807553686464,0.5233288955915888,0.5420946567355208,0.5634064068579125,-0.44097745397327687,0.5266051153191206,0.4536188733312899,0.5101427906216456,0.3149972205996353,0.23490387599746174,0.20454170368086488,0.4121637075711577,0.7520969490246691,0.22536272368717175,0.47576934817840544,0.44447089525182887,0.4469329483908858,0.4537560097140343,0.3193528531070589,0.8958751331529272,0.43708020786068236,0.4466273249251686,0.02859566149625244,0.6850932119203917,0.46028900010765306,1.0,0.39238098251216685,0.9509655545128136,0.39726622632551156,0.5071455571710057,0.4631234195769799,0.411739932740349,0.419578254821757,0.46937239448394086,0.5010639777302627,0.4325399817446628,0.5320569347520029,0.8037657514795488,0.4737338241654699,0.5323795452097321,0.44526065619686495,0.5151492176756818,0.548727304349715,0.4539360658332291,0.3981959370412476,0.4402058589330325,0.3921531146014951,0.45579950010345377,0.45395917416869674,0.41678735819463303,0.37600678786985364,0.4241674586099651,0.4295144471028587,0.4742694818988354,0.41821944002844985,0.4053708087964254,0.4697749479247611,0.5078552781963358,0.49108879461358523,0.4525143099283551,0.45688083897404386,0.4923594337146998,0.5089886999331266,0.5165788841093395,0.4352306223221862,0.4370048734923683,0.2961985900754493
beneath,beneath,0.5184387553352923,0.4766749513715822,0.5900432810910398,0.7984036457498954,0.6145331093962825,0.5934130594117468,0.6485241549712829,-0.11059331673268073,0.6883967125624016,0.8438245672635201,0.7353092185655862,0.2359344926570617,0.060102887797106014,0.006030969965305935,0.6579255960344628,0.5152939784753388,0.04331310757516902,-0.08205085084429718,0.7363339717494212,0.5677958494618262,0.692362216109218,0.08943028863918062,0.4071198996625907,0.7540964255488435,0.835278274893562,-0.25723615691885143,0.6302137536789568,0.49264466743836716,0.39238098251216685,1.0000000000000002,0.49048836138402147,0.8632000141198795,0.5722822084912192,0.4555615109164449,0.4116828238204338,0.6794648907415725,0.5439148780733689,0.6348936281649769,0.6765266959732745,0.5026557295343759,0.5003367107395289,0.4855760902865781,0.6289084971463837,0.5470118579750044,0.5498481419170818,0.3235274312810109,0.8220353928180438,0.7206355948814472,0.640687264872952,0.5836770203257601,0.6055406444990352,0.4414040684233773,0.6352228576282261,0.46136017971095766,0.5237906940099227,0.8369688705279157,0.5931371069330325,0.4240052053046315,0.16924518809175004,0.6201820387965353,0.7319082562596639,0.3614418441081765,0.35947344575788887,0.5790161708847682,0.7198854785379342,0.5207057135996371,0.5453958142147395,0.5605566772684656,0.4103850557069477,0.014929147494815628
with,with,0.9554492775997095,0.4498747079861507,0.8513875010547268,0.4486490102290325,0.5703429032358311,0.5914113563030035,0.5871636656625103,-0.3987534562258483,0.5660884744694334,0.5442539113985494,0.5606514216006774,0.36477794717596557,0.2664064400913634,0.19767448415262215,0.4918097030123805,0.7461876693882589,0.2532161023704013,0.44084681367775436,0.47121187401376746,0.5387929534739514,0.5129019079495957,0.36213741232805563,0.8991445421626676,0.5209802748621579,0.5007132597254284,0.022569302597353874,0.7487925898731582,0.5297636920924655,0.9509655545128136,0.49048836138402147,1.0000000000000004,0.49110323207609735,0.5423886859396437,0.4894835899857151,0.5204980528920031,0.474883667261601,0.5218168182729672,0.5465013087717343,0.5413793815095183,0.5868696545102927,0.8448955371113147,0.565887469137291,0.561264637219627,0.5501727633965546,0.5389854574560872,0.5817522400880046,0.531457401791021,0.4211662434269728,0.49757319717545323,0.45789033349406016,0.5011869771908771,0.5266692852240551,0.4625816308916122,0.4568613957915245,0.4628291212251564,0.5524234381691122,0.5503415174963279,0.4853612975269099,0.46073831839328233,0.5251600775437647,0.5988383208347411,0.5699411249429006,0.49896036220942996,0.47603670615323573,0.6039793338074463,0.5218799895535523,0.5298782522959323,0.5242192565185545,0.49083764481871006,0.3568706022024623
on the top of,on the top of,0.48980397042669754,0.373291417183218,0.5747791342947149,0.8356317127312803,0.39494138258090494,0.5129483700304405,0.5429238531915362,-0.033204305274990666,0.5340600305995928,0.7466898058576131,0.655010227847049,0.312713987242319,0.17207802142324055,0.11755812360375367,0.8727967177730895,0.4407759355715712,0.10473449563788442,0.010442522649255558,0.6702505243707627,0.5881732880370624,0.5462797347545367,0.1848081430868055,0.43449044860693126,0.6473753004848103,0.8570104973290879,-0.1341971873561245,0.5252737231255701,0.43116919774499357,0.39726622632551156,0.8632000141198795,0.49110323207609735,1.0000000000000007,0.7312958009452634,0.6029628459904651,0.5594952318587244,0.569031971042971,0.40763200847169956,0.46130950631740614,0.733598419630395,0.3708502890102341,0.5031147029195918,0.4861407157299642,0.3907061335171899,0.37866724832683724,0.36589579700843355,0.2184414666099431,0.7121349624871638,0.7825607402282705,0.4979808239641209,0.42960588851494463,0.5409032897914201,0.49153267822249475,0.6888091523765026,0.3038855751710171,0.5778844253839932,0.8841771330737878,0.47823096213388355,0.24675204790988883,0.2085366946505058,0.4566682420018651,0.5161442069709176,0.33562021821953236,0.32179296835587984,0.47796617286643134,0.7206730431576568,0.34675571481258943,0.3898216957761653,0.40371586154273864,0.38916969698402976,0.0943295634364105
on the left of,on the left of,0.5447839836619064,0.4178614065071183,0.5055616817739245,0.5978672269594736,0.3478073152156812,0.5015518640513917,0.5183847778436487,0.041416776797022006,0.4351465794959291,0.5950236007079771,0.5540320975740446,0.3737304869672191,0.35958271148047183,0.26289572404040495,0.7810987512759603,0.4493288010088856,0.29644439645682097,0.21957674228884883,0.44261609046141764,0.5480569537825631,0.38052133792832527,0.28105024643781584,0.5619729885165331,0.5591196595056934,0.6217001019764691,0.09140823091720744,0.40176346949024655,0.45856863370172285,0.5071455571710057,0.5722822084912192,0.5423886859396437,0.7312958009452634,0.9999999999999999,0.9311064873844016,0.5393590375540945,0.44333739456077725,0.43402985188356247,0.39936802792212905,0.6388233216163728,0.3862352669763672,0.5364333484098744,0.44896874673038806,0.3014896155748032,0.3838702487042002,0.35267511574606003,0.257789236423236,0.5329941890545397,0.5506300210788003,0.42693640187930737,0.30143167950204147,0.4773390660656167,0.5845522527886913,0.5067985637178034,0.15625050805024426,0.46325879837615797,0.650265143454598,0.468048052146922,0.2139797881606497,0.31281590945490867,0.3877193778117453,0.4418789900632466,0.3551016643678751,0.16186386176059334,0.4650944973964142,0.5042441987093834,0.41339541151378445,0.31327737193103933,0.24127497140562698,0.36469499556433604,0.25183064300812913
on the right of,on the right of,0.4977732944757932,0.39257082352184247,0.40664572786627856,0.4668644086610389,0.3833459400366316,0.5263696210433138,0.5135832788629918,0.015245329621967889,0.44537660577631877,0.5395049611191205,0.5515919892075021,0.4548086679736538,0.39463437775536353,0.26456448369237934,0.6577959084708465,0.4344316175791689,0.36919202428350223,0.25864549441556195,0.3417555038311027,0.5624553518639958,0.3731523825475878,0.3192873755824359,0.5146916190112494,0.531899605418021,0.5155307930161238,0.1548997991701439,0.38542696458938486,0.511269776114338,0.4631234195769799,0.4555615109164449,0.4894835899857151,0.6029628459904651,0.9311064873844016,1.0000000000000002,0.539395597113075,0.4059193493703263,0.39830317480678235,0.3682766195820722,0.65502673094273,0.33565984816702066,0.4898041086187485,0.41504092540151355,0.2763030635454476,0.3992831462821005,0.29392821435419275,0.3431948409056312,0.4044130961803144,0.39710507037547554,0.34127254069416557,0.21684645526047025,0.4529842323998725,0.6576655814540869,0.47675291062716274,0.09265962046377525,0.340823374055758,0.5809805432194056,0.5058266795873689,0.15744847346491403,0.36348983553582587,0.34175086894976947,0.4189361416662764,0.43508325169421674,0.1706818738753035,0.3885010421956916,0.4912311025825919,0.4548718676517762,0.3467128000258691,0.08984927742488268,0.4609559769955076,0.30182829771435443
sit on,sit on,0.4762537550591824,0.5874255714795459,0.4920461950331602,0.5559994882796654,0.444244027090308,0.703728672624449,0.579273809346004,-0.14694307843583446,0.5111891717779437,0.4571442441331296,0.5155170229576217,0.5702636414742669,0.3907333111368095,0.0900197874245457,0.6257941219228392,0.5017802495236239,0.3562971671078755,0.4283858566448446,0.2940789788270228,0.6891832278682452,0.45426443014948464,0.5401799004778692,0.4090339008897964,0.4244893441921634,0.6110449476782106,0.015347392477551016,0.5620417563040643,0.7504580467380105,0.411739932740349,0.4116828238204338,0.5204980528920031,0.5594952318587244,0.5393590375540945,0.539395597113075,1.0000000000000004,0.4098115133362492,0.5635510440832204,0.4399097948605623,0.8327181448395194,0.47866156026319273,0.4088517512412159,0.6270538010517099,0.2688877648939978,0.39554475949606654,0.40924973653148594,0.4810966304455746,0.48401851004469015,0.47794374003212364,0.42430476764778774,0.35757559902722214,0.4403757161849304,0.686562008218447,0.494770491478332,0.40489265568280125,0.38240450741151555,0.6409116380737768,0.552359890266627,0.36034005994170915,0.44892006551060754,0.3421375227347822,0.49766322485544295,0.647491340716196,0.41308498484606404,0.4428519347199286,0.7098814598133295,0.5182363238204089,0.2969033418797006,0.3171862989970284,0.46350794519830807,0.2611984147384493
ride,ride,0.5231117356324604,0.53026234198509,0.535289419696606,0.6949917946605163,0.7489512484873199,0.73346407758571,0.7901079985683974,-0.10451598327816236,0.8280659967027021,0.5804137532088574,0.7293269528113786,0.27891754264831053,0.09440757537840146,0.20277264695907937,0.5079171327618739,0.5075753980672224,0.17385126936639236,0.1451734671136776,0.5634645153159852,0.6607615882746978,0.81389280828765,0.1373923795517014,0.42935154881275833,0.5456027645218587,0.7143283527982628,-0.17152064527355554,0.607516150551217,0.6066622891131443,0.419578254821757,0.6794648907415725,0.474883667261601,0.569031971042971,0.44333739456077725,0.4059193493703263,0.4098115133362492,1.0000000000000002,0.7133849384669991,0.7437630304469985,0.645523605948528,0.59888068828813,0.5339665270457687,0.4324956043894914,0.6893891389969494,0.7536085285653408,0.7383125038611882,0.34253123405727365,0.7645398408678056,0.6200891121101019,0.6132025335526539,0.42855147325990584,0.8363170491481373,0.6015355898358572,0.41683355894020757,0.5748177849943787,0.5337623524755778,0.5940519160437175,0.7836272739627922,0.6696510124884664,0.19947102088380486,0.7707029753951705,0.6291431925805299,0.6543779544903735,0.2528409920788234,0.6367995853934536,0.5327577898848985,0.6423744487522388,0.7139956603251513,0.5913670033453735,0.6179265393923423,0.08963810178875281
carry,carry,0.5091383154759709,0.6602417068159722,0.5692630295413665,0.5584586454541042,0.7059524759187362,0.7539395231805318,0.761927751165598,-0.27572989016867033,0.7184425315160269,0.6311474303924169,0.6757097769485229,0.3572450998765464,0.1577039612249261,0.12486650333809281,0.4058366136664406,0.6472113925401234,0.20440271011212474,0.2694058737444217,0.4600380508782901,0.5968859986806737,0.626367943256914,0.2946304301544894,0.41839856038805245,0.637356531330288,0.568026409994938,-0.27832037748948024,0.7161308722325579,0.7550965928576923,0.46937239448394086,0.5439148780733689,0.5218168182729672,0.40763200847169956,0.43402985188356247,0.39830317480678235,0.5635510440832204,0.7133849384669991,1.0000000000000002,0.6984665527462793,0.6419657728305218,0.8118195705780099,0.4716683859888227,0.5649823023338911,0.6955930579750468,0.6794415723660264,0.7586348168041136,0.503593122634043,0.7242511595623853,0.4717730998431875,0.6875243091936464,0.6462449816908068,0.7183109128581885,0.5352918331581199,0.4410425365396065,0.5880677389099861,0.3460068448572542,0.47242623811970563,0.8134760673396919,0.6016158813034461,0.32438177512297584,0.8026278483603606,0.6572853096553144,0.6258067742510959,0.27432796938929843,0.6682443765454079,0.5469538298125687,0.7382411833440162,0.6387819929315104,0.7254434455265872,0.5377769943550484,0.053495232561202644
look,look,0.5399097110281452,0.638254896935201,0.6604085496877855,0.634575274961549,0.7764529500871874,0.7932992015463737,0.832153453782976,-0.34436581492217405,0.7873162930134122,0.6678485784985965,0.7642167778763177,0.3514648514977744,0.06990717528159981,-0.07229873688128513,0.3166499724618472,0.59153821093026,0.18007996388106154,0.1340155343174436,0.47814646792209187,0.567976543276183,0.7311469429899776,0.24333447342178696,0.42895797545556247,0.6167435819233781,0.695370497689149,-0.2866509952720894,0.6645754197233188,0.7215227388119414,0.5010639777302627,0.6348936281649769,0.5465013087717343,0.46130950631740614,0.39936802792212905,0.3682766195820722,0.4399097948605623,0.7437630304469985,0.6984665527462793,1.0,0.6831696334311972,0.717966713368857,0.5204679563839595,0.5191331496945196,0.7939767912073185,0.8263246044267328,0.82637056361865,0.5011818336540422,0.7627660258198992,0.4929805943800244,0.6114906305265335,0.6155517560868818,0.6863699998306547,0.429012865339975,0.4741346419980376,0.7272913145052635,0.3001893722967986,0.5725893692155212,0.7182027108690969,0.8015029773215063,0.25150274362928343,0.7389116603931536,0.8275367451749354,0.7268138551786713,0.2558408302808044,0.689053977034895,0.5883420821270275,0.8373423667107908,0.6523976557604139,0.6187502679908825,0.5239926818121433,-0.02394496803967706
stand on,stand on,0.5258434035210107,0.5785149406639277,0.5626908060543527,0.7133372694449189,0.5990191782403477,0.7600616081366903,0.695164450879847,-0.09189443487112184,0.6665588431019167,0.6714035715787855,0.720481282850276,0.6601166968810269,0.4137824523563369,0.1372613528506293,0.7448081021729527,0.5235346816131958,0.4308071009023128,0.250568094808934,0.48507993697343177,0.8294419804662553,0.634009921976717,0.5362749059468519,0.4261533761349929,0.5936278100768128,0.788474898728216,-0.011090339262499162,0.6762969351952781,0.735519936844569,0.4325399817446628,0.6765266959732745,0.5413793815095183,0.733598419630395,0.6388233216163728,0.65502673094273,0.8327181448395194,0.645523605948528,0.6419657728305218,0.6831696334311972,1.0000000000000002,0.5889491159928009,0.4791912467279547,0.7334002110728289,0.4711933390353906,0.593534426805033,0.545721057873171,0.5138856328241784,0.6861906491873211,0.6126338800332751,0.5717125074358675,0.5123429547317805,0.6264104994769241,0.8084483252263772,0.68554183068926,0.5141242646029524,0.45996397340352935,0.8346614769051958,0.7516198584588042,0.4408280953427284,0.5031331045849815,0.5353254818056693,0.6687435421740785,0.7262890962922984,0.39517021664307966,0.5817653546718816,0.88185443643129,0.6440569773220919,0.478555393197812,0.4433437605238668,0.5570138332582488,0.2651505401606456
use,use,0.560764127530146,0.644247887124123,0.7131023264775289,0.49647143262362725,0.6424819153858364,0.630097107595945,0.6607965580541443,-0.4583456038924654,0.5969788394912571,0.6385518488569297,0.5723728855503365,0.21472822269786615,0.00886268309611721,-0.10306315195162323,0.32915493144838387,0.7535624873855783,0.07902825219060315,0.19208388577625599,0.4782743195788971,0.4413784464853315,0.5056945244962882,0.21047960254294257,0.43907933376978375,0.6381002649462155,0.5009624358418316,-0.4146407440105192,0.737429303986517,0.6583038952580441,0.5320569347520029,0.5026557295343759,0.5868696545102927,0.3708502890102341,0.3862352669763672,0.33565984816702066,0.47866156026319273,0.59888068828813,0.8118195705780099,0.717966713368857,0.5889491159928009,1.0000000000000002,0.5041294690488924,0.6065479936556547,0.6799473089547601,0.7016641307202541,0.6645747642908655,0.5839109427413279,0.662782303284619,0.4991107435209066,0.6417257780851152,0.747757073253439,0.6665712028990809,0.3957217415654447,0.40879707762459827,0.5720514805377941,0.4385769332306614,0.4179862047218789,0.6635278438698365,0.5461578657249164,0.2203540361010967,0.6506654393698191,0.6237647961620032,0.5999573356562248,0.14640640742878486,0.6389715303029138,0.4970747957438279,0.7432444056872374,0.4864981017271489,0.6770040066474559,0.3805779584216565,0.038077531977550955
at,at,0.8920698554286591,0.4228938444809789,0.7776585867136024,0.568894162798818,0.6319392474834296,0.6260752407765252,0.6190817363374511,-0.4577810039550649,0.625839034896874,0.556159237606145,0.5636109576201508,0.22385910104249995,0.13696122462802,0.08733097611640747,0.47555535995668147,0.7123288347765427,0.10636861501146876,0.42479666876143957,0.699998432269745,0.5759008061614463,0.5778962977487229,0.24160883273950476,0.8779526111303136,0.5511667852542009,0.571730079196137,-0.03703006629795654,0.7183109491013032,0.5454748939715722,0.8037657514795488,0.5003367107395289,0.8448955371113147,0.5031147029195918,0.5364333484098744,0.4898041086187485,0.4088517512412159,0.5339665270457687,0.4716683859888227,0.5204679563839595,0.4791912467279547,0.5041294690488924,1.0,0.35351381635042295,0.4749400527207983,0.49629880923890507,0.571184624227705,0.5413666415974647,0.5737182545405911,0.5538673246337755,0.5280570770348179,0.3590455361963432,0.5864600887940574,0.49371291235455905,0.4114031938090612,0.40976289317315195,0.5435070726689756,0.5186849878037857,0.45911101468852544,0.5146090249387539,0.3152866109528017,0.48741763897326873,0.5258732217238872,0.540957127759493,0.5432024188701395,0.6171049426546048,0.46334931681065256,0.4732788381264471,0.5007896391681532,0.4320634747474116,0.4791917009108032,0.22276570984431465
attach to,attach to,0.505833713002473,0.4897391899036497,0.5078881584050616,0.369767130317521,0.45669562464590435,0.48798252508602485,0.4111355827833624,-0.04287298737811543,0.38395140567819785,0.4445591542242146,0.33384963333723183,0.7573352666453815,0.5749196466977103,0.2600708919270904,0.5607994654030558,0.39570274331752003,0.6188311095030666,0.2560601602453378,0.29159582281999435,0.6171325848489868,0.38155120585008545,0.7495756029940702,0.465006478575707,0.4137232911169987,0.47621722069327516,0.2002951757221759,0.48875810314081186,0.4757951697256852,0.4737338241654699,0.4855760902865781,0.565887469137291,0.4861407157299642,0.44896874673038806,0.41504092540151355,0.6270538010517099,0.4324956043894914,0.5649823023338911,0.5191331496945196,0.7334002110728289,0.6065479936556547,0.35351381635042295,1.0000000000000002,0.35521555525980897,0.5288349906801154,0.37582894051281784,0.36187178675157416,0.4524839832500569,0.32661798761372385,0.4219656344313627,0.621884837764949,0.35225656314553205,0.6026914282224394,0.5852498633011401,0.6344357192643699,0.2622863412367994,0.6033740665403118,0.630164378414406,0.31803066716112366,0.7431429080264741,0.5425135090549671,0.4625753004330703,0.5457755226375786,0.33436989969428477,0.3823974617432803,0.8008588961614319,0.5651754307133342,0.28666710260353084,0.5788364247004477,0.2838482894573035,0.5388743438856421
cover,cover,0.5927349180114627,0.477631160106451,0.5991292634431024,0.5179247621252138,0.718703469279565,0.6644126617556037,0.7675119288209473,-0.34111875790208857,0.7374354561766293,0.7068428254780962,0.7141328621963333,0.06739642846564109,-0.15304995319886094,-0.036873594297505204,0.2232287455832976,0.6442121392732492,-0.017960107360616477,0.06485799265184047,0.4673006183814381,0.3693332784883293,0.6736867808896746,-0.04528577264728979,0.4450903008236046,0.7033624470631171,0.5467693516540771,-0.39934026137404305,0.6877491638735598,0.6455053569991025,0.5323795452097321,0.6289084971463837,0.561264637219627,0.3907061335171899,0.3014896155748032,0.2763030635454476,0.2688877648939978,0.6893891389969494,0.6955930579750468,0.7939767912073185,0.4711933390353906,0.6799473089547601,0.4749400527207983,0.35521555525980897,1.0000000000000002,0.745313417836987,0.7882586170069554,0.47072502250862086,0.7372970288323765,0.4523921915188119,0.6277124037199009,0.713489747677982,0.656238410754442,0.3119499030708396,0.3299419865991468,0.5801001199515106,0.374191180190954,0.4149928181534207,0.6144858239949605,0.7044432299038798,0.02983519089188867,0.7206976540286445,0.7295728529359494,0.5866181128570197,0.2126101901574904,0.6101155982244849,0.46641883432915254,0.7629679736730001,0.7314769386374379,0.6667538752654122,0.4526769065732943,-0.08984786679221718
touch,touch,0.5437870136051574,0.6267256966554776,0.578289060380909,0.4832454887553207,0.7215557188388042,0.7070028957642212,0.7466505728717858,-0.24371424886411172,0.7283162645599319,0.5819695797019815,0.6736412564020363,0.34006243359552774,0.12450855476870608,0.030077052579618582,0.24413689763317056,0.52634551324545,0.2385508526250117,0.19702233139074507,0.38414586179370724,0.48745175875634106,0.6845621962252397,0.22014683376851307,0.42102574321080993,0.5612083614400095,0.5270357308783028,-0.1836102219965652,0.6064123414800223,0.6926577016757018,0.44526065619686495,0.5470118579750044,0.5501727633965546,0.37866724832683724,0.3838702487042002,0.3992831462821005,0.39554475949606654,0.7536085285653408,0.6794415723660264,0.8263246044267328,0.593534426805033,0.7016641307202541,0.49629880923890507,0.5288349906801154,0.745313417836987,1.0,0.7460817071736648,0.4839397468382085,0.6981094440765266,0.33121295502464093,0.5328929916311517,0.5350783883064034,0.7072014442332298,0.4463133608164459,0.2723457200719852,0.6494527259215508,0.27574921408738096,0.5074401592070119,0.7866058589285394,0.7502050623918886,0.3060251747680064,0.7697057887133665,0.7588942940295175,0.7358628644962718,0.23812959419980598,0.5394564878947471,0.4950782618223973,0.7184410960201163,0.6524169825074495,0.5937819337388006,0.5770178171749023,0.1859237478828797
watch,watch,0.6129684712882435,0.5608185459315862,0.6277791731926018,0.6045067801238417,0.757517744390718,0.7904066988295979,0.8429677626643345,-0.34701288431240107,0.7779806690939003,0.5642155210844159,0.7339583040590881,0.19088177509764565,-0.014818839309339504,0.021424664113633533,0.26541039651855436,0.6535143480987552,0.0874576284934217,0.2505044258622774,0.5101908292041928,0.44702285816041776,0.6754967013245593,0.1400116956189299,0.48583051122807036,0.559333938294902,0.6179577694902599,-0.30545417143544845,0.6851489750909096,0.7278242926717705,0.5151492176756818,0.5498481419170818,0.5389854574560872,0.36589579700843355,0.35267511574606003,0.29392821435419275,0.40924973653148594,0.7383125038611882,0.7586348168041136,0.82637056361865,0.545721057873171,0.6645747642908655,0.571184624227705,0.37582894051281784,0.7882586170069554,0.7460817071736648,0.9999999999999999,0.5703092960059362,0.7833436543465324,0.5022694737864889,0.6267899366665309,0.5546629283309943,0.6733934397192364,0.36408137229237614,0.21745378330840232,0.6767088398518868,0.48201876148829886,0.4527949118966052,0.6433204648850633,0.81271969932762,0.12182239412951455,0.765985899425197,0.763820353434938,0.641352453239969,0.3137385702260028,0.7135023988728608,0.44359806377514893,0.7476539589971366,0.6858228438862551,0.687176084450194,0.4957927596812046,-0.05108809582146564
against,against,0.5963772653801923,0.49891255983883886,0.5928885488550099,0.3052123095976457,0.6028629527466299,0.6399849250758161,0.6217879000729317,-0.6467555266202003,0.5889452566017319,0.40226551261567567,0.6195836409185742,0.2265156162667844,-0.04993180969300745,-0.2483282788412391,0.12263200899829618,0.7542535562611958,-0.04709301320344942,0.30708658096227864,0.48942610312238516,0.37270399764769785,0.4628244882374413,0.24090150667483762,0.46357950420576194,0.4256761911388833,0.34586106674881767,-0.32441464960226324,0.7779030463729365,0.6413697535786254,0.548727304349715,0.3235274312810109,0.5817522400880046,0.2184414666099431,0.257789236423236,0.3431948409056312,0.4810966304455746,0.34253123405727365,0.503593122634043,0.5011818336540422,0.5138856328241784,0.5839109427413279,0.5413666415974647,0.36187178675157416,0.47072502250862086,0.4839397468382085,0.5703092960059362,1.0000000000000002,0.48024431887591507,0.2758481138413599,0.5214555105588978,0.33434454458574614,0.47922196956406404,0.45435090538462786,0.2093699299078234,0.3895582339815849,0.3223797124413235,0.4144534021566639,0.5376867573298866,0.38744921230814416,0.1643648777907214,0.48196915249212574,0.6659938178710543,0.6486803472642305,0.4369977284310506,0.5355139341755124,0.4071561774749379,0.5466422767293461,0.581884632239982,0.3154293701791576,0.5453536641856765,0.0018105224654613545
inside,inside,0.5513399557071956,0.5471629300578931,0.6680122708550069,0.8482170202902247,0.713322031805407,0.7663448106145391,0.825530626191539,-0.2831074042333816,0.7983799954176746,0.7778263164218325,0.8534492819252576,0.18589133839758426,-0.044003075317088074,-0.05330114819892287,0.5685655767004045,0.6247910425038412,-0.023970772739141954,0.015780707082795366,0.7080947497725482,0.5647088255540109,0.7678082876518028,0.08437524170606162,0.44145698752976753,0.6995873979724716,0.8329038654194652,-0.4033390446876356,0.709878974373505,0.6783331267368384,0.4539360658332291,0.8220353928180438,0.531457401791021,0.7121349624871638,0.5329941890545397,0.4044130961803144,0.48401851004469015,0.7645398408678056,0.7242511595623853,0.7627660258198992,0.6861906491873211,0.662782303284619,0.5737182545405911,0.4524839832500569,0.7372970288323765,0.6981094440765266,0.7833436543465324,0.48024431887591507,1.0000000000000002,0.7206457773087134,0.6928472340999423,0.6416563748303479,0.7401203964408833,0.46008515955491847,0.4814952832669223,0.5751505185113595,0.5326869350284996,0.7046858325809638,0.713017752887898,0.6702810912500315,0.09668349794466599,0.71109427985984,0.8008602085823298,0.5726219275757201,0.37146545898495703,0.7499374436235452,0.6208490943833812,0.6273173836479377,0.6580925164315842,0.6594422188708865,0.5051411444306195,-0.0768082131989173
adjacent to,adjacent to,0.47730862505901644,0.3046594701191589,0.5943587391108351,0.8950086325284766,0.4716909167253762,0.5752795309142229,0.6153916622234314,-0.2437387058267189,0.6185164989653784,0.7116644490941556,0.6102250852394738,0.05501286277932569,-0.04414718855382785,-0.036354137258718104,0.6603045249341908,0.5621023267189754,-0.07697090885840426,0.18038848894102977,0.8161173193969474,0.5409626295418766,0.6171040799880714,0.006996045775086752,0.43858663303507267,0.6428394704778317,0.8484323923535246,-0.3112408329912661,0.5719505804145084,0.5006116379958765,0.3981959370412476,0.7206355948814472,0.4211662434269728,0.7825607402282705,0.5506300210788003,0.39710507037547554,0.47794374003212364,0.6200891121101019,0.4717730998431875,0.4929805943800244,0.6126338800332751,0.4991107435209066,0.5538673246337755,0.32661798761372385,0.4523921915188119,0.33121295502464093,0.5022694737864889,0.2758481138413599,0.7206457773087134,1.0000000000000002,0.6645164670420234,0.46805245153170855,0.6869163308086293,0.40504008519063356,0.4960966017714,0.3280101462498016,0.8079986972975759,0.6242060489442304,0.4172608324291107,0.37193133836635983,-0.03273636258980125,0.4493370083330491,0.46311972363268405,0.35273890040276434,0.14522641671420433,0.7297381957712529,0.4805187218427261,0.48146382697180795,0.35802597545976245,0.4597347774775709,0.3480299729708847,-0.10632010785155711
across,across,0.5268577487071046,0.4191861421783064,0.6167135003867367,0.5774330968330248,0.62446257399879,0.6797039458646662,0.6962884450094159,-0.4008137859834529,0.724784219707071,0.6774967648452392,0.669387767099464,0.09765394459624216,-0.07522167353891224,-0.18347849269987568,0.38036675477219667,0.6001269378840123,-0.07749260395015667,0.15694748151289611,0.691937044845464,0.5840690012271073,0.6724007479104179,0.10883790906971925,0.424610220531747,0.6820878080468784,0.6309871842814746,-0.38027457094071754,0.8091717764168633,0.6417650974514327,0.4402058589330325,0.640687264872952,0.49757319717545323,0.4979808239641209,0.42693640187930737,0.34127254069416557,0.42430476764778774,0.6132025335526539,0.6875243091936464,0.6114906305265335,0.5717125074358675,0.6417257780851152,0.5280570770348179,0.4219656344313627,0.6277124037199009,0.5328929916311517,0.6267899366665309,0.5214555105588978,0.6928472340999423,0.6645164670420234,1.0,0.6001782109186928,0.6918287340041953,0.47325559327439876,0.4118599460312511,0.42245750906807994,0.5580635308319222,0.5343135715196424,0.6059393967359219,0.5674422990122636,0.0807247826308121,0.6413517648211509,0.6292827646611288,0.5363854719676823,0.12182641866100381,0.826421401136557,0.4801744143118859,0.6608651691476742,0.6214552008267609,0.6077399163008994,0.42265198424802924,-0.13849456623216683
contain,contain,0.4250660744581417,0.48468960854866766,0.5493833491917858,0.47028737694670064,0.5278254692591612,0.5133865522430021,0.5438607190474127,-0.26969989542755446,0.49223756078902126,0.7363817454458541,0.47001656853469154,0.14951875934661626,-0.049288252951834206,-0.049257763325624905,0.35288206301572234,0.5280084209165467,0.04425499803012682,-0.07877367680025399,0.4307356985473773,0.36125982032388637,0.443045588347669,0.14099096898209598,0.3625436635850482,0.7505747358634767,0.48378503851901067,-0.3667784192775078,0.6056664697842287,0.5426498594891537,0.3921531146014951,0.5836770203257601,0.45789033349406016,0.42960588851494463,0.30143167950204147,0.21684645526047025,0.35757559902722214,0.42855147325990584,0.6462449816908068,0.6155517560868818,0.5123429547317805,0.747757073253439,0.3590455361963432,0.621884837764949,0.713489747677982,0.5350783883064034,0.5546629283309943,0.33434454458574614,0.6416563748303479,0.46805245153170855,0.6001782109186928,0.9999999999999999,0.4613119888448367,0.2230845276622753,0.5024705206365508,0.6180301618680115,0.3584261160016278,0.3948361839615557,0.4517113487989043,0.4160684850951843,0.15625234066820765,0.5287834936198106,0.5409866338473797,0.4313759603245209,0.10649378623653927,0.5735342480973064,0.5694315988649717,0.6478725663005015,0.38572035393398574,0.7048275964562638,0.1511937712908653,-0.006165155162034247
drive,drive,0.532445300457457,0.479140147358779,0.5668913361590753,0.6544440717298472,0.6820945411202066,0.7300080025349788,0.7686188780805365,-0.26784375500839863,0.7751104679920199,0.6738638746031248,0.7472876317043503,0.18384249374572342,0.049243022563139525,0.06447851293235884,0.4582871736350487,0.6001496184836353,0.06934919876598103,0.327509389541182,0.6459197494004044,0.6465948395768766,0.717677749108684,0.05097221748638778,0.4171111192947792,0.626179369833718,0.6377879467289426,-0.2627489427055001,0.6855514968323262,0.6691689923648313,0.45579950010345377,0.6055406444990352,0.5011869771908771,0.5409032897914201,0.4773390660656167,0.4529842323998725,0.4403757161849304,0.8363170491481373,0.7183109128581885,0.6863699998306547,0.6264104994769241,0.6665712028990809,0.5864600887940574,0.35225656314553205,0.656238410754442,0.7072014442332298,0.6733934397192364,0.47922196956406404,0.7401203964408833,0.6869163308086293,0.6918287340041953,0.4613119888448367,1.0000000000000004,0.5883291225850202,0.3615714204901461,0.38496292346777644,0.593539096121607,0.4969054996744143,0.7814436002465049,0.5849302665884933,0.14573685609171513,0.679508462938519,0.6299412706286563,0.5966533861948217,0.1375162966798907,0.6315981116203583,0.4384383591191941,0.662291615986058,0.6573766622562801,0.4893872843547353,0.7289047890536391,-0.01251744270710952
drive on,drive on,0.5514837497737831,0.4159638203446377,0.381537104956321,0.45126825377948626,0.49305522155280385,0.6312985108134489,0.5390003766574069,0.04041071521903864,0.5508552142758003,0.40684700958390485,0.5130918430861262,0.6727473767895021,0.5623077532395012,0.3006379304626991,0.6551952607494773,0.39540266553756037,0.5459941317093738,0.42625440611771304,0.34756923802797934,0.8532343147726636,0.5265082649177005,0.5549928925961045,0.4534143510958037,0.3506098089244626,0.5103621054639436,0.2843158221448224,0.5519394151026601,0.5570222313330885,0.45395917416869674,0.4414040684233773,0.5266692852240551,0.49153267822249475,0.5845522527886913,0.6576655814540869,0.686562008218447,0.6015355898358572,0.5352918331581199,0.429012865339975,0.8084483252263772,0.3957217415654447,0.49371291235455905,0.6026914282224394,0.3119499030708396,0.4463133608164459,0.36408137229237614,0.45435090538462786,0.46008515955491847,0.40504008519063356,0.47325559327439876,0.2230845276622753,0.5883291225850202,1.0000000000000004,0.517001219432265,0.30831889753575537,0.37271228796623557,0.6145191784691761,0.7370668213119582,0.329400230909832,0.6252488368055192,0.428288515054366,0.441108680434064,0.6608084523132182,0.43658949753414794,0.4219888556291386,0.7352227515775577,0.46917112257844285,0.47137062714248307,0.27388918367288967,0.6179952595526637,0.47490318943747956
taller than,taller than,0.40201743338951745,0.30259887856860157,0.5781791000730825,0.5523880898617634,0.44697954681733076,0.46076023293937207,0.44863399749497296,-0.14969336446585974,0.4717071137396697,0.6666519072274578,0.5153935120553114,0.46731418041851913,0.2547872479536401,0.10149228168728668,0.6549597204317296,0.3541828787323879,0.2496555558977373,-0.009215465889777136,0.42250676093104,0.7071636113135491,0.4824162063586818,0.371051565352609,0.4033200530442229,0.6158325065936787,0.6035303936385701,-0.07275380879706116,0.5411852817404561,0.36330462026702676,0.41678735819463303,0.6352228576282261,0.4625816308916122,0.6888091523765026,0.5067985637178034,0.47675291062716274,0.494770491478332,0.41683355894020757,0.4410425365396065,0.4741346419980376,0.68554183068926,0.40879707762459827,0.4114031938090612,0.5852498633011401,0.3299419865991468,0.2723457200719852,0.21745378330840232,0.2093699299078234,0.4814952832669223,0.4960966017714,0.4118599460312511,0.5024705206365508,0.3615714204901461,0.517001219432265,1.0,0.37951725483839904,0.2765456279544404,0.7114387338946522,0.44859472333914,0.20683207544033827,0.4168235217975852,0.33260764816215466,0.4430826803838684,0.374117736285032,0.3021479964316132,0.43630603334886336,0.7493265676625998,0.361124711390795,0.41024204937954845,0.41049851748640165,0.34932953384399706,0.1458430561068197
eat,eat,0.4289735935508135,0.6690674109703354,0.49020313951237315,0.4590543970605687,0.6367187075596016,0.6033047327029287,0.59072173369298,-0.28150940743685876,0.5626082090310526,0.4104524045661102,0.40564906417359403,0.3775939843605348,0.11218807468407571,-0.029979778337036793,0.2247356948737083,0.41905995130986523,0.22911920126545054,0.08033463468554425,0.37278366412682024,0.4201425549283485,0.5659763305769977,0.3863934849392885,0.3836951239345202,0.40985281883810143,0.5085095031915648,-0.15076143614088003,0.4835785430970647,0.5809094462619614,0.37600678786985364,0.46136017971095766,0.4568613957915245,0.3038855751710171,0.15625050805024426,0.09265962046377525,0.40489265568280125,0.5748177849943787,0.5880677389099861,0.7272913145052635,0.5141242646029524,0.5720514805377941,0.40976289317315195,0.6344357192643699,0.5801001199515106,0.6494527259215508,0.6767088398518868,0.3895582339815849,0.5751505185113595,0.3280101462498016,0.42245750906807994,0.6180301618680115,0.38496292346777644,0.30831889753575537,0.37951725483839904,1.0,0.22655184647020343,0.47625142832438755,0.5490866386600953,0.6217330313032401,0.3430814040546313,0.7181509742555426,0.6053288069485601,0.6499745667051692,0.3919803750304878,0.5783966928311369,0.5545757630853194,0.5875936515621767,0.4849771350735947,0.7965359018972006,0.32646345217567563,0.22285194016175203
park on,park on,0.5701115536269195,0.15063244819215998,0.5618460672391125,0.6241733875238084,0.3346857761462728,0.4125741174639864,0.4545771570804526,-0.16662359492648168,0.4680367745299921,0.5280736677261607,0.4551824405329516,-0.04796593467629562,-0.04042860383526223,0.12561478416252367,0.5259833101471172,0.515973198727477,-0.020506536353450865,0.34388671847409785,0.670168146100546,0.3908445177227745,0.4657201848386312,-0.04947762462475591,0.5046678495557164,0.5060040445869028,0.5707807452814762,-0.1614834249899473,0.5355285908006641,0.3921057877527953,0.4241674586099651,0.5237906940099227,0.4628291212251564,0.5778844253839932,0.46325879837615797,0.340823374055758,0.38240450741151555,0.5337623524755778,0.3460068448572542,0.3001893722967986,0.45996397340352935,0.4385769332306614,0.5435070726689756,0.2622863412367994,0.374191180190954,0.27574921408738096,0.48201876148829886,0.3223797124413235,0.5326869350284996,0.8079986972975759,0.5580635308319222,0.3584261160016278,0.593539096121607,0.37271228796623557,0.2765456279544404,0.22655184647020343,1.0000000000000002,0.4289086783671663,0.2969488075596442,0.32861110648268416,-0.055670421661286315,0.33382708539176775,0.33638215828886736,0.24470636727018344,0.06424818303696224,0.5853726884774557,0.34434926795260573,0.3132512120270224,0.32265021655522125,0.45409909181459585,0.2809824358768793,0.04669391216965444
lying on,lying on,0.5323996747527208,0.5299574276183407,0.5921887277930548,0.7504384294565879,0.5231804942431361,0.60423097470578,0.5946290621172393,-0.09209879765204099,0.6216027303414718,0.6876578061791787,0.7063083529916947,0.5035886590883591,0.2906531143227274,0.048685058321224314,0.7686042075675593,0.46132450499963484,0.22149646040476917,0.02535000081028205,0.5951589581035139,0.7058402821716657,0.6328857980804409,0.40015181902425156,0.4451732578462677,0.5980302341774915,0.8333569609425215,-0.0689991042143022,0.6211675658739383,0.508349227264106,0.4295144471028587,0.8369688705279157,0.5524234381691122,0.8841771330737878,0.650265143454598,0.5809805432194056,0.6409116380737768,0.5940519160437175,0.47242623811970563,0.5725893692155212,0.8346614769051958,0.4179862047218789,0.5186849878037857,0.6033740665403118,0.4149928181534207,0.5074401592070119,0.4527949118966052,0.4144534021566639,0.7046858325809638,0.6242060489442304,0.5343135715196424,0.3948361839615557,0.4969054996744143,0.6145191784691761,0.7114387338946522,0.47625142832438755,0.4289086783671663,1.0000000000000002,0.6042546860367436,0.3374573202364645,0.38825079443695215,0.5523102854773599,0.6648246404557842,0.5311713630550641,0.4836019570383165,0.5019377416607407,0.8336314552450006,0.4299543392016068,0.48514319132399125,0.46930695746716206,0.47363745002938323,0.22599059671139654
pull,pull,0.5128298527613637,0.597492631945443,0.5063316654261295,0.541206194030891,0.6959852861971362,0.7493680714747859,0.7289069538502454,-0.1465220556979042,0.7347268669050021,0.5710463710661324,0.7388599084621594,0.5606472115264671,0.35055452755005084,0.1986470363751148,0.4588731429847008,0.5405218207307002,0.3856431343234437,0.261209531838987,0.4468567448238842,0.7161176951241566,0.7117908431981046,0.40074406694528597,0.4041578674569514,0.5014379881505893,0.6025202876655466,-0.0561381875730032,0.6492939802564838,0.6938422149907771,0.4742694818988354,0.5931371069330325,0.5503415174963279,0.47823096213388355,0.468048052146922,0.5058266795873689,0.552359890266627,0.7836272739627922,0.8134760673396919,0.7182027108690969,0.7516198584588042,0.6635278438698365,0.45911101468852544,0.630164378414406,0.6144858239949605,0.7866058589285394,0.6433204648850633,0.5376867573298866,0.713017752887898,0.4172608324291107,0.6059393967359219,0.4517113487989043,0.7814436002465049,0.7370668213119582,0.44859472333914,0.5490866386600953,0.2969488075596442,0.6042546860367436,1.0000000000000002,0.5430678009862603,0.5081841822840579,0.7980209882770203,0.7344248836207545,0.6983315950793607,0.33971693356930294,0.5281704878782398,0.6654568079251496,0.678285888765686,0.6828502361755284,0.5669345382934127,0.733930206482749,0.262941713788855
talk,talk,0.5462026187792128,0.4390515204901217,0.5845361305635812,0.48902158405962803,0.7054081256289733,0.7357431229465301,0.7592957929592761,-0.35525528211068813,0.7112392041456507,0.452438170590493,0.6011445381097603,0.1516816278246486,-0.052453962650770423,-0.09065034587312651,0.1278039343089692,0.47076664306093124,0.08276824161533264,0.27773926781190794,0.37325158760201266,0.44255766505429817,0.643942050265665,0.12156897573279736,0.40951881451472144,0.44387296731908626,0.512896921200569,-0.23864821094207825,0.5846407780596224,0.6727170890354548,0.41821944002844985,0.4240052053046315,0.4853612975269099,0.24675204790988883,0.2139797881606497,0.15744847346491403,0.36034005994170915,0.6696510124884664,0.6016158813034461,0.8015029773215063,0.4408280953427284,0.5461578657249164,0.5146090249387539,0.31803066716112366,0.7044432299038798,0.7502050623918886,0.81271969932762,0.38744921230814416,0.6702810912500315,0.37193133836635983,0.5674422990122636,0.4160684850951843,0.5849302665884933,0.329400230909832,0.20683207544033827,0.6217330313032401,0.32861110648268416,0.3374573202364645,0.5430678009862603,0.9999999999999999,0.1271345167277454,0.5959584111305448,0.6615857939749463,0.6417753556290744,0.25431989731038657,0.6467406901698033,0.35653695499983395,0.6801387574065798,0.6417881211515181,0.5794133428412351,0.4334585439586502,-0.06616588466002662
lean on,lean on,0.4126396398501699,0.28495669900624665,0.2246048887225153,0.06204885507201496,0.2282433449151177,0.26158255272050024,0.11844010672245307,0.17039042388537792,0.12722754387720292,0.09719340110143791,0.0625836584613584,0.9108433851244764,0.893975555557802,0.4429535831013197,0.3991998576345357,0.11342401581795623,0.8751619084719909,0.47641957395367335,0.029008750687336507,0.6033130310151403,0.13736475703657022,0.8870722934220078,0.4282167357945986,0.03474078280387946,0.16835896082571744,0.6595604698959744,0.20574000612513338,0.21016621732919408,0.4053708087964254,0.16924518809175004,0.46073831839328233,0.2085366946505058,0.31281590945490867,0.36348983553582587,0.44892006551060754,0.19947102088380486,0.32438177512297584,0.25150274362928343,0.5031331045849815,0.2203540361010967,0.3152866109528017,0.7431429080264741,0.02983519089188867,0.3060251747680064,0.12182239412951455,0.1643648777907214,0.09668349794466599,-0.03273636258980125,0.0807247826308121,0.15625234066820765,0.14573685609171513,0.6252488368055192,0.4168235217975852,0.3430814040546313,-0.055670421661286315,0.38825079443695215,0.5081841822840579,0.1271345167277454,1.0,0.2859263303436313,0.18913706525422241,0.3860229931732414,0.4980428713736354,0.04327736317818843,0.6379112988395835,0.265644207942388,0.10505511889983021,0.24646232414232258,0.2726007550086511,0.8065460754628483
fly,fly,0.5146130785984178,0.5906198906359363,0.556992952465196,0.5410636591455967,0.707814656768832,0.6759167498967283,0.7233170640040145,-0.29447695931531187,0.7504005036868431,0.5683990139916535,0.6591777443483661,0.33139091071050414,0.09881000831424148,0.06641865581085947,0.31113611250621737,0.559968355009439,0.16484403966663125,0.14969586070076107,0.5480092661992393,0.49453950416553005,0.7289088773044423,0.2483934481572909,0.42073858831434535,0.563449390940914,0.591518748932242,-0.23123475027673265,0.6213741022124364,0.6032114793762409,0.4697749479247611,0.6201820387965353,0.5251600775437647,0.4566682420018651,0.3877193778117453,0.34175086894976947,0.3421375227347822,0.7707029753951705,0.8026278483603606,0.7389116603931536,0.5353254818056693,0.6506654393698191,0.48741763897326873,0.5425135090549671,0.7206976540286445,0.7697057887133665,0.765985899425197,0.48196915249212574,0.71109427985984,0.4493370083330491,0.6413517648211509,0.5287834936198106,0.679508462938519,0.428288515054366,0.33260764816215466,0.7181509742555426,0.33382708539176775,0.5523102854773599,0.7980209882770203,0.5959584111305448,0.2859263303436313,1.0,0.6741853654473086,0.6325200769413111,0.2911074469470947,0.6346262364477059,0.5010872240729218,0.6920537277674096,0.7316523111691048,0.7943137428982435,0.6216503694813827,0.1328608097144262
face,face,0.585771310648185,0.6525994560635123,0.6504488980858686,0.6222521815266215,0.761986628330084,0.7736975687997226,0.8055534929432219,-0.3407630819902047,0.7910667253125163,0.7332341340442613,0.8530882523828783,0.28297059250033574,0.032628729471443754,-0.09773126119860695,0.32747185251831346,0.6373595442772884,0.061379730890231396,0.0961102670955112,0.5259796801350117,0.5301389330263209,0.7529081925463333,0.14846629459229552,0.4486860114384699,0.6777856753462116,0.6794636338502344,-0.33799223178784493,0.7195404019311556,0.7378134205193717,0.5078552781963358,0.7319082562596639,0.5988383208347411,0.5161442069709176,0.4418789900632466,0.4189361416662764,0.49766322485544295,0.6291431925805299,0.6572853096553144,0.8275367451749354,0.6687435421740785,0.6237647961620032,0.5258732217238872,0.4625753004330703,0.7295728529359494,0.7588942940295175,0.763820353434938,0.6659938178710543,0.8008602085823298,0.46311972363268405,0.6292827646611288,0.5409866338473797,0.6299412706286563,0.441108680434064,0.4430826803838684,0.6053288069485601,0.33638215828886736,0.6648246404557842,0.7344248836207545,0.6615857939749463,0.18913706525422241,0.6741853654473086,1.0,0.5976693241661332,0.3449071870381928,0.6172196617332849,0.6072094674936114,0.7067094165204133,0.6687589655431632,0.5390813916781664,0.5954766220926772,-0.043225155840804975
play with,play with,0.5468747842033054,0.6159212027284481,0.5456671118516168,0.4647545912185046,0.7069926032829714,0.7954818955585108,0.740847525137083,-0.3669929425331223,0.7349311970775074,0.415830030951068,0.6319113514576665,0.518216905488146,0.20263263571109613,-0.04254506566739104,0.3295687471687992,0.5667824661236205,0.2963488093839037,0.30110801039200885,0.35365289760306323,0.6750353863062948,0.6680301002217998,0.4835688851610264,0.4691478980135506,0.42399500269281926,0.5333317966341717,-0.09373031046700445,0.6815535432436127,0.7447176672222778,0.49108879461358523,0.3614418441081765,0.5699411249429006,0.33562021821953236,0.3551016643678751,0.43508325169421674,0.647491340716196,0.6543779544903735,0.6258067742510959,0.7268138551786713,0.7262890962922984,0.5999573356562248,0.540957127759493,0.5457755226375786,0.5866181128570197,0.7358628644962718,0.641352453239969,0.6486803472642305,0.5726219275757201,0.35273890040276434,0.5363854719676823,0.4313759603245209,0.5966533861948217,0.6608084523132182,0.374117736285032,0.6499745667051692,0.24470636727018344,0.5311713630550641,0.6983315950793607,0.6417753556290744,0.3860229931732414,0.6325200769413111,0.5976693241661332,0.9999999999999998,0.4244011930026215,0.6474864358477354,0.584058383091256,0.707007531398351,0.6456128108566577,0.45626715210057206,0.6273616572547462,0.24278914337001226
sleep on,sleep on,0.5325213875078924,0.3236049270326236,0.3914541118528972,0.36201963681194427,0.47153014860508957,0.4663385381560294,0.3842800986824,-0.28278730191865614,0.4005985679743243,0.20497161147275267,0.3152688115665599,0.44844424459562,0.28115631916729905,-0.018927644580371515,0.30400009316834714,0.4329409254904213,0.22679362684198434,0.3054533281093727,0.3986239355231192,0.4338905770328046,0.32441571054308727,0.44372330065385757,0.4604369823417075,0.16143310594132534,0.38025389739970455,0.12575368001065057,0.45149202173957703,0.3391000246718206,0.4525143099283551,0.35947344575788887,0.49896036220942996,0.32179296835587984,0.16186386176059334,0.1706818738753035,0.41308498484606404,0.2528409920788234,0.27432796938929843,0.2558408302808044,0.39517021664307966,0.14640640742878486,0.5432024188701395,0.33436989969428477,0.2126101901574904,0.23812959419980598,0.3137385702260028,0.4369977284310506,0.37146545898495703,0.14522641671420433,0.12182641866100381,0.10649378623653927,0.1375162966798907,0.43658949753414794,0.3021479964316132,0.3919803750304878,0.06424818303696224,0.4836019570383165,0.33971693356930294,0.25431989731038657,0.4980428713736354,0.2911074469470947,0.3449071870381928,0.4244011930026215,0.9999999999999998,0.2534864067894954,0.5769950639393675,0.1944027204705665,0.3317321246805954,0.26015725735728307,0.2865799011990672,0.35683435711236616
outside of,outside of,0.5236282401470443,0.46483190656999135,0.6709263338677335,0.7241840210050998,0.711022422913854,0.7611016445068131,0.7865791792939828,-0.48916344491603825,0.7838383091016375,0.6524284278028204,0.6795259383172203,0.12407796066497316,-0.1083141778859754,-0.20496025447398838,0.3592850259810903,0.673335726831346,-0.04675692179755127,0.19587888292170172,0.742776997601406,0.5479557738791747,0.723171779809751,0.1522578455043001,0.5150917661297139,0.6680588254884937,0.7133953494486494,-0.38017170729876015,0.7293333681470748,0.7053123121678078,0.45688083897404386,0.5790161708847682,0.47603670615323573,0.47796617286643134,0.4650944973964142,0.3885010421956916,0.4428519347199286,0.6367995853934536,0.6682443765454079,0.689053977034895,0.5817653546718816,0.6389715303029138,0.6171049426546048,0.3823974617432803,0.6101155982244849,0.5394564878947471,0.7135023988728608,0.5355139341755124,0.7499374436235452,0.7297381957712529,0.826421401136557,0.5735342480973064,0.6315981116203583,0.4219888556291386,0.43630603334886336,0.5783966928311369,0.5853726884774557,0.5019377416607407,0.5281704878782398,0.6467406901698033,0.04327736317818843,0.6346262364477059,0.6172196617332849,0.6474864358477354,0.2534864067894954,1.0000000000000002,0.43572090072058717,0.7045903178789933,0.5950667192635176,0.6136335173772939,0.3737623069447885,-0.1012824287375397
rest on,rest on,0.5730261587960349,0.48631263668331437,0.5662103457129264,0.6051842220191336,0.5330012817423554,0.6245923374895488,0.5600967731081459,-0.044292474319801815,0.5638150213015473,0.6447415046091557,0.5900306630813721,0.700243891268452,0.483855766861636,0.183008538609424,0.7142364752536626,0.4594820953350018,0.48328038089769215,0.18437919228222768,0.4270026908839553,0.7602348133519392,0.5561353222975258,0.5787848047929373,0.47058116051787824,0.5558803758833545,0.691769485697707,0.10284180925738358,0.6344148687392267,0.5564875421868157,0.4923594337146998,0.7198854785379342,0.6039793338074463,0.7206730431576568,0.5042441987093834,0.4912311025825919,0.7098814598133295,0.5327577898848985,0.5469538298125687,0.5883420821270275,0.88185443643129,0.4970747957438279,0.46334931681065256,0.8008588961614319,0.46641883432915254,0.4950782618223973,0.44359806377514893,0.4071561774749379,0.6208490943833812,0.4805187218427261,0.4801744143118859,0.5694315988649717,0.4384383591191941,0.7352227515775577,0.7493265676625998,0.5545757630853194,0.34434926795260573,0.8336314552450006,0.6654568079251496,0.35653695499983395,0.6379112988395835,0.5010872240729218,0.6072094674936114,0.584058383091256,0.5769950639393675,0.43572090072058717,1.0000000000000002,0.5245011833375488,0.4325802159893118,0.5212953687993742,0.44571976295787263,0.42152717966291486
follow,follow,0.5382711602663884,0.5619840220042226,0.5955814620691041,0.5359642160908069,0.8083146848179944,0.8328265120591256,0.8236533698766869,-0.4164887161551401,0.7870012527506698,0.6627534326591064,0.6649517318065603,0.35768942462549713,0.09133632011300184,-0.11140192472645571,0.23448499391041844,0.6993177891941872,0.205961731573419,0.27801438969071723,0.45786275595523984,0.5547243921418348,0.6770582500206213,0.29196660573308736,0.4340729154858819,0.6816678798939689,0.611165961049946,-0.25523759259936857,0.6583052035522682,0.789759692292359,0.5089886999331266,0.5207057135996371,0.5218799895535523,0.34675571481258943,0.41339541151378445,0.4548718676517762,0.5182363238204089,0.6423744487522388,0.7382411833440162,0.8373423667107908,0.6440569773220919,0.7432444056872374,0.4732788381264471,0.5651754307133342,0.7629679736730001,0.7184410960201163,0.7476539589971366,0.5466422767293461,0.6273173836479377,0.48146382697180795,0.6608651691476742,0.6478725663005015,0.662291615986058,0.46917112257844285,0.361124711390795,0.5875936515621767,0.3132512120270224,0.4299543392016068,0.678285888765686,0.6801387574065798,0.265644207942388,0.6920537277674096,0.7067094165204133,0.707007531398351,0.1944027204705665,0.7045903178789933,0.5245011833375488,1.0,0.5707682381603538,0.5141426847336673,0.4828480621276284,0.0035806335966187923
hit,hit,0.5424665467642503,0.33876798950578885,0.5953790800370344,0.44389165440006756,0.7473643472308187,0.7123127810127979,0.7865226428578422,-0.43380347846478456,0.7903717435220989,0.5322192043052921,0.75152008612828,0.15813424244964117,-0.11962727239021236,-0.08040497218208191,0.22407366899642242,0.5852389942850988,-0.03513783733654116,0.13262623325802095,0.49389503757381426,0.4972156692859636,0.688716909978634,0.034895216098813936,0.40177245411681123,0.5426348132284076,0.5009268834576563,-0.3292664196893444,0.7477781212302075,0.6134237569641375,0.5165788841093395,0.5453958142147395,0.5298782522959323,0.3898216957761653,0.31327737193103933,0.3467128000258691,0.2969033418797006,0.7139956603251513,0.6387819929315104,0.6523976557604139,0.478555393197812,0.4864981017271489,0.5007896391681532,0.28666710260353084,0.7314769386374379,0.6524169825074495,0.6858228438862551,0.581884632239982,0.6580925164315842,0.35802597545976245,0.6214552008267609,0.38572035393398574,0.6573766622562801,0.47137062714248307,0.41024204937954845,0.4849771350735947,0.32265021655522125,0.48514319132399125,0.6828502361755284,0.6417881211515181,0.10505511889983021,0.7316523111691048,0.6687589655431632,0.6456128108566577,0.3317321246805954,0.5950667192635176,0.4325802159893118,0.5707682381603538,1.0000000000000002,0.5384606763672096,0.7066802607495075,-0.07678492686292764
feed,feed,0.5093499278804016,0.49939737482632934,0.6066579165661853,0.4819012123863916,0.5600480028745285,0.5024026807395283,0.5402847789125048,-0.2796491715355882,0.5407515439395293,0.5565146363831716,0.44557646016643604,0.17694281866248388,0.020853356175061778,0.02551388303061741,0.3138361774943966,0.4666566591048501,0.10827444202938921,0.09872981975925568,0.4713583845643847,0.412129668785112,0.5417733138783766,0.19310090716498046,0.4073319700011858,0.5547456053624261,0.4879348456357225,-0.2710286085366695,0.5940588825889522,0.47557490306718936,0.4352306223221862,0.5605566772684656,0.5242192565185545,0.40371586154273864,0.24127497140562698,0.08984927742488268,0.3171862989970284,0.5913670033453735,0.7254434455265872,0.6187502679908825,0.4433437605238668,0.6770040066474559,0.4320634747474116,0.5788364247004477,0.6667538752654122,0.5937819337388006,0.687176084450194,0.3154293701791576,0.6594422188708865,0.4597347774775709,0.6077399163008994,0.7048275964562638,0.4893872843547353,0.27388918367288967,0.41049851748640165,0.7965359018972006,0.45409909181459585,0.46930695746716206,0.5669345382934127,0.5794133428412351,0.24646232414232258,0.7943137428982435,0.5390813916781664,0.45626715210057206,0.26015725735728307,0.6136335173772939,0.5212953687993742,0.5141426847336673,0.5384606763672096,1.0,0.32065233279706484,0.1472563274412014
kick,kick,0.45600591854099276,0.40944959333784475,0.442031224983045,0.4036746330397138,0.6139619620527225,0.6657416575777806,0.6342479470102388,-0.2795642336696949,0.6980969973890091,0.4662067550910272,0.6742228618377498,0.36159493279850546,0.17670629852085812,0.07421359992244343,0.2950944741521338,0.4107702739386171,0.17496463963286693,0.37770277883646847,0.3807995968481935,0.6344199055779352,0.6681588133284935,0.1564529291528201,0.35752176152447757,0.44151288271939576,0.43561695362231184,-0.09428636611274765,0.5719896865815869,0.6019248226995167,0.4370048734923683,0.4103850557069477,0.49083764481871006,0.38916969698402976,0.36469499556433604,0.4609559769955076,0.46350794519830807,0.6179265393923423,0.5377769943550484,0.5239926818121433,0.5570138332582488,0.3805779584216565,0.4791917009108032,0.2838482894573035,0.4526769065732943,0.5770178171749023,0.4957927596812046,0.5453536641856765,0.5051411444306195,0.3480299729708847,0.42265198424802924,0.1511937712908653,0.7289047890536391,0.6179952595526637,0.34932953384399706,0.32646345217567563,0.2809824358768793,0.47363745002938323,0.733930206482749,0.4334585439586502,0.2726007550086511,0.6216503694813827,0.5954766220926772,0.6273616572547462,0.2865799011990672,0.3737623069447885,0.44571976295787263,0.4828480621276284,0.7066802607495075,0.32065233279706484,1.0,0.14982990384157377
skate on,skate on,0.3241909095226274,0.1676214074100641,0.035059388303703004,-0.0849740052900187,-0.01596486054091202,-0.025446411723084886,-0.12405433686285405,0.35458454743691714,-0.0728670052114233,-0.08264657255880843,-0.16187661276278498,0.7020857913435923,0.8360822875235299,0.5343919985230302,0.29687867182015704,-0.05452648793482831,0.8254918992403407,0.45711462784202384,-0.0871323202024283,0.3348015782555781,0.017786749135892004,0.6807523050264245,0.4174216206242336,-0.12175263869994099,-0.029672716323355327,0.7949266074006275,-0.048227856922654834,-0.0019783353337582046,0.2961985900754493,0.014929147494815628,0.3568706022024623,0.0943295634364105,0.25183064300812913,0.30182829771435443,0.2611984147384493,0.08963810178875281,0.053495232561202644,-0.02394496803967706,0.2651505401606456,0.038077531977550955,0.22276570984431465,0.5388743438856421,-0.08984786679221718,0.1859237478828797,-0.05108809582146564,0.0018105224654613545,-0.0768082131989173,-0.10632010785155711,-0.13849456623216683,-0.006165155162034247,-0.01251744270710952,0.47490318943747956,0.1458430561068197,0.22285194016175203,0.04669391216965444,0.22599059671139654,0.262941713788855,-0.06616588466002662,0.8065460754628483,0.1328608097144262,-0.043225155840804975,0.24278914337001226,0.35683435711236616,-0.1012824287375397,0.42152717966291486,0.0035806335966187923,-0.07678492686292764,0.1472563274412014,0.14982990384157377,0.9999999999999998
