on,on,1.0,0.13252550052413054,0.2672436619175772,0.382492180109343,0.06095116863603646,0.31984639655072267,0.4031600006787378,0.2574649074157757,0.4152213396250508,0.09829623746053366,0.3351550585861083,0.6289802484383721,0.08523413093473592,0.3926334790883603,0.4374654233717421,0.09308325515658131,0.1578628551153749,0.14519457578270886,0.41138082583813806,0.47670360080231194,0.5071636175138502,-0.03214607763816184,0.004334733739493432,-0.07585892100801347,-0.05312079015438339,0.346704375293444,-0.051741954424061,-0.0738872534851519,0.4703342237034462,0.13739008101988812,-0.03801756811153107,0.21319163783664136,0.0766341886645816,0.31356192566071306,0.286359270343113,-0.00443550129398854,-0.06566078999630497,0.25515745625416364,0.07208954603745765,-0.13076818620696418,-0.2771192865714398,-0.15988654713768913,-0.0040564551547159905,-0.04003951291424664,0.31856538558140013,-0.1624154076608687,0.09229013839767314,-0.08899674764193681,0.057577859453304084,0.18079451124569704,-0.11922045401113507,-0.11915219363577773,0.11476584542354486,0.0800282133930017,0.008338695985808272,-0.19930513367227068,0.06171382762082629,0.1986852226020745,-0.16750951025625962,0.15141736530369584,-0.08267306374726491,-0.22980296497202773,-0.09689346130411766,-0.03752731163984979,0.036688972429825,-0.13682855325565507,0.027285166059814545,-0.02943887666717203,-0.019265796323001634,0.1426603873315214
wear,wear,0.13252550052413054,1.0000000000000002,0.0011945862743834718,0.01712924537756299,0.1611253876223361,-0.0024585235985998734,0.01876040685207528,0.07400850661324102,-0.01720460661622905,-0.04269895434748986,-0.003224600058087026,0.2717154779433239,0.23450132601666887,0.07784950965001877,0.0655616520086017,-0.082479861486698,-0.04424006961220235,-0.11540447003043919,0.1824503959100241,0.18077131874834512,0.07467316340124143,0.09005869174890907,0.23087998076535082,0.021897057911653972,-0.06101161048806558,0.17752387781145126,-0.08856572971661203,0.1409763244618094,0.07405972841576611,-0.043952389855823434,-0.006641359688867258,0.07894501331729614,0.05384191197186797,0.010582121886274283,0.032032724810562685,0.01885055732233938,0.07743481726667303,0.1129969801578761,-0.08252761631221806,-0.05902868093669212,0.07934703297256104,0.01639835948037744,0.1479479663584656,0.0627298758820552,0.03631266215651825,-0.01536754932224209,0.1757163328233199,0.17522133777913754,0.10358999177168152,0.040989775575980554,-0.03573654515383616,0.09544012845203417,0.09504033079670574,0.0694249501814912,0.14385970933983055,0.010969141164688223,0.10636501394955897,0.05732598724283363,0.011185527985220173,-0.05619885971895648,0.07700181596099527,0.08031928121079143,-0.015838271442118232,0.19830348487203114,0.12390948031517199,-0.07794434042919732,0.10858006296562106,0.1530804749351656,0.11169905450283572,-0.03445380342089394
above,above,0.2672436619175772,0.0011945862743834718,1.0000000000000002,0.3653127109729225,0.047025028302551064,0.4607225135101872,0.36424775402493625,0.2732901882457136,0.35521015384040266,0.6344057905208569,0.3569748432612866,0.2491186515651583,-0.03212463308695351,0.4112284748078318,0.2605211710812614,0.14750048089042195,0.3563308870347519,0.15142951419113376,0.16106925144623005,0.05974772923083594,0.30483139234613904,-0.06152053907380334,-0.01514507933481914,-0.06127275462140602,-0.07056991040243353,0.06422875898372896,-0.07976604986160477,-0.011411348270640241,0.1372019949862411,0.057393631647995685,-0.0024798013374024708,0.13286860681191437,0.10626608628814338,0.2823215937006434,0.2182656131879083,0.10037296446438765,0.12266819462235032,0.24658189741232375,0.24729712988670458,-0.032673800072772416,-0.13320802339703794,-0.052402384073122976,0.14785972287710278,-0.06323360856363464,0.08332877134998262,0.010958791382181504,0.05752207337065756,-0.047576845638327966,-0.03452516303879484,0.08001315165858788,0.01286016315491317,-0.030303056103119362,-0.02330022487630474,-0.013202751661030507,0.10067647553862685,0.011438772770359117,0.19177446316882557,0.0542300746867769,-0.036163885289081335,0.2508560967901043,-0.10592855875881774,-0.06621784875403372,-0.010626934461042424,0.07446166538248211,0.044078825448195365,-0.027640689394331244,0.10841305412864222,0.08589812859065853,0.11179682216615863,0.15961480841613795
next to,next to,0.382492180109343,0.01712924537756299,0.3653127109729225,1.0000000000000004,0.15582042573713697,0.46500855871851254,0.6245001650843718,0.3151771503308278,0.6937976255950722,0.23219029566107963,0.6581598954161196,0.35223964602365465,0.1353275752606965,0.3197242606107481,0.5059078528064065,0.19411646599614782,0.31129800456903056,0.22335052984722203,0.4052888259690013,0.2696803443491158,0.49968103802642405,0.03919890800975935,0.07117939160741776,-0.03075842329139985,-0.12211205352439,0.1543938150134499,-0.03327355063010643,-0.06737503598030527,0.3220374936744558,0.09734401056536822,-0.043496827735638156,0.1330247947564813,0.057345523154922896,0.19959263154152565,0.36226176852458636,0.10892948155715176,0.036216845226073956,0.2988099653886166,0.29348176054614067,-0.1209936709755152,-0.026538372430321665,-0.093325392320655,0.04090113805683854,-0.07375020120356315,0.08245306631981482,-0.13872186316952045,0.21073110745732512,-0.04445123832829416,-0.009563535047760646,0.04252049566021812,-0.1574969198525341,0.14636342398662386,-0.053660033104111535,0.0029840490772023096,0.24864652626598416,-0.0728138223912347,0.3124933029649092,0.09101843499191797,-0.02812031842487607,0.2996154587266619,-0.12203267706354447,-0.12462699851001117,-0.10570305680052065,0.17518396561410401,0.028613928709504195,-0.13534167789581328,0.2235216643565168,0.25555582378994046,0.19079829651782473,0.2680895815549678
has,has,0.06095116863603646,0.1611253876223361,0.047025028302551064,0.15582042573713697,1.0000000000000009,0.09925202638761702,0.1511646731370715,0.08214238357209303,0.07952737220784886,0.047941750890308096,0.08526878607975566,0.06578808016143571,0.2194202650787231,0.052559587256436974,0.0992728426468325,0.0519563778016378,0.0073626819522721616,0.0357511976991907,0.362289577194707,0.06579303813199289,0.11360872499561198,-0.018222322526625936,0.16357972853054925,0.0615923727570026,-0.021781638078919505,0.051507487744072836,-0.012833097507767021,0.04166955017682311,0.018459402207404146,0.05394277764421081,-0.018057189324326196,0.04499778370716877,-0.10328360010400325,0.013160297208018609,0.07548495116578922,0.030651317184366977,0.054212118608620796,0.05561673028444336,0.06674765957049827,-0.006962483954076615,-0.06296136691985227,-0.05786229665222388,0.31085326756267495,-0.03685015637230195,-0.04425328163895306,-0.09771676334006672,0.0746044709612807,-0.010786105520769581,0.01692715359438093,-0.03330510628095529,-0.10600305854159262,0.07814064074963034,-0.02910195255660572,0.04225341777540835,0.061056967995822255,-0.11426546800628257,0.05632096139695497,0.020887109604929156,-0.02553864608326155,0.017484961393562724,-0.03868136274620245,0.009233590978562255,-0.035639176193265114,0.043791857986050946,-0.05762561076436322,-0.0904033686789032,0.011120791509567669,0.033679853637793425,-0.06899212113798203,-0.019363862293436982
behind,behind,0.31984639655072267,-0.0024585235985998734,0.4607225135101872,0.46500855871851254,0.09925202638761702,1.0000000000000002,0.5327009468124833,0.25825143065631245,0.4167187654128412,0.37743421640996455,0.45611930462036854,0.24836882044638753,0.0650101186054312,0.2794606183731442,0.28352030268699147,0.21467934180413184,0.30144688612903636,0.23374554075616888,0.2422217716388486,0.10269113811989483,0.3180707970335826,-0.03659989471607379,0.01502500135366943,0.05111784364143294,-0.042073299656252575,0.1174084186005963,-0.02954201482752365,-0.04500281000678967,0.22349056516341115,0.020511509410214953,0.07098072378599901,0.14587997563553265,0.20599738813656168,0.31226763125411366,0.23813537351901032,0.12317791198816426,0.10049161213253202,0.2621006453531718,0.20771892568515538,-0.10712278860696128,-0.04271513338164778,-0.05891602042709426,0.08687238633069534,-0.08500473572418113,0.037503367606143416,0.025466201784763817,0.1872389896772847,0.025838257302928307,0.05542384692521278,0.03234090983651072,-0.020194257150615985,-0.04858282310831569,-0.05778916474572255,0.054851347116612104,0.3859004567687575,0.026599090249473822,0.3742386161769879,0.09520613093886837,0.023890239520779195,0.30848278202527923,-0.07372423418731539,-0.02749401705864487,-0.03457922425368236,0.1263339747095521,0.06252127580304172,-0.055562009933133136,0.2484235169752615,0.17528106068060156,0.23301453135360672,0.24964345872934457
in the front of,in the front of,0.4031600006787378,0.01876040685207528,0.36424775402493625,0.6245001650843718,0.1511646731370715,0.5327009468124833,1.000000000000001,0.31740936625308447,0.6137336282106857,0.230891354335843,0.5855963033231155,0.42729176045521666,0.13469615683272707,0.32399712325159513,0.47415899193244193,0.25157726143135084,0.31035442536152363,0.2818908552941777,0.38760624320510617,0.19070821030825774,0.44527708770373586,-0.011997314997219285,0.07082983756545881,0.040090910923814935,-0.10000066839529564,0.10211316200443019,-0.0552740906076771,-0.0007927258123557397,0.3679010278132864,0.028264205032055692,-0.005615686187294751,0.16552980454948957,0.17209199924800275,0.2562406143146711,0.3138987896414851,0.1326295395192481,0.027323887104366618,0.33962726705689117,0.23725357694424604,-0.14979519766718052,-0.005673538317968546,-0.04908936335961056,0.05483466274405556,-0.05989049720209433,0.011740627758853487,-0.039511786912202425,0.23958716582372078,-0.047131482294932095,0.07199540514103162,-0.005465348602613066,-0.11243089150484926,0.04418009293768342,-0.03879564630578146,0.0070024910980458575,0.3479133818627047,-0.08299503759768749,0.4624674809893553,-0.007842440841556702,-0.07793164941187057,0.4566259166573522,-0.07117607280012626,-0.11689951103673162,-0.04525443018894624,0.20692447197507807,0.01202584074496396,-0.13010033268441065,0.28311666134601954,0.21698880965996384,0.2852627730556474,0.2725417777943708
under,under,0.2574649074157757,0.07400850661324102,0.2732901882457136,0.3151771503308278,0.08214238357209303,0.25825143065631245,0.31740936625308447,1.0,0.30006579862548655,0.23331133946798888,0.2583078295032539,0.24911773922129618,0.05160598644872086,0.2905035054920635,0.3145726286123939,0.06391653786741178,0.4035626507648784,0.08461958289010879,0.22984551479171395,0.08538953500733928,0.2505732900712798,-0.05245898941431958,0.13379440600956677,-0.03699679685112321,-0.04974047302224699,0.06016013232321411,-0.030099705237177123,0.032945362964279065,0.1729010209041229,0.03564399794791809,0.10855711198045591,0.14876667523894646,0.027615797268522528,0.27371284883914804,0.2304853348627942,0.055048255691922614,-0.06978154857957589,0.17930389218675735,0.11395946080891141,-0.05313846136399089,-0.12862343614464367,-0.012588813121819517,0.01626577448111538,-0.14065880538515665,0.03756541014593577,-0.11519821913573972,0.11563098555765355,-0.018344681446446062,0.0039051061849826943,-0.0034789944727792108,-0.1073545851380735,0.05855806221192968,-0.022139176135913707,-0.06055170587272402,0.07785150236787053,-0.11749810441203705,0.09337770251349221,0.0709803161016811,0.003814667381194313,0.1948505171553015,-0.10644811972861043,-0.07905102731273773,-0.03474080405139903,0.4744060001745523,-0.025371354466346936,-0.005729649820213071,0.08623775529923171,0.37752983336573454,0.08343250552787998,0.09018471498779151
near,near,0.4152213396250508,-0.01720460661622905,0.35521015384040266,0.6937976255950722,0.07952737220784886,0.4167187654128412,0.6137336282106857,0.30006579862548655,1.0000000000000004,0.25363838726810506,0.5877869901342863,0.3690017133148834,0.07947901140686728,0.34199439444465346,0.453451605485667,0.1782563070736367,0.28508501102395173,0.2171593218089437,0.3798349995161153,0.2871320965500014,0.39891814398270276,-0.03416111283281279,0.1020325284259641,-0.05536747907452688,-0.05855148708621249,0.18621411883579736,-0.02353965551575109,-0.06550314744338431,0.3907367287983169,0.1003332637530325,-0.023233710923855285,0.09448684844378477,0.12900828445732831,0.1892554219729835,0.29631631471619224,0.11339080804878753,0.03208602549925582,0.2662341089857776,0.3086719764829099,-0.12832011750509573,-0.010185873985851204,-0.04971977426412328,0.06921463618338944,-0.0661120568873012,0.1280774415489496,0.024117763388485786,0.21717357420426125,-0.05666614189488009,-0.017489556699396572,0.10094779814095581,-0.07148943655473086,0.06364006095175079,0.0050894374994500426,0.03626731696609768,0.25228317903648184,-0.10310239326777981,0.3223386247829382,0.12865628181176894,0.015105319008782508,0.3160965389731475,-0.026997799729369835,-0.11810465890067987,-0.011706025727346775,0.1875148132500456,0.08417999139388502,-0.09967826886760996,0.23306004633379815,0.20996410272573068,0.24137270289360824,0.2937614606700536
below,below,0.09829623746053366,-0.04269895434748986,0.6344057905208569,0.23219029566107963,0.047941750890308096,0.37743421640996455,0.230891354335843,0.23331133946798888,0.25363838726810506,1.0,0.2301117089409907,0.040430454789896826,-0.03984346471970415,0.23444135833451624,0.13859102031838244,0.22849994767497644,0.38466564215758636,0.22609403016425816,0.038824798632731916,-0.027868342466447565,0.23503415299799305,-0.10074766030676484,-0.009594782311040833,-0.029402025498503483,0.010829099497723886,-0.0033654082516186568,0.041436781286664226,-0.03447110141870836,0.1155571001131635,-0.02826294946910979,0.014799650652516172,0.10885263024825065,0.16913701793962171,0.23005180438513986,0.1181266990837057,0.08866054020304331,0.16372178376655108,0.12512742909695762,0.23156412647805666,-0.10495687899530495,-0.1265612401452634,-0.03396580807060483,0.11450691989115552,-0.022549331322938872,0.013751425510765417,0.04774863769107556,0.0229778192471145,-0.029444064491437667,-0.02862880360846341,0.09881274188987826,-0.0300418419609726,-0.06360669891109098,-0.012441043809106218,-0.04460958242396329,0.14614731473322484,-0.008315204576365174,0.18281197730554938,0.05396952759740186,-0.057613570503584746,0.1959868464504859,-0.16728801648481884,-0.06446485768443119,-0.0204855272089092,0.1239090787814858,0.06662031236737201,0.04601380261313471,0.10033030746234711,0.13694771196763755,0.11550153500971375,0.13068539328958068
beside,beside,0.3351550585861083,-0.003224600058087026,0.3569748432612866,0.6581598954161196,0.08526878607975566,0.45611930462036854,0.5855963033231155,0.2583078295032539,0.5877869901342863,0.2301117089409907,1.0000000000000002,0.3173851444670298,0.05751518019418822,0.3061805731919163,0.4256056134270685,0.2573954116120129,0.389336551994632,0.27251897862156316,0.26418956866899374,0.16909515133300046,0.42817744908848965,-0.05991707091869137,0.08570026414452675,-0.040731757312174544,-0.13213131244136792,0.10422181364686631,-0.10167877842881506,-0.0318944549054947,0.29378319761873245,0.03897237814159921,0.049926913898782496,0.1645011300861437,0.0952273296293793,0.2749255368957567,0.29540040346305624,0.13054907135217617,0.1480898392267794,0.273036099965163,0.32267569432376997,-0.12108129513387866,-0.028819518227008397,-0.013031881482074667,0.06769399218261031,-0.007575343370809404,0.16406667534186775,0.0079803481927514,0.2644448060781826,-0.06520093776232386,0.023180519681751312,0.13933380299228676,-0.03025537758160589,0.1244554796777481,0.06705623426737838,0.041145669025428225,0.30894629634691206,0.047279100243196606,0.3788023012466152,0.14414489837110106,-0.019052909260827908,0.3786284486206931,-0.12121962940301934,-0.07187174732786462,-0.06849854841452586,0.21239609575288743,0.11128219007691978,-0.06603467383230388,0.261106246328564,0.2379136456846938,0.2608423030206004,0.32031520562264115
in,in,0.6289802484383721,0.2717154779433239,0.2491186515651583,0.35223964602365465,0.06578808016143571,0.24836882044638753,0.42729176045521666,0.24911773922129618,0.3690017133148834,0.040430454789896826,0.3173851444670298,1.0000000000000009,0.04926355115910361,0.3394101926973353,0.4273548591575005,0.022607195202110165,0.16243164355220469,0.03271937261512815,0.3799242100471256,0.2791050023174823,0.35636478299144314,-0.019704584233704997,-0.02118375612155716,-0.08014208828199683,-0.13003419368271946,0.17366620914975178,-0.15318579833197765,-0.07442064308559367,0.45986425629853056,-0.08374067909849219,-0.10612030501238605,0.06675515933116011,0.03356119319404678,0.3275435359105373,0.27124657837341787,-0.02353796828921842,-0.04295867649943724,0.37109247336629175,0.09987998942800355,-0.10969532490212837,-0.15326965633117,-0.12178159099780184,0.037511377087822914,-0.0672995667780386,0.11724677316254682,-0.1350829914909169,-0.006422356572168808,-0.030538608112883756,0.0831865874821693,0.015615229980156442,-0.10863676058113145,-0.06954521300928185,-0.05525257761717367,-0.038823919956803364,0.015523906701176784,-0.17022734451236676,0.04547557778498864,-0.024044195021874357,-0.11288996550350056,0.2743780105306036,-0.08223936277330754,-0.12732250076076562,-0.12165291829588498,0.039800740238081646,-0.056111670440114766,-0.20231041126387933,0.023756705352633006,0.06814401891869697,0.054237612343810554,0.07766728285910615
hold,hold,0.08523413093473592,0.23450132601666887,-0.03212463308695351,0.1353275752606965,0.2194202650787231,0.0650101186054312,0.13469615683272707,0.05160598644872086,0.07947901140686728,-0.03984346471970415,0.05751518019418822,0.04926355115910361,1.0000000000000007,0.019996595618563907,0.11277725413209772,0.07229896725432834,-0.023184926365317368,0.05638279360688413,0.21950651284380482,0.22494027901308106,0.09052702602376081,0.20352060640630382,0.4121025655101265,0.21614990985274526,0.20003562385202467,0.1765460187888747,0.1622868608290009,0.25281349479177073,0.08742759184508497,0.06194059203219532,0.13501315363408706,0.13859646191081343,0.11647405824715479,-0.005498872578929944,0.08848009531266265,0.06794625817844147,-0.014767142662165039,-0.011645591408389609,-0.011510632483804698,0.17354496888398857,0.11310959222301645,0.19354776773653096,0.14559848649456314,0.17180184069298038,-0.05008173984784489,-0.04234667972477914,0.20974923441254656,0.2171292527755082,0.18472559737176975,0.062174900595845115,-0.0161338586449416,0.3475442645143574,0.006731967358078558,0.06402759540710104,0.24538981542867666,0.09618229497033472,0.1850391266607046,0.0752942968811631,0.18558255433978782,-0.08432773010592305,0.2131715722124017,0.04913777364109568,0.11558825874362334,0.14732795683747585,0.023080236570445264,0.007375864144099837,0.18875527806780282,0.19673374870448196,0.1405142935208305,-0.020215496146062304
over,over,0.3926334790883603,0.07784950965001877,0.4112284748078318,0.3197242606107481,0.052559587256436974,0.2794606183731442,0.32399712325159513,0.2905035054920635,0.34199439444465346,0.23444135833451624,0.3061805731919163,0.3394101926973353,0.019996595618563907,1.0000000000000009,0.35049690339804135,0.06686682722597531,0.2609818976264361,0.08614357342877707,0.2165666006610793,0.19035558238621123,0.3833057965354996,-0.03155869077086263,-0.0002621052413313285,-0.11417634026851256,-0.07637674418809016,0.2232561655107607,-0.05434074449586862,-0.0004750033884886283,0.2997962511338077,0.025852451754789292,0.004164300487257969,0.09380299217675779,0.05572778645047257,0.37988551485275585,0.3175710386982536,0.04461084415014711,0.02265430490483447,0.25638043297719354,0.13131352901364923,-0.15239076338943408,-0.15236720370176,-0.17127095252384578,-0.025695718635696668,-0.09360764514305786,0.09830058937171798,-0.011976306293562364,0.18268862992506582,-0.011685895574679365,0.018182228224905908,0.012847681568893682,7.413295099964468e-05,-0.020093592687284903,0.026428404340547273,0.02556931291173023,0.09151735039791802,-0.07246397862660642,0.15362663818880087,0.14103057197421406,-0.05266333325750841,0.2018984260881483,-0.1552685505193907,-0.09101994294173472,-0.0641840437531176,0.18223559052346575,0.07769691669293563,-0.04674241482308889,0.05221425044589445,0.05775550346745999,0.08639088806384926,0.16907930437928803
by,by,0.4374654233717421,0.0655616520086017,0.2605211710812614,0.5059078528064065,0.0992728426468325,0.28352030268699147,0.47415899193244193,0.3145726286123939,0.453451605485667,0.13859102031838244,0.4256056134270685,0.4273548591575005,0.11277725413209772,0.35049690339804135,1.0000000000000004,0.038173738744916655,0.24662741417124345,0.09449059871899995,0.3390084256334077,0.2422933302717951,0.3169863946827316,0.010594988130341002,0.0401331368434502,0.013668220218529384,-0.12194849484757055,0.1148911671125987,-0.07035136134401763,0.07904984179251388,0.35998451696296696,0.016823459909452824,0.04379469555880078,0.07316857889144214,0.10061450840714561,0.24631241993932218,0.29442017424368216,0.04630395495237575,-0.0732258976542718,0.1855810481240873,0.12535340319938443,-0.11438132501808984,-0.04687458455538518,-0.08885093141297348,-0.02427808305313372,-0.08472842804151406,0.09097280901560412,-0.12832173606245187,0.10172621780331914,-0.04779232254568607,-0.0027106199460052785,-0.015170485067553134,-0.10084751446885573,0.026729233590496674,-0.06052478453037971,0.055392194115096535,0.12337398594147905,-0.13516067304268276,0.17288939832697559,0.02407804733692038,-0.0980417351004551,0.23168720273943744,-0.08910146645883288,-0.11218097710300418,-0.06427149679321925,0.11324961423539018,0.08114739216320849,-0.1179960519616555,0.16403359513117455,0.14440038979394662,0.11318201898773007,0.16175554110226675
on the left of,on the left of,0.09308325515658131,-0.082479861486698,0.14750048089042195,0.19411646599614782,0.0519563778016378,0.21467934180413184,0.25157726143135084,0.06391653786741178,0.1782563070736367,0.22849994767497644,0.2573954116120129,0.022607195202110165,0.07229896725432834,0.06686682722597531,0.038173738744916655,1.0000000000000004,0.2830097291584697,0.7861692312931816,0.032220478422897436,0.0944819112714024,0.202401012225365,-0.08283946928269642,0.10206130716146891,-0.030877623851732157,0.09801572289926853,0.1996886614748824,0.07041127383401123,0.0018134253749502432,0.12075674002582819,0.0239750800332009,0.09571497349195526,0.18572866530582413,0.07345557352879134,0.13366582457524775,0.06397764914905144,0.22239476590037302,0.18718959914273375,0.09945996892642989,0.346046837146614,-0.012582155596244255,0.01208375849360108,-0.0013998709832023816,0.05814478936147956,0.010754766227020714,0.171452334859794,0.1580503089379921,0.231610070083952,-0.0807062577918341,-0.022432720391376615,0.34093571478471646,-0.038206301107519686,0.056703863759092546,0.12158586666285241,0.17403116868359322,0.30133076983633134,0.03909969119857654,0.27204016556377314,0.22923562095309713,-0.07440272054499825,0.19825749344854787,-0.024671808413948643,0.041741980622879066,0.03825797080053641,0.1847570110526876,0.11486325495801106,0.010128660239625631,0.19591332892202973,0.2045046520492347,0.21941669923360835,0.250358601437554
beneath,beneath,0.1578628551153749,-0.04424006961220235,0.3563308870347519,0.31129800456903056,0.0073626819522721616,0.30144688612903636,0.31035442536152363,0.4035626507648784,0.28508501102395173,0.38466564215758636,0.389336551994632,0.16243164355220469,-0.023184926365317368,0.2609818976264361,0.24662741417124345,0.2830097291584697,1.0000000000000002,0.27289905778208623,0.11026153849878216,0.10030225412397174,0.32781573143503573,-0.048288694306681326,0.0541665828005904,-0.016024033594701576,-0.0850486950575268,0.11165092994041403,-0.0730609184075441,0.09995087011456869,0.10768985758763586,0.03517134338112622,0.20383457579637926,0.23230373133616225,0.10424275242883932,0.3428940853276421,0.18890684585700918,0.11620942571353834,0.196610658517899,0.16056710303154875,0.3785983734507691,-0.0988819674727005,-0.0695375364878874,-0.0017280604339870512,0.06173467542412787,-0.09934365794279726,0.10240025244284481,0.09318297206897601,0.20468902424144836,0.0016190134543630427,-0.03759105809244556,0.32036308457336415,-0.019758776848002285,0.11675053227621832,0.15680697157932827,0.0049640417458706836,0.2611698365320519,-0.016200513648156015,0.27075692563512277,0.2863473493477891,-0.0013985199052269914,0.22103452814935592,-0.11264011432257821,-0.09478102870390023,-0.049403016069540825,0.332365463694251,0.17070087391758196,0.02751810593424916,0.18729257346692868,0.30373919000057237,0.24945120973390317,0.1830236248278594
on the right of,on the right of,0.14519457578270886,-0.11540447003043919,0.15142951419113376,0.22335052984722203,0.0357511976991907,0.23374554075616888,0.2818908552941777,0.08461958289010879,0.2171593218089437,0.22609403016425816,0.27251897862156316,0.03271937261512815,0.05638279360688413,0.08614357342877707,0.09449059871899995,0.7861692312931816,0.27289905778208623,1.0,0.0616314749289628,0.1739843303405716,0.2028726701037433,-0.037153050304771146,0.0883213151558858,-0.03560672290703539,0.11786430718314697,0.26298913568979965,0.11333538146280653,-0.026863136915699685,0.12838562917129528,0.059900006578991555,0.026325872643187885,0.16637752163461922,0.08380116958493661,0.12117560940811122,0.15393146046861161,0.20478850596739276,0.1164263143097686,0.04678027003522313,0.3349520696692623,-0.011458089854536918,-0.012660084851215723,-0.03553657848435962,0.06407730017227502,-0.01157530900010803,0.16272122043983478,0.13469681210540788,0.23593864687472804,-0.07162870918172774,-0.03221882226204915,0.3361941671298495,-0.11752729568668599,-0.011919330404034447,0.12638665083145983,0.19145511930818415,0.2815238070689707,0.06693345552778236,0.27211674876514025,0.2347225758712469,-0.06891448615741101,0.20387069229534438,0.031201494972455578,-0.043832764028458995,0.08496108875327245,0.1967633847889534,0.20691798195385447,-0.0028682914259544586,0.23240718273227992,0.1627097381925117,0.20911568437322647,0.208823330778076
with,with,0.41138082583813806,0.1824503959100241,0.16106925144623005,0.4052888259690013,0.362289577194707,0.2422217716388486,0.38760624320510617,0.22984551479171395,0.3798349995161153,0.038824798632731916,0.26418956866899374,0.3799242100471256,0.21950651284380482,0.2165666006610793,0.3390084256334077,0.032220478422897436,0.11026153849878216,0.0616314749289628,1.0000000000000009,0.11329147903528569,0.22301751922989127,0.029862946022811362,0.16609869414704298,-0.024616332388230786,-0.12038203157143264,-0.030586393966585117,-0.0676571156971851,-0.07308777535450475,0.23875793819901564,0.07917497002646098,-0.11601706388949713,0.024007135433968815,-0.057890986458490716,0.0806809623780647,0.1849781070769702,-0.015101870723649708,-0.08469848420324426,0.07780508253703766,0.051062760972992983,-0.07249889961565967,-0.1586123595663734,-0.08499013355435059,0.1350591111966073,-0.09966624956210418,-0.08640000835742756,-0.17799121937590717,0.06053171724018457,-0.06656687693561265,0.05452656225369204,-0.07390505642583355,-0.25756966405608983,0.040463886669920304,-0.14567722833030564,-0.10182359904134561,0.02672442368583826,-0.17965924895133528,0.11823131107434895,-0.06297089001489338,-0.13606410553356946,0.06837843398534274,-0.14500323210884605,-0.11155989069501147,-0.171617657239709,-0.010433074156273904,-0.09547734860298107,-0.17971343568736767,0.05654683457067695,0.029436615597595882,-0.030648383215299228,0.0578272203199046
sit on,sit on,0.47670360080231194,0.18077131874834512,0.05974772923083594,0.2696803443491158,0.06579303813199289,0.10269113811989483,0.19070821030825774,0.08538953500733928,0.2871320965500014,-0.027868342466447565,0.16909515133300046,0.2791050023174823,0.22494027901308106,0.19035558238621123,0.2422933302717951,0.0944819112714024,0.10030225412397174,0.1739843303405716,0.11329147903528569,1.0000000000000004,0.346517454902879,0.16613380022961705,0.17465506508578568,-0.020283200430133645,0.12443811604396694,0.6250522787640196,0.1896610182976073,0.08553464390063434,0.24012410776405366,0.16222244771083003,0.0849043019731703,0.26487133325719414,0.0977920857915089,0.11721969786490266,0.17471916213380861,0.10601181845703075,0.05530196235560676,0.12586913017650136,0.10605664564433188,0.050205876926458747,-0.011768422899138934,-0.02335360146779482,0.07699220181257532,0.04265444887801028,0.40904185539280147,-0.01800694392281759,0.3469616897284825,0.11773434817784018,0.016818988074970814,0.41957345170478266,-0.05391880984082205,0.1823575165369376,0.3816468726879893,0.14913804633987435,0.21325291663588425,-0.07350138337510159,0.300130029374424,0.4488116073933433,0.03620806118763756,0.033805556362275724,0.12750754723235364,-0.06228143932890668,0.05055005479583255,0.16546662745949348,0.21406655092757754,-0.012822603225753244,0.18482722610565772,0.274404315742524,0.22931984955505197,0.1756926969808833
on the top of,on the top of,0.5071636175138502,0.07467316340124143,0.30483139234613904,0.49968103802642405,0.11360872499561198,0.3180707970335826,0.44527708770373586,0.2505732900712798,0.39891814398270276,0.23503415299799305,0.42817744908848965,0.35636478299144314,0.09052702602376081,0.3833057965354996,0.3169863946827316,0.202401012225365,0.32781573143503573,0.2028726701037433,0.22301751922989127,0.346517454902879,1.0000000000000004,-0.050653508848311546,0.07482536293984814,-0.1670165089453453,-0.15877625403791296,0.29621139486954917,-0.1193288787124308,-0.0007571607457591903,0.2753782021491246,0.13755271754094514,-0.032116680291756974,0.2610690358873722,0.07439831401499634,0.2625860197745945,0.3035160720545309,0.045903195696769886,0.07189978527136373,0.35879387005045793,0.1584740358394921,-0.11901350462665866,-0.17753347779174453,-0.07990545671536445,0.2084804474686476,-0.03791009309784525,0.1833410147970993,-0.0736014300647255,0.1756007353026559,-0.11671847446132885,-0.018341417542909487,0.15499689719070395,-0.06988478773458404,0.035130375244582845,0.09702297265207155,0.10328033383529203,0.2167569475753543,-0.1212267146328487,0.256407619866187,0.23373597229855142,-0.08835814016148376,0.24711302752214664,-0.1505199757844216,-0.10479671871926262,-0.11954345286888346,0.1334069601377721,0.013711475344711812,-0.09280621130068634,0.09501059198988439,0.20775723542574812,0.1488644988206661,0.2270503094239123
ride,ride,-0.03214607763816184,0.09005869174890907,-0.06152053907380334,0.03919890800975935,-0.018222322526625936,-0.03659989471607379,-0.011997314997219285,-0.05245898941431958,-0.03416111283281279,-0.10074766030676484,-0.05991707091869137,-0.019704584233704997,0.20352060640630382,-0.03155869077086263,0.010594988130341002,-0.08283946928269642,-0.048288694306681326,-0.037153050304771146,0.029862946022811362,0.16613380022961705,-0.050653508848311546,1.0000000000000007,0.24124121570339713,0.19256021520346545,0.12151507329217921,0.1692216754536417,0.11517678783406674,0.10617710278622053,0.015781635784484112,-0.05094408110402,0.09841820591988011,0.041656019574459004,0.08392915790541583,-0.13791600379565722,-0.042974704172260625,0.10730685893100149,-0.047105152428382285,-0.09403788574033761,-0.028623559195455728,0.3222432399548677,0.1851246459945609,0.20803103935188405,-0.1424249263327187,0.4005013327424542,0.05538694589950388,0.14906042511794937,0.11731915420774106,0.09317110341738585,0.07120530462569416,0.02507887434319956,0.07795199890070412,0.15562436794490508,0.009169093611878391,0.17230848025012285,0.04858798845121093,0.20678173842067976,0.07439019202408158,-0.020012564798774002,0.1499449030531681,-0.06941029471707742,0.4817373857114423,0.14519345350784651,0.3122127996438411,0.08642856776420037,0.16688419930828602,0.03148377164521984,0.2784317610714642,0.08629877835914863,0.1951399776196629,0.13836184076790325
carry,carry,0.004334733739493432,0.23087998076535082,-0.01514507933481914,0.07117939160741776,0.16357972853054925,0.01502500135366943,0.07082983756545881,0.13379440600956677,0.1020325284259641,-0.009594782311040833,0.08570026414452675,-0.02118375612155716,0.4121025655101265,-0.0002621052413313285,0.0401331368434502,0.10206130716146891,0.0541665828005904,0.0883213151558858,0.16609869414704298,0.17465506508578568,0.07482536293984814,0.24124121570339713,1.0000000000000007,0.11034032266408236,0.04111994533375645,0.16094059614654724,0.05621425050779233,0.17904287696257085,-0.014143359731714794,0.03860428646900081,0.14565756903288446,0.2713465504359105,0.11709917639978762,-0.015203557694529878,0.03626741677205983,0.09628832393195745,0.07262776064975007,0.03771120945992973,-0.008469870735513241,0.20602160959676505,0.13577317439011208,0.37558243075903897,0.3246733391418752,0.3034304020440125,0.044005966263284735,0.1091838638267475,0.28330431745228757,0.1643214466571353,0.08616308891527352,0.11567657406471665,0.009701145296741029,0.33505735549651516,0.18453888039561797,0.23640786490124743,0.24194756521201713,0.3115296709320109,0.25316079861518553,0.195724886283426,0.2788892117169673,-0.03215240835946036,0.25343654589644393,0.1478370694334798,0.19489625708038635,0.21048369998553484,0.1433909639830481,0.09658573473309792,0.23425659502843657,0.23059235468913675,0.21709522430721884,0.07809428698451112
look,look,-0.07585892100801347,0.021897057911653972,-0.06127275462140602,-0.03075842329139985,0.0615923727570026,0.05111784364143294,0.040090910923814935,-0.03699679685112321,-0.05536747907452688,-0.029402025498503483,-0.040731757312174544,-0.08014208828199683,0.21614990985274526,-0.11417634026851256,0.013668220218529384,-0.030877623851732157,-0.016024033594701576,-0.03560672290703539,-0.024616332388230786,-0.020283200430133645,-0.1670165089453453,0.19256021520346545,0.11034032266408236,1.0000000000000007,0.13964160491322408,-0.027796365707741952,0.2140704270323377,0.16241422470721095,-0.26667889028287767,-0.011404030619851627,0.12056672047756956,0.0018618082734720431,0.24142145875718024,-0.11701276708742592,-0.02839014266683245,0.1203638472989029,0.0004931286612557678,-0.11207296794103835,-0.043221983130576604,0.22612813356131056,0.1497843690921273,0.20196541481220853,-0.07499667497232848,0.15407913297952164,-0.062039347762568864,-0.0023332393173077226,0.05066051560678703,0.2303721738578634,0.233801994855255,0.033456869355765334,-0.04019470154270824,0.10213718660588306,-0.019545429259518694,0.008110661518700628,0.09021206551131714,0.1246453573842516,0.05679166319230636,-0.03058404582698657,0.14739731304190304,-0.11073354182645953,0.28987857943689466,0.09709615618777621,0.1747041241844353,0.03471316384728005,0.038089835503038294,-0.023599012490807064,0.13432850594467471,0.032415936407018425,0.16893353945106657,-0.02158074709047073
stand next to,stand next to,-0.05312079015438339,-0.06101161048806558,-0.07056991040243353,-0.12211205352439,-0.021781638078919505,-0.042073299656252575,-0.10000066839529564,-0.04974047302224699,-0.05855148708621249,0.010829099497723886,-0.13213131244136792,-0.13003419368271946,0.20003562385202467,-0.07637674418809016,-0.12194849484757055,0.09801572289926853,-0.0850486950575268,0.11786430718314697,-0.12038203157143264,0.12443811604396694,-0.15877625403791296,0.12151507329217921,0.04111994533375645,0.13964160491322408,1.0000000000000009,0.16380120426934364,0.7792273425796818,0.08491901945171947,0.002224939773032739,0.022145039192372852,0.05568939229333997,-0.025447558845546534,0.15384739859561253,-0.07710240131658735,0.02631159319551995,0.2063202362727077,0.0181466127396089,-0.14140348878857345,-0.04111328281543841,0.14840587999146326,0.1000567563325162,0.08600697062493474,-0.16710793534122892,0.15980539285817608,0.03153803344273329,0.14391005256245654,0.10627414485247555,0.10845951228384354,0.09364901654076235,0.08060689709220235,0.101573210706737,0.0649533647572802,0.09015785388286239,0.04629596111923787,0.15078056453859143,0.20035888731164642,0.10227869369103466,0.04369299342135437,0.16591962527428147,-0.055777057754768974,0.30792533784533027,0.11071448210977375,0.6862963353171752,0.13644479738496998,0.03416198694330582,0.6158855008129953,0.19036743908917603,0.05935594749056546,0.12057944613446643,0.006790458966215298
stand on,stand on,0.346704375293444,0.17752387781145126,0.06422875898372896,0.1543938150134499,0.051507487744072836,0.1174084186005963,0.10211316200443019,0.06016013232321411,0.18621411883579736,-0.0033654082516186568,0.10422181364686631,0.17366620914975178,0.1765460187888747,0.2232561655107607,0.1148911671125987,0.1996886614748824,0.11165092994041403,0.26298913568979965,-0.030586393966585117,0.6250522787640196,0.29621139486954917,0.1692216754536417,0.16094059614654724,-0.027796365707741952,0.16380120426934364,1.0000000000000009,0.07193985510595584,0.11147563224762093,0.2216300330300239,0.053673397347038576,0.10449841966222585,0.20384384430239486,0.15980063910719303,0.18442644899095711,0.17825691904332558,0.09918136510855945,0.16026539153634856,0.07755304941079331,0.17047527283465147,0.047234959697420274,-0.009222186241627947,0.017440702800160073,0.05921613989010094,0.05396339445065658,0.4623782837400033,0.1598908136067645,0.3540705488729091,0.07974043799499331,0.014631178432442792,0.3992539284706872,0.044360822176628095,0.19133858625017341,0.37642541587384803,0.22824702865703136,0.3230752142482507,-0.01723005280441226,0.286480075255103,0.41555946967857776,0.058161059268550294,0.00520785080953446,0.24680435400513417,0.02418323723081682,0.13859987553012254,0.2786334054007366,0.347998794080852,-0.01893321297935208,0.2596617011840412,0.22584417595262013,0.27892143724667573,0.21783908863430818
sit next to,sit next to,-0.051741954424061,-0.08856572971661203,-0.07976604986160477,-0.03327355063010643,-0.012833097507767021,-0.02954201482752365,-0.0552740906076771,-0.030099705237177123,-0.02353965551575109,0.041436781286664226,-0.10167877842881506,-0.15318579833197765,0.1622868608290009,-0.05434074449586862,-0.07035136134401763,0.07041127383401123,-0.0730609184075441,0.11333538146280653,-0.0676571156971851,0.1896610182976073,-0.1193288787124308,0.11517678783406674,0.05621425050779233,0.2140704270323377,0.7792273425796818,0.07193985510595584,1.0000000000000007,0.09043503631976763,-0.053699243132225065,0.06737223846727307,0.03627000042062823,-0.03184080745147426,0.08750151150686246,-0.11677727352827724,0.017086666705429996,0.22575279984900717,-0.03847172542173602,-0.16102278945772394,-0.03691068023098551,0.11341914923436414,0.04503492488716158,0.03895196697654552,-0.1398784527758388,0.1521026918590328,0.03326451002321267,0.06853713715763611,0.08024747977803588,0.13220598796353725,0.0839800601262966,0.10207525855536258,-0.0060966899570861835,0.10517083120915095,0.13008720914921512,0.012034742275208617,0.07320435350046473,0.10963875702250145,0.09201357909511995,0.11446519144204796,0.1246179792076905,-0.05042006756011876,0.19823291774936044,0.09005734529738979,0.6159117205840636,0.0968720417208154,-0.015377768674170324,0.6329198017824706,0.13272157271730345,0.10937217820549669,0.08339107343394447,-0.0026456592518153046
use,use,-0.0738872534851519,0.1409763244618094,-0.011411348270640241,-0.06737503598030527,0.04166955017682311,-0.04500281000678967,-0.0007927258123557397,0.032945362964279065,-0.06550314744338431,-0.03447110141870836,-0.0318944549054947,-0.07442064308559367,0.25281349479177073,-0.0004750033884886283,0.07904984179251388,0.0018134253749502432,0.09995087011456869,-0.026863136915699685,-0.07308777535450475,0.08553464390063434,-0.0007571607457591903,0.10617710278622053,0.17904287696257085,0.16241422470721095,0.08491901945171947,0.11147563224762093,0.09043503631976763,1.0000000000000007,-0.02957701175540933,-0.08921772961611107,0.19624751238609997,0.18018758026324144,0.20345272257144945,0.02313644904493154,-0.0013472412962458255,0.029988549337269795,0.032705698912018875,-0.09342200778391081,0.06119737298667505,0.08390666582763716,0.25573177166713945,0.10560665156778515,0.08067295893010969,0.08709685745545802,0.02413142507597734,0.1264523998858525,0.2084922395554929,0.20682803512834302,0.07790447589968937,0.07219705046595065,0.1216305190972993,0.26230942510580013,0.14326087593928297,0.13730818454274954,0.1696361580022058,0.10596681744760558,0.22114691116264945,0.1306048843495008,0.2711871229601283,-0.017694723594772074,0.03754941169264503,0.034015890986146026,0.0678370275572775,0.21252280587012443,0.12499836821255095,0.10001044394935102,0.23118998798066828,0.19358412294418909,0.17599376613139167,0.01578753648928988
at,at,0.4703342237034462,0.07405972841576611,0.1372019949862411,0.3220374936744558,0.018459402207404146,0.22349056516341115,0.3679010278132864,0.1729010209041229,0.3907367287983169,0.1155571001131635,0.29378319761873245,0.45986425629853056,0.08742759184508497,0.2997962511338077,0.35998451696296696,0.12075674002582819,0.10768985758763586,0.12838562917129528,0.23875793819901564,0.24012410776405366,0.2753782021491246,0.015781635784484112,-0.014143359731714794,-0.26667889028287767,0.002224939773032739,0.2216300330300239,-0.053699243132225065,-0.02957701175540933,1.0000000000000002,-0.044220874170218825,-0.06157580437253843,0.02925203131153368,0.1460484026015254,0.16900478904482719,0.19157425521177257,0.03654910736082175,-0.05093788014485225,0.24793192209760265,0.1200212974783232,-0.08207503294676885,-0.08151650058521347,-0.11511421185450077,-0.06139096172486031,-0.02406069516417957,0.03365043991272559,0.06716328086985646,0.024931572483143587,-0.06280514987018707,-0.003062044486377081,0.030705534023394855,-0.07439551234898363,-0.01797121804327828,-0.007645502400406477,-0.04304946077001503,0.11846814262393439,-0.10949319268371449,0.18974342805003902,-0.0036129841364863774,-0.03308384273831744,0.29542442822311954,-0.02137517171715623,-0.17512308571839794,0.010022162941453444,0.047915988485276645,0.021572670495330966,-0.046149584175180315,0.11587779851390764,0.03919733822927614,0.09272213965262927,0.143905795482352
cover,cover,0.13739008101988812,-0.043952389855823434,0.057393631647995685,0.09734401056536822,0.05394277764421081,0.020511509410214953,0.028264205032055692,0.03564399794791809,0.1003332637530325,-0.02826294946910979,0.03897237814159921,-0.08374067909849219,0.06194059203219532,0.025852451754789292,0.016823459909452824,0.0239750800332009,0.03517134338112622,0.059900006578991555,0.07917497002646098,0.16222244771083003,0.13755271754094514,-0.05094408110402,0.03860428646900081,-0.011404030619851627,0.022145039192372852,0.053673397347038576,0.06737223846727307,-0.08921772961611107,-0.044220874170218825,1.0000000000000009,-0.04592071632582552,0.06985450783366015,-0.06473097244142381,0.0021048169116385258,0.0110115480741703,0.03391983592164728,0.010239460245593197,-0.042021298679387566,-0.0036829494282027003,0.0457546434287722,-0.06929138985136005,-0.0062866152977938995,0.12714501012480123,0.05286648123728808,0.10724183654277766,-0.15998528658826744,-0.022647036406698146,0.10923369274951847,0.007476579632222619,0.11647370502598958,0.015175290880334473,-0.08555743448514934,-0.00017427716835399093,0.04245893527508318,-0.03801701900532978,0.024178295721790876,-0.0874276476394328,0.04883161902293979,0.06765516170100601,-0.06928545167872585,-0.010062897248901845,-0.03599362299121533,-0.06110969818120692,-0.044435987509825144,0.026790615388237002,-0.051516682377940756,-0.05234049641825893,-0.12089927656697766,-0.021380554797722225,0.025935935852237132
touch,touch,-0.03801756811153107,-0.006641359688867258,-0.0024798013374024708,-0.043496827735638156,-0.018057189324326196,0.07098072378599901,-0.005615686187294751,0.10855711198045591,-0.023233710923855285,0.014799650652516172,0.049926913898782496,-0.10612030501238605,0.13501315363408706,0.004164300487257969,0.04379469555880078,0.09571497349195526,0.20383457579637926,0.026325872643187885,-0.11601706388949713,0.0849043019731703,-0.032116680291756974,0.09841820591988011,0.14565756903288446,0.12056672047756956,0.05568939229333997,0.10449841966222585,0.03627000042062823,0.19624751238609997,-0.06157580437253843,-0.04592071632582552,1.0000000000000002,0.19439679931889908,0.148477606705647,0.06842888441827008,0.010022619707397373,0.08678838035997248,0.11939542342496914,-0.004789890514952745,0.027193011615825796,0.0550014286584319,0.1480894077336347,0.14382007760200402,-0.052680146528007184,0.06690135750597362,0.0037576491266971476,0.12816667629022827,0.2722813950793836,0.20084512915675468,0.11807689859025566,0.21603458348835103,0.19509587503715364,0.23194424234892236,0.18977439947207853,0.12184056836664946,0.23134427533754132,0.14458583289163957,0.2384686274787095,0.2497647159515759,0.25665473300832403,-0.03616009969096681,0.046421148481108586,0.23021144274899907,0.048812536409835454,0.22624108696477663,0.2006600023633418,0.16615300588803586,0.22868475750478173,0.2273554545869842,0.26618793126699936,0.04602689910381192
attach to,attach to,0.21319163783664136,0.07894501331729614,0.13286860681191437,0.1330247947564813,0.04499778370716877,0.14587997563553265,0.16552980454948957,0.14876667523894646,0.09448684844378477,0.10885263024825065,0.1645011300861437,0.06675515933116011,0.13859646191081343,0.09380299217675779,0.07316857889144214,0.18572866530582413,0.23230373133616225,0.16637752163461922,0.024007135433968815,0.26487133325719414,0.2610690358873722,0.041656019574459004,0.2713465504359105,0.0018618082734720431,-0.025447558845546534,0.20384384430239486,-0.03184080745147426,0.18018758026324144,0.02925203131153368,0.06985450783366015,0.19439679931889908,1.0000000000000004,0.05131630863328542,0.09643264022702115,0.16645619812707196,0.147441100808279,0.17765207598941093,0.14665842229925244,0.21367095365406258,0.02221636000108687,-0.045166951649234184,0.13834655611290259,0.26138161373041385,0.10763165408144648,0.193591596752783,0.1859380850411689,0.3842979121969823,0.06356903735441582,-0.008980734623737172,0.2223325005807652,0.07759535163096533,0.14497864924543108,0.20617528784453876,0.3025925752147593,0.25410042376393294,0.12526431712985156,0.3555113022359334,0.40813064287566814,0.15517723018371718,0.17638576212386337,-0.049591142791725634,0.0810547828409861,-0.046570606359170125,0.24698790815471128,0.13085713876846272,-0.013494356480387118,0.1931763453406312,0.1931346316215487,0.24229918973895348,0.23223235891748129
watch,watch,0.0766341886645816,0.05384191197186797,0.10626608628814338,0.057345523154922896,-0.10328360010400325,0.20599738813656168,0.17209199924800275,0.027615797268522528,0.12900828445732831,0.16913701793962171,0.0952273296293793,0.03356119319404678,0.11647405824715479,0.05572778645047257,0.10061450840714561,0.07345557352879134,0.10424275242883932,0.08380116958493661,-0.057890986458490716,0.0977920857915089,0.07439831401499634,0.08392915790541583,0.11709917639978762,0.24142145875718024,0.15384739859561253,0.15980063910719303,0.08750151150686246,0.20345272257144945,0.1460484026015254,-0.06473097244142381,0.148477606705647,0.05131630863328542,1.0000000000000002,0.21867941427301973,-0.014222293896285855,0.018539856038388397,0.032181800343226985,0.06965195711182752,0.0384233579969787,0.13030764995798458,0.14603813644256028,0.10825426728500757,-0.07688696205038778,0.04533097554762192,0.04862842917256311,0.08821566849457843,0.10387752506232659,0.1338794990053962,0.017829758630010167,0.075204312671801,0.03641662456519773,0.1652442993827112,0.047106949421972265,0.04725636735058726,0.3071437563319068,0.19627985311447693,0.30221591746285326,-0.03163435678174648,0.23644839770817344,0.0777164113876649,0.1553732407343337,-0.0474339910058223,0.17324691903068673,0.1238326162579973,0.12351353019838494,0.11873600948776042,0.3007536917131844,0.13087026431225524,0.27294800385166446,0.05988264240716051
across,across,0.31356192566071306,0.010582121886274283,0.2823215937006434,0.19959263154152565,0.013160297208018609,0.31226763125411366,0.2562406143146711,0.27371284883914804,0.1892554219729835,0.23005180438513986,0.2749255368957567,0.3275435359105373,-0.005498872578929944,0.37988551485275585,0.24631241993932218,0.13366582457524775,0.3428940853276421,0.12117560940811122,0.0806809623780647,0.11721969786490266,0.2625860197745945,-0.13791600379565722,-0.015203557694529878,-0.11701276708742592,-0.07710240131658735,0.18442644899095711,-0.11677727352827724,0.02313644904493154,0.16900478904482719,0.0021048169116385258,0.06842888441827008,0.09643264022702115,0.21867941427301973,1.0000000000000004,0.1675111884164659,0.010350167055130163,0.03556859782221559,0.2697858982365197,0.20218691370463515,-0.1688654097993628,-0.11489282926429964,-0.09201392061177638,0.01697538045522815,-0.20375023437488682,0.24614443790478413,0.012923112258536373,0.08240578139308186,0.054827866172509065,-0.06211492381421403,0.11165480475089437,-0.04764888035611593,0.014340731891892104,0.0013540637294938013,0.10607482244363525,0.1622347709808498,-0.08260041870887462,0.14214556044906906,0.11277253527702702,0.0073913652370847585,0.3361435665049274,-0.21599614797697744,-0.11781569023938301,-0.1019044925146842,0.12425621884018404,0.08234510842031263,-0.08154406154161548,0.1402743926337635,0.044394905363478884,0.1449430646467194,0.1090436350522063
against,against,0.286359270343113,0.032032724810562685,0.2182656131879083,0.36226176852458636,0.07548495116578922,0.23813537351901032,0.3138987896414851,0.2304853348627942,0.29631631471619224,0.1181266990837057,0.29540040346305624,0.27124657837341787,0.08848009531266265,0.3175710386982536,0.29442017424368216,0.06397764914905144,0.18890684585700918,0.15393146046861161,0.1849781070769702,0.17471916213380861,0.3035160720545309,-0.042974704172260625,0.03626741677205983,-0.02839014266683245,0.02631159319551995,0.17825691904332558,0.017086666705429996,-0.0013472412962458255,0.19157425521177257,0.0110115480741703,0.010022619707397373,0.16645619812707196,-0.014222293896285855,0.1675111884164659,1.0,0.07164567240675604,0.05851067851399019,0.23045781565780854,0.04821582258560861,-0.10427399929720033,-0.1320868415251055,-0.06499344112285818,0.04741507440965235,-0.06745954545499425,0.0831418495007816,-0.09409634239729604,0.25460028362927123,-0.07779572064985005,0.053672862881033304,0.030942926538223607,-0.040702379237382284,0.08794818791797908,0.02011441568288637,0.062336936203357396,0.12712831114693793,-0.021763094493834102,0.11699325959731094,0.11592584896179865,-0.039366223791785955,0.23130727381696614,-0.12765716463262475,0.05094644321269306,-0.023476925514561566,0.14998187488617806,-0.002834377133626314,0.003988722983638088,0.13893479247700558,0.022324831519781037,0.12874003245237084,0.11611080976690863
park next,park next,-0.00443550129398854,0.01885055732233938,0.10037296446438765,0.10892948155715176,0.030651317184366977,0.12317791198816426,0.1326295395192481,0.055048255691922614,0.11339080804878753,0.08866054020304331,0.13054907135217617,-0.02353796828921842,0.06794625817844147,0.04461084415014711,0.04630395495237575,0.22239476590037302,0.11620942571353834,0.20478850596739276,-0.015101870723649708,0.10601181845703075,0.045903195696769886,0.10730685893100149,0.09628832393195745,0.1203638472989029,0.2063202362727077,0.09918136510855945,0.22575279984900717,0.029988549337269795,0.03654910736082175,0.03391983592164728,0.08678838035997248,0.147441100808279,0.018539856038388397,0.010350167055130163,0.07164567240675604,1.0000000000000007,0.07981981166435283,0.13714631909764716,0.1725958214656946,0.07264474253265664,0.11848380363170596,0.1979460058905505,0.026775616890426887,0.21862315646391,0.24526941597231172,0.1850768409448578,0.20261309788661241,0.03553879523186751,0.019133379903102,0.16453770632026207,0.06836485843697314,0.0693355763248385,0.16821093368917828,0.18299282525732075,0.23883307379551055,0.13679632624463897,0.25008037463663313,0.1459780633344917,0.028255651606820316,0.1668911231042975,0.12111844778050558,0.05758811818559437,0.21599082790131124,0.1521262991087788,0.12547794827455233,0.21608499865789663,0.1999344150579142,0.19025105017276256,0.2629869468937459,0.4432218893933304
taller than,taller than,-0.06566078999630497,0.07743481726667303,0.12266819462235032,0.036216845226073956,0.054212118608620796,0.10049161213253202,0.027323887104366618,-0.06978154857957589,0.03208602549925582,0.16372178376655108,0.1480898392267794,-0.04295867649943724,-0.014767142662165039,0.02265430490483447,-0.0732258976542718,0.18718959914273375,0.196610658517899,0.1164263143097686,-0.08469848420324426,0.05530196235560676,0.07189978527136373,-0.047105152428382285,0.07262776064975007,0.0004931286612557678,0.0181466127396089,0.16026539153634856,-0.03847172542173602,0.032705698912018875,-0.05093788014485225,0.010239460245593197,0.11939542342496914,0.17765207598941093,0.032181800343226985,0.03556859782221559,0.05851067851399019,0.07981981166435283,1.0,0.07991341406249264,0.27385389995191156,0.10689650575936914,0.04302876175671796,0.02394466190118668,0.09843502725895138,0.0008825454311443669,0.10754432152885837,0.19247335536803967,0.21421886018241082,0.16443909065225604,0.01731249805600878,0.2145447357247194,0.11589394119123764,0.026981206389451486,0.1598642780550906,0.07622657418923146,0.2272345988177145,0.0412547705959699,0.17229177241515145,0.13833753869741436,0.03159047658997242,0.10334987559970446,0.011253825971142732,0.08877141781797362,0.02653617271290535,0.14433824222223127,0.1267148992849235,0.06838038863159739,0.17995049516384748,0.07939387548672591,0.2139215039077472,0.143468016015938
inside,inside,0.25515745625416364,0.1129969801578761,0.24658189741232375,0.2988099653886166,0.05561673028444336,0.2621006453531718,0.33962726705689117,0.17930389218675735,0.2662341089857776,0.12512742909695762,0.273036099965163,0.37109247336629175,-0.011645591408389609,0.25638043297719354,0.1855810481240873,0.09945996892642989,0.16056710303154875,0.04678027003522313,0.07780508253703766,0.12586913017650136,0.35879387005045793,-0.09403788574033761,0.03771120945992973,-0.11207296794103835,-0.14140348878857345,0.07755304941079331,-0.16102278945772394,-0.09342200778391081,0.24793192209760265,-0.042021298679387566,-0.004789890514952745,0.14665842229925244,0.06965195711182752,0.2697858982365197,0.23045781565780854,0.13714631909764716,0.07991341406249264,1.0000000000000007,0.14046318928184,-0.12378203783584356,-0.10904712600837173,-0.012981899712636797,0.13704975085897156,-0.09929663196290894,0.17643218580948838,0.03563466388101352,0.11570751246274372,0.03512409011351026,0.025274664484042426,0.06782956191841252,-0.0889924026504196,-0.042292706743155606,0.006395442388222761,0.02317161577880137,0.14550100725826304,-0.11110312874738258,0.18945489190160247,0.008514064339964846,0.009626747400048149,0.4728108621934447,-0.15100478858922184,-0.0660415865229502,-0.1300478528641325,0.06698464479468932,-0.06593710508439585,-0.06873976600748197,0.1504595220951596,0.13000529281407044,0.16711229810378464,0.27439411289629057
adjacent to,adjacent to,0.07208954603745765,-0.08252761631221806,0.24729712988670458,0.29348176054614067,0.06674765957049827,0.20771892568515538,0.23725357694424604,0.11395946080891141,0.3086719764829099,0.23156412647805666,0.32267569432376997,0.09987998942800355,-0.011510632483804698,0.13131352901364923,0.12535340319938443,0.346046837146614,0.3785983734507691,0.3349520696692623,0.051062760972992983,0.10605664564433188,0.1584740358394921,-0.028623559195455728,-0.008469870735513241,-0.043221983130576604,-0.04111328281543841,0.17047527283465147,-0.03691068023098551,0.06119737298667505,0.1200212974783232,-0.0036829494282027003,0.027193011615825796,0.21367095365406258,0.0384233579969787,0.20218691370463515,0.04821582258560861,0.1725958214656946,0.27385389995191156,0.14046318928184,1.0000000000000004,-0.014433311521093527,-0.07010410241139813,-0.013012574881356431,0.14106965708916036,0.059398371003298145,0.2873110923573514,0.2583829491566999,0.12226641572031546,-0.016827930324074442,-0.08744095200165457,0.23172301366360526,-0.06424154025974116,0.013274989826602938,0.09023213370667571,0.1812944647522179,0.17538540234146854,-0.03864491964894448,0.2174600136903358,0.20202091870176406,-0.0016718205580454127,0.28308796983635903,0.002613611684817818,-0.05098619340676083,-0.009034072286707726,0.1699092353155618,0.1623452839397388,-0.0990919958049527,0.1758284609775309,0.12836099500609746,0.19485488891875485,0.37734093213675124
fly,fly,-0.13076818620696418,-0.05902868093669212,-0.032673800072772416,-0.1209936709755152,-0.006962483954076615,-0.10712278860696128,-0.14979519766718052,-0.05313846136399089,-0.12832011750509573,-0.10495687899530495,-0.12108129513387866,-0.10969532490212837,0.17354496888398857,-0.15239076338943408,-0.11438132501808984,-0.012582155596244255,-0.0988819674727005,-0.011458089854536918,-0.07249889961565967,0.050205876926458747,-0.11901350462665866,0.3222432399548677,0.20602160959676505,0.22612813356131056,0.14840587999146326,0.047234959697420274,0.11341914923436414,0.08390666582763716,-0.08207503294676885,0.0457546434287722,0.0550014286584319,0.02221636000108687,0.13030764995798458,-0.1688654097993628,-0.10427399929720033,0.07264474253265664,0.10689650575936914,-0.12378203783584356,-0.014433311521093527,1.0000000000000004,0.1189475657498299,0.24423852796532367,-0.04818771951161968,0.33695272546304234,0.12661401070045872,0.16714999603832556,-0.06582856305392505,0.11765862860451469,0.08053817597237928,0.0080157681268129,0.21542418279157716,0.16911548494358952,0.010381033528650985,0.1850611097469331,0.01578997539017936,0.2396941811846359,-0.023985320976285904,-0.034402691763488646,0.22063276068456772,-0.11028126620037504,0.3571850276223757,0.18653960164699535,0.2293032320715297,0.0448547756525284,0.11890652651879692,0.04647607056020702,0.06368497055137656,0.03730901007041935,0.0222643695707873,0.0970110295856034
talk,talk,-0.2771192865714398,0.07934703297256104,-0.13320802339703794,-0.026538372430321665,-0.06296136691985227,-0.04271513338164778,-0.005673538317968546,-0.12862343614464367,-0.010185873985851204,-0.1265612401452634,-0.028819518227008397,-0.15326965633117,0.11310959222301645,-0.15236720370176,-0.04687458455538518,0.01208375849360108,-0.0695375364878874,-0.012660084851215723,-0.1586123595663734,-0.011768422899138934,-0.17753347779174453,0.1851246459945609,0.13577317439011208,0.1497843690921273,0.1000567563325162,-0.009222186241627947,0.04503492488716158,0.25573177166713945,-0.08151650058521347,-0.06929138985136005,0.1480894077336347,-0.045166951649234184,0.14603813644256028,-0.11489282926429964,-0.1320868415251055,0.11848380363170596,0.04302876175671796,-0.10904712600837173,-0.07010410241139813,0.1189475657498299,1.0000000000000004,0.1591143387821648,-0.07298720409924722,0.09830919731617493,-0.07420591206081484,0.218893811066442,0.15733471619288142,0.2119831382777424,0.05533695907214467,0.033404820218900094,0.23230188576520772,0.20181813427389417,0.0982459643367196,0.10425591829139563,0.22137870883441044,0.14518799150859243,0.1887550373550117,0.015146546395523309,0.23622288805175345,0.02607701350608337,0.20714966478376995,0.15703259555436574,0.16568367221290115,0.11606422620457423,0.1668126966487486,0.12333328192843829,0.21401968690299022,0.13556380769325038,0.24045335000101903,0.06339307703101868
pull,pull,-0.15988654713768913,0.01639835948037744,-0.052402384073122976,-0.093325392320655,-0.05786229665222388,-0.05891602042709426,-0.04908936335961056,-0.012588813121819517,-0.04971977426412328,-0.03396580807060483,-0.013031881482074667,-0.12178159099780184,0.19354776773653096,-0.17127095252384578,-0.08885093141297348,-0.0013998709832023816,-0.0017280604339870512,-0.03553657848435962,-0.08499013355435059,-0.02335360146779482,-0.07990545671536445,0.20803103935188405,0.37558243075903897,0.20196541481220853,0.08600697062493474,0.017440702800160073,0.03895196697654552,0.10560665156778515,-0.11511421185450077,-0.0062866152977938995,0.14382007760200402,0.13834655611290259,0.10825426728500757,-0.09201392061177638,-0.06499344112285818,0.1979460058905505,0.02394466190118668,-0.012981899712636797,-0.013012574881356431,0.24423852796532367,0.1591143387821648,1.0,0.027796698591165767,0.4004976759003449,0.04994435674694628,0.21667445565561497,0.10789982160637482,0.19574545611251817,0.11129895480851204,0.06727030949944526,0.19379421398218188,0.17922187774162382,0.1262611359596701,0.25772014599520066,0.12665991665285853,0.3754064918702764,0.11748895403980694,0.031181405743139167,0.25735780969943556,-0.09805545930049056,0.2554458141979393,0.20989602974474708,0.2141371864104284,0.03213909339927147,0.10364585247554767,0.10014953867910308,0.16707142477111275,0.11064822130889589,0.08512632398247266,0.0972174826754735
contain,contain,-0.0040564551547159905,0.1479479663584656,0.14785972287710278,0.04090113805683854,0.31085326756267495,0.08687238633069534,0.05483466274405556,0.01626577448111538,0.06921463618338944,0.11450691989115552,0.06769399218261031,0.037511377087822914,0.14559848649456314,-0.025695718635696668,-0.02427808305313372,0.05814478936147956,0.06173467542412787,0.06407730017227502,0.1350591111966073,0.07699220181257532,0.2084804474686476,-0.1424249263327187,0.3246733391418752,-0.07499667497232848,-0.16710793534122892,0.05921613989010094,-0.1398784527758388,0.08067295893010969,-0.06139096172486031,0.12714501012480123,-0.052680146528007184,0.26138161373041385,-0.07688696205038778,0.01697538045522815,0.04741507440965235,0.026775616890426887,0.09843502725895138,0.13704975085897156,0.14106965708916036,-0.04818771951161968,-0.07298720409924722,0.027796698591165767,1.0,0.02528988266015266,0.10384591050009606,0.006974368350944882,0.11568328981162168,0.006362980188117966,-0.05142667760302125,0.04676441562619191,-0.07301706861082724,0.07156599873756248,0.080493179027487,0.13035877175096797,0.1596945744758373,0.08015952640897352,0.19391232571176217,0.22908118005998726,0.09517756599508795,0.031099894946686527,-0.1299664323929033,-0.022769198151777394,-0.16058178329279932,0.07658915694476716,-0.003105403873876469,-0.054733423142516335,-0.009394514803455312,0.12450103094947454,0.06816352592472771,0.03856937006611129
drive,drive,-0.04003951291424664,0.0627298758820552,-0.06323360856363464,-0.07375020120356315,-0.03685015637230195,-0.08500473572418113,-0.05989049720209433,-0.14065880538515665,-0.0661120568873012,-0.022549331322938872,-0.007575343370809404,-0.0672995667780386,0.17180184069298038,-0.09360764514305786,-0.08472842804151406,0.010754766227020714,-0.09934365794279726,-0.01157530900010803,-0.09966624956210418,0.04265444887801028,-0.03791009309784525,0.4005013327424542,0.3034304020440125,0.15407913297952164,0.15980539285817608,0.05396339445065658,0.1521026918590328,0.08709685745545802,-0.02406069516417957,0.05286648123728808,0.06690135750597362,0.10763165408144648,0.04533097554762192,-0.20375023437488682,-0.06745954545499425,0.21862315646391,0.0008825454311443669,-0.09929663196290894,0.059398371003298145,0.33695272546304234,0.09830919731617493,0.4004976759003449,0.02528988266015266,1.000000000000001,0.14931712231767685,0.20618806491291258,-0.001322120211083029,0.01708079118632502,0.09098475685227589,0.0566819263159528,0.15112753876257928,0.0756215354148052,0.06909730056706935,0.4748191250443118,0.06750958303882926,0.35059088034705094,0.0785090778752216,0.017686220696736935,0.0892808374531761,-0.11300459922921358,0.45502905626221424,0.133385538685926,0.35914973199932215,-0.005818439892844345,0.1373392241054933,0.11726974944052021,0.18552824911639768,0.045800543686543266,0.15836624231715174,0.29379320778106044
park on,park on,0.31856538558140013,0.03631266215651825,0.08332877134998262,0.08245306631981482,-0.04425328163895306,0.037503367606143416,0.011740627758853487,0.03756541014593577,0.1280774415489496,0.013751425510765417,0.16406667534186775,0.11724677316254682,-0.05008173984784489,0.09830058937171798,0.09097280901560412,0.171452334859794,0.10240025244284481,0.16272122043983478,-0.08640000835742756,0.40904185539280147,0.1833410147970993,0.05538694589950388,0.044005966263284735,-0.062039347762568864,0.03153803344273329,0.4623782837400033,0.03326451002321267,0.02413142507597734,0.03365043991272559,0.10724183654277766,0.0037576491266971476,0.193591596752783,0.04862842917256311,0.24614443790478413,0.0831418495007816,0.24526941597231172,0.10754432152885837,0.17643218580948838,0.2873110923573514,0.12661401070045872,-0.07420591206081484,0.04994435674694628,0.10384591050009606,0.14931712231767685,1.0000000000000002,0.12657244353092062,0.16088547071271614,0.01778634472058962,-0.12269320287578732,0.3485178387959952,0.07369701165951995,0.09702922241676484,0.337225112566011,0.3677312270609925,0.11452324546401728,-0.04343545389040456,0.13178263460280648,0.3715167281186145,0.006602142974672081,0.0984904759060982,-0.009415860418949991,-0.07768240342622612,-0.003958082911348469,0.10199643240608415,0.24352994020813873,-0.008177783659637658,0.12128362500862137,0.09777027489958753,0.1561428273109133,0.44720880971400995
walk to,walk to,-0.1624154076608687,-0.01536754932224209,0.010958791382181504,-0.13872186316952045,-0.09771676334006672,0.025466201784763817,-0.039511786912202425,-0.11519821913573972,0.024117763388485786,0.04774863769107556,0.0079803481927514,-0.1350829914909169,-0.04234667972477914,-0.011976306293562364,-0.12832173606245187,0.1580503089379921,0.09318297206897601,0.13469681210540788,-0.17799121937590717,-0.01800694392281759,-0.0736014300647255,0.14906042511794937,0.1091838638267475,-0.0023332393173077226,0.14391005256245654,0.1598908136067645,0.06853713715763611,0.1264523998858525,0.06716328086985646,-0.15998528658826744,0.12816667629022827,0.1859380850411689,0.08821566849457843,0.012923112258536373,-0.09409634239729604,0.1850768409448578,0.19247335536803967,0.03563466388101352,0.2583829491566999,0.16714999603832556,0.218893811066442,0.21667445565561497,0.006974368350944882,0.20618806491291258,0.12657244353092062,0.9999999999999998,0.21894474254627852,0.12271365713487753,0.01758073689788174,0.22908445893062768,0.2624939723855645,0.08656194390564,0.29594483078507233,0.33586137650139114,0.2263526068381903,0.15941318404181187,0.2757971116081526,0.21829342368810978,0.14948011840569378,0.13448908225965273,0.2778650123796711,0.284833595739015,0.3036305581932816,0.11791346705609465,0.3205640469658458,0.18347260050571884,0.2810026014861702,0.12685187317345525,0.3726894095376695,0.24865712069962356
lean on,lean on,0.09229013839767314,0.1757163328233199,0.05752207337065756,0.21073110745732512,0.0746044709612807,0.1872389896772847,0.23958716582372078,0.11563098555765355,0.21717357420426125,0.0229778192471145,0.2644448060781826,-0.006422356572168808,0.20974923441254656,0.18268862992506582,0.10172621780331914,0.231610070083952,0.20468902424144836,0.23593864687472804,0.06053171724018457,0.3469616897284825,0.1756007353026559,0.11731915420774106,0.28330431745228757,0.05066051560678703,0.10627414485247555,0.3540705488729091,0.08024747977803588,0.2084922395554929,0.024931572483143587,-0.022647036406698146,0.2722813950793836,0.3842979121969823,0.10387752506232659,0.08240578139308186,0.25460028362927123,0.20261309788661241,0.21421886018241082,0.11570751246274372,0.12226641572031546,-0.06582856305392505,0.15733471619288142,0.10789982160637482,0.11568328981162168,-0.001322120211083029,0.16088547071271614,0.21894474254627852,1.0,0.19028665095797442,0.08092562467396262,0.33921833522075606,0.14194396621168448,0.25407869416797435,0.3437301938344648,0.19926270766315207,0.46340028978630765,0.0934892753033679,0.514897701678712,0.43551946453610546,0.19181258854670755,0.15225152886340945,0.041552980195911186,0.15656838130088224,0.06196421293505774,0.3844239735857109,0.342759977767805,0.13914281567051498,0.43072601293861856,0.2910950658164463,0.46034158097639977,0.2442137770230539
eat,eat,-0.08899674764193681,0.17522133777913754,-0.047576845638327966,-0.04445123832829416,-0.010786105520769581,0.025838257302928307,-0.047131482294932095,-0.018344681446446062,-0.05666614189488009,-0.029444064491437667,-0.06520093776232386,-0.030538608112883756,0.2171292527755082,-0.011685895574679365,-0.04779232254568607,-0.0807062577918341,0.0016190134543630427,-0.07162870918172774,-0.06656687693561265,0.11773434817784018,-0.11671847446132885,0.09317110341738585,0.1643214466571353,0.2303721738578634,0.10845951228384354,0.07974043799499331,0.13220598796353725,0.20682803512834302,-0.06280514987018707,0.10923369274951847,0.20084512915675468,0.06356903735441582,0.1338794990053962,0.054827866172509065,-0.07779572064985005,0.03553879523186751,0.16443909065225604,0.03512409011351026,-0.016827930324074442,0.11765862860451469,0.2119831382777424,0.19574545611251817,0.006362980188117966,0.01708079118632502,0.01778634472058962,0.12271365713487753,0.19028665095797442,1.0000000000000009,0.06148745945615383,0.11614551132826982,0.13182446251205027,0.20441329513419337,0.174851816588165,0.13915090364517985,0.13820264185873388,0.12775960762101093,0.1501051900219276,0.08599051135203016,0.47819072528724216,-0.02342971685717522,0.1244491835650898,0.13415276961726608,0.07659825498195694,0.194904070686561,0.11460910645017588,0.12916817849167872,0.16073504325493068,0.13564436812643865,0.15822204254652217,-0.0353816716906002
face,face,0.057577859453304084,0.10358999177168152,-0.03452516303879484,-0.009563535047760646,0.01692715359438093,0.05542384692521278,0.07199540514103162,0.0039051061849826943,-0.017489556699396572,-0.02862880360846341,0.023180519681751312,0.0831865874821693,0.18472559737176975,0.018182228224905908,-0.0027106199460052785,-0.022432720391376615,-0.03759105809244556,-0.03221882226204915,0.05452656225369204,0.016818988074970814,-0.018341417542909487,0.07120530462569416,0.08616308891527352,0.233801994855255,0.09364901654076235,0.014631178432442792,0.0839800601262966,0.07790447589968937,-0.003062044486377081,0.007476579632222619,0.11807689859025566,-0.008980734623737172,0.017829758630010167,-0.06211492381421403,0.053672862881033304,0.019133379903102,0.01731249805600878,0.025274664484042426,-0.08744095200165457,0.08053817597237928,0.05533695907214467,0.11129895480851204,-0.05142667760302125,0.09098475685227589,-0.12269320287578732,0.01758073689788174,0.08092562467396262,0.06148745945615383,1.0000000000000004,0.014182368868948057,0.09180820433642845,0.08138145243739543,0.06445114428758106,0.036749763009251785,0.09463590013073042,0.08657847333882202,0.012432381543325906,0.015354348256153207,0.06891756925472074,-0.03746120134664994,0.13604789732823813,0.11839740928909967,0.14034565542893743,-0.012060182957326616,-0.024906237493084533,0.09441444349733362,0.0551116148978611,0.02443453627760906,0.11830198975172537,-0.08251814571859496
lying on,lying on,0.18079451124569704,0.040989775575980554,0.08001315165858788,0.04252049566021812,-0.03330510628095529,0.03234090983651072,-0.005465348602613066,-0.0034789944727792108,0.10094779814095581,0.09881274188987826,0.13933380299228676,0.015615229980156442,0.062174900595845115,0.012847681568893682,-0.015170485067553134,0.34093571478471646,0.32036308457336415,0.3361941671298495,-0.07390505642583355,0.41957345170478266,0.15499689719070395,0.02507887434319956,0.11567657406471665,0.033456869355765334,0.08060689709220235,0.3992539284706872,0.10207525855536258,0.07219705046595065,0.030705534023394855,0.11647370502598958,0.21603458348835103,0.2223325005807652,0.075204312671801,0.11165480475089437,0.030942926538223607,0.16453770632026207,0.2145447357247194,0.06782956191841252,0.23172301366360526,0.0080157681268129,0.033404820218900094,0.06727030949944526,0.04676441562619191,0.0566819263159528,0.3485178387959952,0.22908445893062768,0.33921833522075606,0.11614551132826982,0.014182368868948057,1.0,0.080841998809508,0.18600477242461988,0.49344576997701656,0.1746007103003471,0.2545856521523431,-0.06014633816819187,0.23392381144845587,0.4780128310016404,0.021060005095257885,0.00973544053879518,0.0884694607900473,0.109787575036774,0.07105979363773239,0.17714490152176782,0.26172510721173925,0.13293421031470115,0.1931152186080279,0.2061347008538857,0.2989837246872869,0.17138846228189805
hit,hit,-0.11922045401113507,-0.03573654515383616,0.01286016315491317,-0.1574969198525341,-0.10600305854159262,-0.020194257150615985,-0.11243089150484926,-0.1073545851380735,-0.07148943655473086,-0.0300418419609726,-0.03025537758160589,-0.10863676058113145,-0.0161338586449416,7.413295099964468e-05,-0.10084751446885573,-0.038206301107519686,-0.019758776848002285,-0.11752729568668599,-0.25756966405608983,-0.05391880984082205,-0.06988478773458404,0.07795199890070412,0.009701145296741029,-0.04019470154270824,0.101573210706737,0.044360822176628095,-0.0060966899570861835,0.1216305190972993,-0.07439551234898363,0.015175290880334473,0.19509587503715364,0.07759535163096533,0.03641662456519773,-0.04764888035611593,-0.040702379237382284,0.06836485843697314,0.11589394119123764,-0.0889924026504196,-0.06424154025974116,0.21542418279157716,0.23230188576520772,0.19379421398218188,-0.07301706861082724,0.15112753876257928,0.07369701165951995,0.2624939723855645,0.14194396621168448,0.13182446251205027,0.09180820433642845,0.080841998809508,1.0000000000000002,0.13750449347530494,0.1601843113350716,0.2245941717854177,0.040896996799281604,0.14057203704912802,0.029018988534663163,0.03924503954192846,0.17624790860282244,-0.026616783312879574,0.05747318278078394,0.37121301118832273,0.13656559052046816,0.008106280539286104,0.17127583926197176,0.18657534819347302,0.05385393266969171,0.003548083485398673,0.02212759329877749,0.07152689572583545
play with,play with,-0.11915219363577773,0.09544012845203417,-0.030303056103119362,0.14636342398662386,0.07814064074963034,-0.04858282310831569,0.04418009293768342,0.05855806221192968,0.06364006095175079,-0.06360669891109098,0.1244554796777481,-0.06954521300928185,0.3475442645143574,-0.020093592687284903,0.026729233590496674,0.056703863759092546,0.11675053227621832,-0.011919330404034447,0.040463886669920304,0.1823575165369376,0.035130375244582845,0.15562436794490508,0.33505735549651516,0.10213718660588306,0.0649533647572802,0.19133858625017341,0.10517083120915095,0.26230942510580013,-0.01797121804327828,-0.08555743448514934,0.23194424234892236,0.14497864924543108,0.1652442993827112,0.014340731891892104,0.08794818791797908,0.0693355763248385,0.026981206389451486,-0.042292706743155606,0.013274989826602938,0.16911548494358952,0.20181813427389417,0.17922187774162382,0.07156599873756248,0.0756215354148052,0.09702922241676484,0.08656194390564,0.25407869416797435,0.20441329513419337,0.08138145243739543,0.18600477242461988,0.13750449347530494,1.0000000000000004,0.23236574094645213,0.13606673822072624,0.2286332146506464,0.0837325763503213,0.29192427386807634,0.18710633172128643,0.2396969128415839,-0.010829146902720521,0.0645824289066711,0.26482066469169613,0.06563787739466576,0.19565430502477715,0.2231505997294006,0.13061049695644825,0.2636721691507916,0.31075480344014883,0.23342621004972974,-0.024735127547768333
sleep on,sleep on,0.11476584542354486,0.09504033079670574,-0.02330022487630474,-0.053660033104111535,-0.02910195255660572,-0.05778916474572255,-0.03879564630578146,-0.022139176135913707,0.0050894374994500426,-0.012441043809106218,0.06705623426737838,-0.05525257761717367,0.006731967358078558,0.026428404340547273,-0.06052478453037971,0.12158586666285241,0.15680697157932827,0.12638665083145983,-0.14567722833030564,0.3816468726879893,0.09702297265207155,0.009169093611878391,0.18453888039561797,-0.019545429259518694,0.09015785388286239,0.37642541587384803,0.13008720914921512,0.14326087593928297,-0.007645502400406477,-0.00017427716835399093,0.18977439947207853,0.20617528784453876,0.047106949421972265,0.0013540637294938013,0.02011441568288637,0.16821093368917828,0.1598642780550906,0.006395442388222761,0.09023213370667571,0.010381033528650985,0.0982459643367196,0.1262611359596701,0.080493179027487,0.06909730056706935,0.337225112566011,0.29594483078507233,0.3437301938344648,0.174851816588165,0.06445114428758106,0.49344576997701656,0.1601843113350716,0.23236574094645213,1.0000000000000009,0.27531352496513284,0.21422425774965292,0.08669743876578453,0.29377093757389006,0.4910927871572795,0.16147228995493906,0.035899135868939974,0.055521614538089556,0.061287710088196896,0.11591971457298883,0.20077962663494756,0.3003210060715692,0.3515691201944549,0.16836029854529166,0.2582635346841913,0.27124488756662923,0.1587179220835566
drive on,drive on,0.0800282133930017,0.0694249501814912,-0.013202751661030507,0.0029840490772023096,0.04225341777540835,0.054851347116612104,0.0070024910980458575,-0.06055170587272402,0.03626731696609768,-0.04460958242396329,0.041145669025428225,-0.038823919956803364,0.06402759540710104,0.02556931291173023,0.055392194115096535,0.17403116868359322,0.0049640417458706836,0.19145511930818415,-0.10182359904134561,0.14913804633987435,0.10328033383529203,0.17230848025012285,0.23640786490124743,0.008110661518700628,0.04629596111923787,0.22824702865703136,0.012034742275208617,0.13730818454274954,-0.04304946077001503,0.04245893527508318,0.12184056836664946,0.3025925752147593,0.04725636735058726,0.10607482244363525,0.062336936203357396,0.18299282525732075,0.07622657418923146,0.02317161577880137,0.1812944647522179,0.1850611097469331,0.10425591829139563,0.25772014599520066,0.13035877175096797,0.4748191250443118,0.3677312270609925,0.33586137650139114,0.19926270766315207,0.13915090364517985,0.036749763009251785,0.1746007103003471,0.2245941717854177,0.13606673822072624,0.27531352496513284,1.0,0.16872533711385107,0.2218056274254656,0.15962032690547945,0.2587330985717233,0.13011806416902696,0.04359357591659127,0.16355696067548148,0.2219152412540741,0.1507293040135898,0.09070707020973529,0.3015405699239033,0.0537831584593748,0.20045832757499443,0.09251613326900561,0.2187103246499843,0.28416928365846006
stand behind,stand behind,0.008338695985808272,0.14385970933983055,0.10067647553862685,0.24864652626598416,0.061056967995822255,0.3859004567687575,0.3479133818627047,0.07785150236787053,0.25228317903648184,0.14614731473322484,0.30894629634691206,0.015523906701176784,0.24538981542867666,0.09151735039791802,0.12337398594147905,0.30133076983633134,0.2611698365320519,0.2815238070689707,0.02672442368583826,0.21325291663588425,0.2167569475753543,0.04858798845121093,0.24194756521201713,0.09021206551131714,0.15078056453859143,0.3230752142482507,0.07320435350046473,0.1696361580022058,0.11846814262393439,-0.03801701900532978,0.23134427533754132,0.25410042376393294,0.3071437563319068,0.1622347709808498,0.12712831114693793,0.23883307379551055,0.2272345988177145,0.14550100725826304,0.17538540234146854,0.01578997539017936,0.22137870883441044,0.12665991665285853,0.1596945744758373,0.06750958303882926,0.11452324546401728,0.2263526068381903,0.46340028978630765,0.13820264185873388,0.09463590013073042,0.2545856521523431,0.040896996799281604,0.2286332146506464,0.21422425774965292,0.16872533711385107,1.0,0.20383725062978383,0.6517951099623924,0.31848650800997647,0.16931722291652698,0.1747606501122982,0.10447204472912114,0.12400421551487248,0.11224249034598258,0.4038707909397008,0.28005256102170883,0.05407352112070089,0.4551586071545586,0.37284498951837364,0.5698075694852278,0.2876615252925221
follow,follow,-0.19930513367227068,0.010969141164688223,0.011438772770359117,-0.0728138223912347,-0.11426546800628257,0.026599090249473822,-0.08299503759768749,-0.11749810441203705,-0.10310239326777981,-0.008315204576365174,0.047279100243196606,-0.17022734451236676,0.09618229497033472,-0.07246397862660642,-0.13516067304268276,0.03909969119857654,-0.016200513648156015,0.06693345552778236,-0.17965924895133528,-0.07350138337510159,-0.1212267146328487,0.20678173842067976,0.3115296709320109,0.1246453573842516,0.20035888731164642,-0.01723005280441226,0.10963875702250145,0.10596681744760558,-0.10949319268371449,0.024178295721790876,0.14458583289163957,0.12526431712985156,0.19627985311447693,-0.08260041870887462,-0.021763094493834102,0.13679632624463897,0.0412547705959699,-0.11110312874738258,-0.03864491964894448,0.2396941811846359,0.14518799150859243,0.3754064918702764,0.08015952640897352,0.35059088034705094,-0.04343545389040456,0.15941318404181187,0.0934892753033679,0.12775960762101093,0.08657847333882202,-0.06014633816819187,0.14057203704912802,0.0837325763503213,0.08669743876578453,0.2218056274254656,0.20383725062978383,1.0000000000000004,0.18239322633944124,0.0926533313437229,0.3107892237068972,-0.033996406679192376,0.303109697727089,0.14879577063667387,0.34302471093955345,0.08038827814955182,0.1238168558115415,0.22061292916029138,0.21687366192270907,0.07846231828841674,0.17617820812160456,0.0887819916031116
sit behind,sit behind,0.06171382762082629,0.10636501394955897,0.19177446316882557,0.3124933029649092,0.05632096139695497,0.3742386161769879,0.4624674809893553,0.09337770251349221,0.3223386247829382,0.18281197730554938,0.3788023012466152,0.04547557778498864,0.1850391266607046,0.15362663818880087,0.17288939832697559,0.27204016556377314,0.27075692563512277,0.27211674876514025,0.11823131107434895,0.300130029374424,0.256407619866187,0.07439019202408158,0.25316079861518553,0.05679166319230636,0.10227869369103466,0.286480075255103,0.09201357909511995,0.22114691116264945,0.18974342805003902,-0.0874276476394328,0.2384686274787095,0.3555113022359334,0.30221591746285326,0.14214556044906906,0.11699325959731094,0.25008037463663313,0.17229177241515145,0.18945489190160247,0.2174600136903358,-0.023985320976285904,0.1887550373550117,0.11748895403980694,0.19391232571176217,0.0785090778752216,0.13178263460280648,0.2757971116081526,0.514897701678712,0.1501051900219276,0.012432381543325906,0.23392381144845587,0.029018988534663163,0.29192427386807634,0.29377093757389006,0.15962032690547945,0.6517951099623924,0.18239322633944124,1.0000000000000004,0.340987697345456,0.23154873324467062,0.28054776160037753,0.059018843449026255,0.09453957629953844,0.07135645063825109,0.4008619224220754,0.32013119058974804,0.10465838894865,0.46849196524546854,0.47461024344760305,0.5456164457846703,0.34245657700881904
rest on,rest on,0.1986852226020745,0.05732598724283363,0.0542300746867769,0.09101843499191797,0.020887109604929156,0.09520613093886837,-0.007842440841556702,0.0709803161016811,0.12865628181176894,0.05396952759740186,0.14414489837110106,-0.024044195021874357,0.0752942968811631,0.14103057197421406,0.02407804733692038,0.22923562095309713,0.2863473493477891,0.2347225758712469,-0.06297089001489338,0.4488116073933433,0.23373597229855142,-0.020012564798774002,0.195724886283426,-0.03058404582698657,0.04369299342135437,0.41555946967857776,0.11446519144204796,0.1306048843495008,-0.0036129841364863774,0.04883161902293979,0.2497647159515759,0.40813064287566814,-0.03163435678174648,0.11277253527702702,0.11592584896179865,0.1459780633344917,0.13833753869741436,0.008514064339964846,0.20202091870176406,-0.034402691763488646,0.015146546395523309,0.031181405743139167,0.22908118005998726,0.017686220696736935,0.3715167281186145,0.21829342368810978,0.43551946453610546,0.08599051135203016,0.015354348256153207,0.4780128310016404,0.03924503954192846,0.18710633172128643,0.4910927871572795,0.2587330985717233,0.31848650800997647,0.0926533313437229,0.340987697345456,1.0000000000000007,0.1231140602094075,0.06940178339825363,-0.006732843827264747,0.038746868338187385,0.014906917399488372,0.29397449249965457,0.26765114401725854,0.10943141823933748,0.22932042589887103,0.2617870329251538,0.2728362998552568,0.14233265035867576
feed,feed,-0.16750951025625962,0.011185527985220173,-0.036163885289081335,-0.02812031842487607,-0.02553864608326155,0.023890239520779195,-0.07793164941187057,0.003814667381194313,0.015105319008782508,-0.057613570503584746,-0.019052909260827908,-0.11288996550350056,0.18558255433978782,-0.05266333325750841,-0.0980417351004551,-0.07440272054499825,-0.0013985199052269914,-0.06891448615741101,-0.13606410553356946,0.03620806118763756,-0.08835814016148376,0.1499449030531681,0.2788892117169673,0.14739731304190304,0.16591962527428147,0.058161059268550294,0.1246179792076905,0.2711871229601283,-0.03308384273831744,0.06765516170100601,0.25665473300832403,0.15517723018371718,0.23644839770817344,0.0073913652370847585,-0.039366223791785955,0.028255651606820316,0.03159047658997242,0.009626747400048149,-0.0016718205580454127,0.22063276068456772,0.23622288805175345,0.25735780969943556,0.09517756599508795,0.0892808374531761,0.006602142974672081,0.14948011840569378,0.19181258854670755,0.47819072528724216,0.06891756925472074,0.021060005095257885,0.17624790860282244,0.2396969128415839,0.16147228995493906,0.13011806416902696,0.16931722291652698,0.3107892237068972,0.23154873324467062,0.1231140602094075,1.0000000000000004,0.03782314565537649,0.17887605206277218,0.1304548196487251,0.2007737110233893,0.19877898250294673,0.11362940312887826,0.20151318117214076,0.2550661123591251,0.12156267054414663,0.24218684634500054,0.011217657009595636
outside of,outside of,0.15141736530369584,-0.05619885971895648,0.2508560967901043,0.2996154587266619,0.017484961393562724,0.30848278202527923,0.4566259166573522,0.1948505171553015,0.3160965389731475,0.1959868464504859,0.3786284486206931,0.2743780105306036,-0.08432773010592305,0.2018984260881483,0.23168720273943744,0.19825749344854787,0.22103452814935592,0.20387069229534438,0.06837843398534274,0.033805556362275724,0.24711302752214664,-0.06941029471707742,-0.03215240835946036,-0.11073354182645953,-0.055777057754768974,0.00520785080953446,-0.05042006756011876,-0.017694723594772074,0.29542442822311954,-0.06928545167872585,-0.03616009969096681,0.17638576212386337,0.0777164113876649,0.3361435665049274,0.23130727381696614,0.1668911231042975,0.10334987559970446,0.4728108621934447,0.28308796983635903,-0.11028126620037504,0.02607701350608337,-0.09805545930049056,0.031099894946686527,-0.11300459922921358,0.0984904759060982,0.13448908225965273,0.15225152886340945,-0.02342971685717522,-0.03746120134664994,0.00973544053879518,-0.026616783312879574,-0.010829146902720521,0.035899135868939974,0.04359357591659127,0.1747606501122982,-0.033996406679192376,0.28054776160037753,0.06940178339825363,0.03782314565537649,1.0000000000000004,-0.11192777311146924,-0.0965355780311714,0.007514369218276863,0.1853235312459809,-0.010726730679221565,0.02117719974097856,0.1839794211716958,0.12384811313090313,0.2377979656056021,0.2111401343062555
walk,walk,-0.08267306374726491,0.07700181596099527,-0.10592855875881774,-0.12203267706354447,-0.03868136274620245,-0.07372423418731539,-0.07117607280012626,-0.10644811972861043,-0.026997799729369835,-0.16728801648481884,-0.12121962940301934,-0.08223936277330754,0.2131715722124017,-0.1552685505193907,-0.08910146645883288,-0.024671808413948643,-0.11264011432257821,0.031201494972455578,-0.14500323210884605,0.12750754723235364,-0.1505199757844216,0.4817373857114423,0.25343654589644393,0.28987857943689466,0.30792533784533027,0.24680435400513417,0.19823291774936044,0.03754941169264503,-0.02137517171715623,-0.010062897248901845,0.046421148481108586,-0.049591142791725634,0.1553732407343337,-0.21599614797697744,-0.12765716463262475,0.12111844778050558,0.011253825971142732,-0.15100478858922184,0.002613611684817818,0.3571850276223757,0.20714966478376995,0.2554458141979393,-0.1299664323929033,0.45502905626221424,-0.009415860418949991,0.2778650123796711,0.041552980195911186,0.1244491835650898,0.13604789732823813,0.0884694607900473,0.05747318278078394,0.0645824289066711,0.055521614538089556,0.16355696067548148,0.10447204472912114,0.303109697727089,0.059018843449026255,-0.006732843827264747,0.17887605206277218,-0.11192777311146924,1.0000000000000004,0.13415916146181478,0.6997709507352685,0.13771275504831088,0.2117622303745903,0.09770363050118142,0.2526849335208423,0.049290561656011596,0.20674337151886013,0.04354489445498258
kick,kick,-0.22980296497202773,0.08031928121079143,-0.06621784875403372,-0.12462699851001117,0.009233590978562255,-0.02749401705864487,-0.11689951103673162,-0.07905102731273773,-0.11810465890067987,-0.06446485768443119,-0.07187174732786462,-0.12732250076076562,0.04913777364109568,-0.09101994294173472,-0.11218097710300418,0.041741980622879066,-0.09478102870390023,-0.043832764028458995,-0.11155989069501147,-0.06228143932890668,-0.10479671871926262,0.14519345350784651,0.1478370694334798,0.09709615618777621,0.11071448210977375,0.02418323723081682,0.09005734529738979,0.034015890986146026,-0.17512308571839794,-0.03599362299121533,0.23021144274899907,0.0810547828409861,-0.0474339910058223,-0.11781569023938301,0.05094644321269306,0.05758811818559437,0.08877141781797362,-0.0660415865229502,-0.05098619340676083,0.18653960164699535,0.15703259555436574,0.20989602974474708,-0.022769198151777394,0.133385538685926,-0.07768240342622612,0.284833595739015,0.15656838130088224,0.13415276961726608,0.11839740928909967,0.109787575036774,0.37121301118832273,0.26482066469169613,0.061287710088196896,0.2219152412540741,0.12400421551487248,0.14879577063667387,0.09453957629953844,0.038746868338187385,0.1304548196487251,-0.0965355780311714,0.13415916146181478,1.0000000000000004,0.14836023622429004,0.05906904566080322,0.1469567647153308,0.11146516977625742,0.10798932695204816,0.03764400114516235,0.0799888867738181,0.05689950903005682
walk next to,walk next to,-0.09689346130411766,-0.015838271442118232,-0.010626934461042424,-0.10570305680052065,-0.035639176193265114,-0.03457922425368236,-0.04525443018894624,-0.03474080405139903,-0.011706025727346775,-0.0204855272089092,-0.06849854841452586,-0.12165291829588498,0.11558825874362334,-0.0641840437531176,-0.06427149679321925,0.03825797080053641,-0.049403016069540825,0.08496108875327245,-0.171617657239709,0.05055005479583255,-0.11954345286888346,0.3122127996438411,0.19489625708038635,0.1747041241844353,0.6862963353171752,0.13859987553012254,0.6159117205840636,0.0678370275572775,0.010022162941453444,-0.06110969818120692,0.048812536409835454,-0.046570606359170125,0.17324691903068673,-0.1019044925146842,-0.023476925514561566,0.21599082790131124,0.02653617271290535,-0.1300478528641325,-0.009034072286707726,0.2293032320715297,0.16568367221290115,0.2141371864104284,-0.16058178329279932,0.35914973199932215,-0.003958082911348469,0.3036305581932816,0.06196421293505774,0.07659825498195694,0.14034565542893743,0.07105979363773239,0.13656559052046816,0.06563787739466576,0.11591971457298883,0.1507293040135898,0.11224249034598258,0.34302471093955345,0.07135645063825109,0.014906917399488372,0.2007737110233893,0.007514369218276863,0.6997709507352685,0.14836023622429004,1.0000000000000009,0.15551390687958824,0.1309732645283631,0.5973817295422521,0.26988328177411786,0.050009945017649465,0.17794878216305862,0.014629097497938563
stand under,stand under,-0.03752731163984979,0.19830348487203114,0.07446166538248211,0.17518396561410401,0.043791857986050946,0.1263339747095521,0.20692447197507807,0.4744060001745523,0.1875148132500456,0.1239090787814858,0.21239609575288743,0.039800740238081646,0.14732795683747585,0.18223559052346575,0.11324961423539018,0.1847570110526876,0.332365463694251,0.1967633847889534,-0.010433074156273904,0.16546662745949348,0.1334069601377721,0.08642856776420037,0.21048369998553484,0.03471316384728005,0.13644479738496998,0.2786334054007366,0.0968720417208154,0.21252280587012443,0.047915988485276645,-0.044435987509825144,0.22624108696477663,0.24698790815471128,0.1238326162579973,0.12425621884018404,0.14998187488617806,0.1521262991087788,0.14433824222223127,0.06698464479468932,0.1699092353155618,0.0448547756525284,0.11606422620457423,0.03213909339927147,0.07658915694476716,-0.005818439892844345,0.10199643240608415,0.11791346705609465,0.3844239735857109,0.194904070686561,-0.012060182957326616,0.17714490152176782,0.008106280539286104,0.19565430502477715,0.20077962663494756,0.09070707020973529,0.4038707909397008,0.08038827814955182,0.4008619224220754,0.29397449249965457,0.19877898250294673,0.1853235312459809,0.13771275504831088,0.05906904566080322,0.15551390687958824,1.0,0.15007461771037922,0.0803545315241403,0.37905970744202794,0.5619099865306929,0.4550576573299987,0.19488690212156892
skate on,skate on,0.036688972429825,0.12390948031517199,0.044078825448195365,0.028613928709504195,-0.05762561076436322,0.06252127580304172,0.01202584074496396,-0.025371354466346936,0.08417999139388502,0.06662031236737201,0.11128219007691978,-0.056111670440114766,0.023080236570445264,0.07769691669293563,0.08114739216320849,0.11486325495801106,0.17070087391758196,0.20691798195385447,-0.09547734860298107,0.21406655092757754,0.013711475344711812,0.16688419930828602,0.1433909639830481,0.038089835503038294,0.03416198694330582,0.347998794080852,-0.015377768674170324,0.12499836821255095,0.021572670495330966,0.026790615388237002,0.2006600023633418,0.13085713876846272,0.12351353019838494,0.08234510842031263,-0.002834377133626314,0.12547794827455233,0.1267148992849235,-0.06593710508439585,0.1623452839397388,0.11890652651879692,0.1668126966487486,0.10364585247554767,-0.003105403873876469,0.1373392241054933,0.24352994020813873,0.3205640469658458,0.342759977767805,0.11460910645017588,-0.024906237493084533,0.26172510721173925,0.17127583926197176,0.2231505997294006,0.3003210060715692,0.3015405699239033,0.28005256102170883,0.1238168558115415,0.32013119058974804,0.26765114401725854,0.11362940312887826,-0.010726730679221565,0.2117622303745903,0.1469567647153308,0.1309732645283631,0.15007461771037922,1.0000000000000004,0.02901175586118491,0.30309273709235424,0.20905624238878587,0.31141517188513607,0.1804576551678905
sleep next to,sleep next to,-0.13682855325565507,-0.07794434042919732,-0.027640689394331244,-0.13534167789581328,-0.0904033686789032,-0.055562009933133136,-0.13010033268441065,-0.005729649820213071,-0.09967826886760996,0.04601380261313471,-0.06603467383230388,-0.20231041126387933,0.007375864144099837,-0.04674241482308889,-0.1179960519616555,0.010128660239625631,0.02751810593424916,-0.0028682914259544586,-0.17971343568736767,-0.012822603225753244,-0.09280621130068634,0.03148377164521984,0.09658573473309792,-0.023599012490807064,0.6158855008129953,-0.01893321297935208,0.6329198017824706,0.10001044394935102,-0.046149584175180315,-0.051516682377940756,0.16615300588803586,-0.013494356480387118,0.11873600948776042,-0.08154406154161548,0.003988722983638088,0.21608499865789663,0.06838038863159739,-0.06873976600748197,-0.0990919958049527,0.04647607056020702,0.12333328192843829,0.10014953867910308,-0.054733423142516335,0.11726974944052021,-0.008177783659637658,0.18347260050571884,0.13914281567051498,0.12916817849167872,0.09441444349733362,0.13293421031470115,0.18657534819347302,0.13061049695644825,0.3515691201944549,0.0537831584593748,0.05407352112070089,0.22061292916029138,0.10465838894865,0.10943141823933748,0.20151318117214076,0.02117719974097856,0.09770363050118142,0.11146516977625742,0.5973817295422521,0.0803545315241403,0.02901175586118491,1.0000000000000002,0.1325167246006333,0.0867906085654429,0.0988932658904928,-0.04116310918159757
walk beside,walk beside,0.027285166059814545,0.10858006296562106,0.10841305412864222,0.2235216643565168,0.011120791509567669,0.2484235169752615,0.28311666134601954,0.08623775529923171,0.23306004633379815,0.10033030746234711,0.261106246328564,0.023756705352633006,0.18875527806780282,0.05221425044589445,0.16403359513117455,0.19591332892202973,0.18729257346692868,0.23240718273227992,0.05654683457067695,0.18482722610565772,0.09501059198988439,0.2784317610714642,0.23425659502843657,0.13432850594467471,0.19036743908917603,0.2596617011840412,0.13272157271730345,0.23118998798066828,0.11587779851390764,-0.05234049641825893,0.22868475750478173,0.1931763453406312,0.3007536917131844,0.1402743926337635,0.13893479247700558,0.1999344150579142,0.17995049516384748,0.1504595220951596,0.1758284609775309,0.06368497055137656,0.21401968690299022,0.16707142477111275,-0.009394514803455312,0.18552824911639768,0.12128362500862137,0.2810026014861702,0.43072601293861856,0.16073504325493068,0.0551116148978611,0.1931152186080279,0.05385393266969171,0.2636721691507916,0.16836029854529166,0.20045832757499443,0.4551586071545586,0.21687366192270907,0.46849196524546854,0.22932042589887103,0.2550661123591251,0.1839794211716958,0.2526849335208423,0.10798932695204816,0.26988328177411786,0.37905970744202794,0.30309273709235424,0.1325167246006333,1.0000000000000004,0.28938575477431994,0.5932183911156405,0.26718676831968624
sit under,sit under,-0.02943887666717203,0.1530804749351656,0.08589812859065853,0.25555582378994046,0.033679853637793425,0.17528106068060156,0.21698880965996384,0.37752983336573454,0.20996410272573068,0.13694771196763755,0.2379136456846938,0.06814401891869697,0.19673374870448196,0.05775550346745999,0.14440038979394662,0.2045046520492347,0.30373919000057237,0.1627097381925117,0.029436615597595882,0.274404315742524,0.20775723542574812,0.08629877835914863,0.23059235468913675,0.032415936407018425,0.05935594749056546,0.22584417595262013,0.10937217820549669,0.19358412294418909,0.03919733822927614,-0.12089927656697766,0.2273554545869842,0.1931346316215487,0.13087026431225524,0.044394905363478884,0.022324831519781037,0.19025105017276256,0.07939387548672591,0.13000529281407044,0.12836099500609746,0.03730901007041935,0.13556380769325038,0.11064822130889589,0.12450103094947454,0.045800543686543266,0.09777027489958753,0.12685187317345525,0.2910950658164463,0.13564436812643865,0.02443453627760906,0.2061347008538857,0.003548083485398673,0.31075480344014883,0.2582635346841913,0.09251613326900561,0.37284498951837364,0.07846231828841674,0.47461024344760305,0.2617870329251538,0.12156267054414663,0.12384811313090313,0.049290561656011596,0.03764400114516235,0.050009945017649465,0.5619099865306929,0.20905624238878587,0.0867906085654429,0.28938575477431994,1.0000000000000007,0.39437473570902226,0.24851005275457833
walk past,walk past,-0.019265796323001634,0.11169905450283572,0.11179682216615863,0.19079829651782473,-0.06899212113798203,0.23301453135360672,0.2852627730556474,0.08343250552787998,0.24137270289360824,0.11550153500971375,0.2608423030206004,0.054237612343810554,0.1405142935208305,0.08639088806384926,0.11318201898773007,0.21941669923360835,0.24945120973390317,0.20911568437322647,-0.030648383215299228,0.22931984955505197,0.1488644988206661,0.1951399776196629,0.21709522430721884,0.16893353945106657,0.12057944613446643,0.27892143724667573,0.08339107343394447,0.17599376613139167,0.09272213965262927,-0.021380554797722225,0.26618793126699936,0.24229918973895348,0.27294800385166446,0.1449430646467194,0.12874003245237084,0.2629869468937459,0.2139215039077472,0.16711229810378464,0.19485488891875485,0.0222643695707873,0.24045335000101903,0.08512632398247266,0.06816352592472771,0.15836624231715174,0.1561428273109133,0.3726894095376695,0.46034158097639977,0.15822204254652217,0.11830198975172537,0.2989837246872869,0.02212759329877749,0.23342621004972974,0.27124488756662923,0.2187103246499843,0.5698075694852278,0.17617820812160456,0.5456164457846703,0.2728362998552568,0.24218684634500054,0.2377979656056021,0.20674337151886013,0.0799888867738181,0.17794878216305862,0.4550576573299987,0.31141517188513607,0.0988932658904928,0.5932183911156405,0.39437473570902226,1.0000000000000004,0.35047531754264727
park behind,park behind,0.1426603873315214,-0.03445380342089394,0.15961480841613795,0.2680895815549678,-0.019363862293436982,0.24964345872934457,0.2725417777943708,0.09018471498779151,0.2937614606700536,0.13068539328958068,0.32031520562264115,0.07766728285910615,-0.020215496146062304,0.16907930437928803,0.16175554110226675,0.250358601437554,0.1830236248278594,0.208823330778076,0.0578272203199046,0.1756926969808833,0.2270503094239123,0.13836184076790325,0.07809428698451112,-0.02158074709047073,0.006790458966215298,0.21783908863430818,-0.0026456592518153046,0.01578753648928988,0.143905795482352,0.025935935852237132,0.04602689910381192,0.23223235891748129,0.05988264240716051,0.1090436350522063,0.11611080976690863,0.4432218893933304,0.143468016015938,0.27439411289629057,0.37734093213675124,0.0970110295856034,0.06339307703101868,0.0972174826754735,0.03856937006611129,0.29379320778106044,0.44720880971400995,0.24865712069962356,0.2442137770230539,-0.0353816716906002,-0.08251814571859496,0.17138846228189805,0.07152689572583545,-0.024735127547768333,0.1587179220835566,0.28416928365846006,0.2876615252925221,0.0887819916031116,0.34245657700881904,0.14233265035867576,0.011217657009595636,0.2111401343062555,0.04354489445498258,0.05689950903005682,0.014629097497938563,0.19488690212156892,0.1804576551678905,-0.04116310918159757,0.26718676831968624,0.24851005275457833,0.35047531754264727,1.0000000000000004
