stand on,stand on,1.0000000000000007,0.6895449802597973,0.6195223155550389,0.19575354138953424,0.24752953930210686,0.3065813699357852,0.3540051716584609,0.31103323720759285,0.44030618435044444,0.44324216712885717,0.44073499641700997,0.3572137836482493,0.3513047180512668,0.28724958870647443,0.5200013873154202,0.2714690169441194,0.40623493676236533,0.4633227000072065,0.31785623149396947,0.3370124867427746,0.46665147006795504,0.4766551380863573,0.3256372330515447,0.1809842638528754,0.38460464254640125,0.2402213396635361,0.3304714384741438,0.3180004544135314,0.3524663196336604,0.12927101942234348,0.3134672307602697,0.22160125623879798,0.17237817676716827,0.3881352749136946,0.1972855779097306,0.3816430503842152,0.2020229915637501,0.3405900407535963,0.22026939503365425,0.2791094969753716,0.24660334838207829,0.29872523187515326,0.2851188791976565,0.1703121120071213,0.1372062524099399,0.24899196943926669,0.30012348809028766,0.2734575496164299,0.2520161604100215,0.12906717680203977,0.09781541746724327,0.13357306688722018,0.2920440194936017,0.3228584977743608,0.12009581507229958,0.19557817399052374,0.1896822902912465,0.15614398986995204,0.1368639258362883,0.30371554598252215,0.19395488455601612,0.09241792426967682,0.13676186147946828,0.05511679088143848,-0.03935148119081129,-0.03447641757650508,-0.11077167002128341,0.06788583343121288,0.06620448585402708,-0.14669304396405802
sit on,sit on,0.6895449802597973,1.0000000000000007,0.6078815275403266,0.17566718254399075,0.26246885435202666,0.33849235256757454,0.47255910242154886,0.4356048339429688,0.6001520817262249,0.4257232667737958,0.4265903736907385,0.34572610191482145,0.33749128365242187,0.270732819308814,0.5216932961076802,0.30512210326519273,0.30656500933283226,0.495159945277555,0.2912775899172133,0.3049004383918704,0.4448486194757197,0.5983883450434305,0.4348312112436259,0.13998987956865078,0.451075354708235,0.2273038624929442,0.43265045126575374,0.27806503968197505,0.27631189502488174,0.20852094446205086,0.3368680554236131,0.20039251132872868,0.13248797175047172,0.43653810583805497,0.256885480431481,0.36486057275731754,0.2401308693438419,0.350887192603863,0.2926255358350228,0.19487126273502392,0.22151857878549316,0.21869945085870934,0.33891342041923467,0.20102079868946385,0.142978591389673,0.226292310124409,0.2270646228606324,0.22012911386176115,0.3621335848718277,0.059815886469131455,0.05882893990433849,0.05323032690008013,0.3382546960101574,0.30089165782757565,0.17703670395875354,0.12033692320710318,0.2398825945503965,0.15873524966205071,0.07389103248578895,0.22298854626054238,0.11347085965991695,0.03771939111034833,0.02580403796632185,0.032088313682338686,-0.022883085620279547,-0.027750604660510846,-0.1577024772983423,-0.028169213963091966,0.005451931014883752,-0.15371391280890404
rest on,rest on,0.6195223155550389,0.6078815275403266,1.0000000000000007,0.16117236753869102,0.19715271487612096,0.27554765426052713,0.3090547383053998,0.23050518201352516,0.44432992045233766,0.5136863593381085,0.28512351614425696,0.3718999901014157,0.28776620254407237,0.44401382863605954,0.44069582376172706,0.18199959998121162,0.4023421408752714,0.4574391831446547,0.19729283123065633,0.1953115901686594,0.33388267553825846,0.5211080517358095,0.2845789330914449,0.09860241484681474,0.44183379739300266,0.13930816434064233,0.24671971229049444,0.24823230799814844,0.2854694370719898,0.1862565132806511,0.23611334665625747,0.24481036164311018,0.2502974471294571,0.3282268421869434,0.1930986079478107,0.37813378816578413,0.22472524722153647,0.39154012904422475,0.09343168789317244,0.23089713451045035,0.21376443038737664,0.17986745518755917,0.2862544538935159,0.2105584694515435,0.15579714366406644,0.17684951170976104,0.25144187945469343,0.22105465392895102,0.24985234280590082,0.07449228929620925,0.17922434094222683,0.18828688593974827,0.2767312235633704,0.2191636627534087,0.10540501653135868,0.276063732839479,0.1161378461697212,0.05113282382856232,0.07109108222565895,0.23703582930422087,0.06701311025773027,0.10765281517266737,0.09310277658839577,0.013057934548698448,0.09056787381529266,0.13012941551283236,-0.06266625837009483,0.02748331620467451,0.06821437171269853,-0.1360266721710572
inside,inside,0.19575354138953424,0.17566718254399075,0.16117236753869102,1.0000000000000004,0.24152382959578977,0.5874234966108112,0.24350717696469162,0.21912228495297797,0.19748906610243366,0.2605787869899964,0.25823287645779563,0.4401303230827607,0.5019477694237351,0.5708802130750487,0.1777054111133226,0.26455534436983597,0.48720553583899395,0.1477758253540303,0.24027858149538006,0.1904029858487976,0.17370974103043751,0.13688505604552037,0.199962486895229,0.24818421956823844,0.3306537595412364,0.20709223575042604,0.08780924298431662,0.2157326977446839,0.059471114683075685,0.2676314833008816,0.14076677434521062,0.3449366543884093,0.4859553572277966,0.052705825100156506,0.11570578613807764,0.09592295911525313,0.012589167554555358,0.18884377814831083,0.25310047842652067,0.3226619612162437,0.24880762226560138,0.1924352429963822,0.033309562957399105,0.17632611809832116,0.3073142573492763,0.3421504373848412,0.27226453438899395,0.14073951989107944,-0.05118028127561382,0.511812219018202,0.33635289843585486,0.3113219358920173,0.04227369276181796,0.14536062542117006,0.26451771428350845,0.24996214719806717,0.09467852718811447,0.3026432618039402,0.16600292881819456,0.08575675630902907,0.10882635404806619,0.17126296494091697,0.26054720004527165,0.244464356847345,0.22127853533374353,0.10823144045692298,0.2537086719113205,0.061880814227523735,0.1118172040852741,0.13966758676768362
walk next to,walk next to,0.24752953930210686,0.26246885435202666,0.19715271487612096,0.24152382959578977,1.0000000000000007,0.15068527361247877,0.27259083097482795,0.7575322768181136,0.1902223739139408,0.07803470365968893,0.4675531684447292,0.124108478672675,0.13704666070468932,0.1276805373636221,0.1835905893609855,0.3679549734060703,0.11678749615142187,0.18901214909195999,0.7406289681224016,0.7387996259854364,0.2868027523762095,0.2340160161810682,0.2737972817075224,0.40430867166847045,0.164053480282015,0.47065233538477463,0.23412297479257618,0.27643606984621,0.275000739199775,0.7076355620987664,0.20759113879461238,0.16773489509008377,0.17850597768702636,0.22192075676145592,0.35926281880600397,0.12221735292472047,0.3037906535919149,-0.006932874486299787,0.298787215933928,0.09620940385043497,0.17947552911857748,0.24148789647183186,0.2169643650886593,0.19417933715632862,0.1655351644734542,0.02098816031010094,0.06121523962051986,0.024254231673679686,0.20734194704137998,0.12282728683616531,0.14512526371451473,0.1251582311994589,0.04992567194926291,0.061872116767297466,0.2853267327515479,0.1696051597055487,0.2644158049450198,0.11459536286907641,0.26015729540583243,0.13558329999999413,0.25959547111116404,0.18422654783085463,0.22469676702132713,0.18499954378109112,0.10573653044312004,-0.044249599981945664,0.10569970247341379,0.06357495292054152,0.020580409364899965,0.00692152140920084
in the front of,in the front of,0.3065813699357852,0.33849235256757454,0.27554765426052713,0.5874234966108112,0.15068527361247877,0.9999999999999999,0.3634347285464572,0.19925804966576283,0.37122655511464375,0.27350337027335664,0.2897198597486079,0.5597087539483708,0.6297045719459199,0.4739032481842974,0.3309499070532762,0.17889019522481228,0.6101336998544312,0.23787256368870952,0.15500489640114726,0.14405031868040824,0.13181889515018463,0.2162285281477168,0.05206722058752743,0.18882314718535315,0.4194144794609014,0.17164210736861618,0.12641073007718612,0.14206316073594527,0.19295015360058626,0.10789816383423141,0.099597808604124,0.3434450400110566,0.339451241023338,0.0971352285943772,0.03725234809916922,0.2559054790754315,-0.01316812055127825,0.15281257902311868,0.11930005514943332,0.5955063656647589,0.10084575972871856,0.003820313030484305,0.17853895663445693,0.03984191979890558,0.2876148793719862,0.41982725189794046,0.5215307233554267,0.044443064543371866,-0.020317088766167953,0.31149957218957053,0.16359487349362262,0.36082776672851247,0.1156963948204065,0.27017875353093357,0.35230655479330963,0.11001431915499724,-0.03371337449938715,0.48405352409709457,0.11656913802228548,0.20519513383766025,0.08005339087441327,0.07722271775594346,0.032677699312384026,0.24190093238109744,0.029869168580574923,0.07126158234693186,0.06166253011193451,-0.08545508934778513,0.06859717604775965,-0.0015276457228350464
walk past,walk past,0.3540051716584609,0.47255910242154886,0.3090547383053998,0.24350717696469162,0.27259083097482795,0.3634347285464572,1.0000000000000009,0.2805241178272391,0.4823670738848535,0.3746058728658251,0.5128504728586727,0.29233397451000276,0.2882871000394458,0.20422913730108566,0.4946807894420946,0.3161443743184892,0.19072036873777998,0.5140351899572652,0.18591349034648058,0.3577006674616391,0.2229641000949878,0.3890821080541563,0.41952950145372103,0.2689188515899126,0.32094878112387343,0.2938059456473813,0.33125937959000773,0.2858958079762119,0.3221386589181851,0.2202016685029824,0.23720029542957147,0.06745769653059032,0.12819875054013735,0.35026592610661944,0.24233126294984153,0.3741551987730912,0.23303137071793445,0.21287743270981954,0.2800658794284475,0.16930360142412895,0.19610586618067244,0.2974181035107907,0.4780551723526423,0.2570893201331873,0.03827979854032324,0.14597555560836623,0.13095494774055555,0.10313298458191857,0.3085489067136498,0.09742082237254758,0.05851186226109673,0.15093766443216738,0.2644791270672628,0.26421712854931656,0.2210382457015489,-0.12771553773427646,0.2579243241333399,0.2773049032087433,0.11140238473068362,0.12222898712236574,0.11555527528085806,0.03727346068626399,-0.08240092711758701,-0.011950602886179197,-0.03384312246046495,-0.15639945291740395,-0.21199413386870436,-0.06880885991627092,-0.15561123209094668,-0.2053876511806439
sit next to,sit next to,0.31103323720759285,0.4356048339429688,0.23050518201352516,0.21912228495297797,0.7575322768181136,0.19925804966576283,0.2805241178272391,1.0000000000000007,0.2849527991709101,0.12897900165462822,0.30361086034657636,0.08414542744746305,0.08340548863549521,0.049744905084636984,0.2296714074164395,0.40301570659355257,0.13455543223676295,0.2103826421162523,0.8322916065917852,0.35698505135552583,0.4111783736320023,0.31619010416527055,0.34948773137795597,0.26460384054194674,0.14292674066782413,0.30684305251757527,0.31130050236684076,0.3096239964181111,0.15541822362700616,0.739336617113221,0.2753553324063977,0.16415934393583503,0.13314224420868231,0.17075564151504852,0.2495502016130562,0.20665580336804262,0.35125952007955774,0.04597832500611864,0.3688979088416584,0.11141552247430139,0.18040353049624527,0.28858452539935664,0.22884282559039587,0.1930211781845963,0.18562960353782332,-0.053203342593544055,0.08180827948851942,0.1098334988825717,0.23759018015256445,0.0950341421109888,0.06980428694791224,0.009276723624134016,0.15566998320607214,0.03285203685043778,0.2564069299917863,0.16930378870383603,0.25601535345866294,0.10902708050574973,0.1364558645351602,0.04583005761405158,0.1862118313469668,0.08158329134161721,0.20536587315819788,0.18094473805318265,0.08588365546433015,0.043192481145951,0.13532628723104345,0.13225580140294535,-0.007329769016757755,-0.01606975383221075
sit behind,sit behind,0.44030618435044444,0.6001520817262249,0.44432992045233766,0.19748906610243366,0.1902223739139408,0.37122655511464375,0.4823670738848535,0.2849527991709101,1.0000000000000002,0.3994656428467009,0.3172352090169906,0.30885126674338204,0.291433190648688,0.2087078012890301,0.6541345709859199,0.3079784891478678,0.2764032007502211,0.572987097414954,0.18556306878249731,0.2672307550254388,0.2988117980604006,0.39207026765452024,0.3210163725121715,0.26846207884914386,0.25601406290557605,0.24892644476258227,0.3161868210362189,0.274531400865484,0.2753214166202258,0.12223034936281656,0.25690314028559263,0.04804969360297627,0.2661334229783306,0.3652044068980319,0.2650896637444006,0.3518516170921874,0.18383451292227165,0.2040577328926821,0.27612756334727917,0.24645899897860216,0.2756826621255077,0.2364658690108174,0.39281114754298785,0.21911921595096367,0.02505925511388337,0.12659363730848108,0.21040724855165638,0.11862354400881914,0.3550723993207263,-0.005559375597920836,-0.057714713702143136,0.000234062824283697,0.3331540215598491,0.2164568007537361,0.20788606868720821,-0.0750687306529625,0.28768847660022573,0.19124378063687686,0.09258699686086981,0.06648397886163954,0.21419039701307363,0.08043637632324697,-0.10477810074634376,-0.04889632630413457,0.04619478597610493,-0.1245566447060315,-0.2642649832178704,-0.05023212279632242,-0.14204785171289244,-0.14190239715399278
attach to,attach to,0.44324216712885717,0.4257232667737958,0.5136863593381085,0.2605787869899964,0.07803470365968893,0.27350337027335664,0.3746058728658251,0.12897900165462822,0.3994656428467009,1.0000000000000002,0.25632707980945063,0.21203631110910331,0.21706142487215957,0.3184681855142475,0.3902920204149748,0.35195096040863993,0.3015563240913317,0.43887746107760633,0.08673136543679684,0.15168767938370697,0.3925650545685283,0.2285205938452797,0.32625056712927103,0.27619829230983584,0.1787222161072615,0.1465626644327689,0.33417050791748937,0.22327404489741814,0.2970869252602736,0.033502392386113675,0.41520139501370235,0.17219670130983403,0.14988467165067898,0.31046282528893376,0.2541036825480979,0.32003650818783225,0.2906302485686617,0.5172666083725925,0.1569494055196567,0.1421717933213526,0.23555535912937392,0.22396071590086508,0.2636875265378239,0.3548966211836968,0.12883341496285453,0.2374750083211482,0.1441284581449577,0.37855235444304575,0.27828053488976157,0.16340540733155293,0.12028557889929628,0.08683848708343084,0.26268002253757416,0.19827683005215324,0.07465433801500203,0.07092187569103314,0.11045268208623883,0.07286309584240733,0.055265736722863584,0.05725374408156982,0.12738625063576156,0.12074419621895391,0.03670221257180117,-0.052556665520536894,0.1700455268338033,0.05678619471130088,-0.06623465207871454,0.008372425510565485,0.07238626857481019,-0.07248450012665864
walk to,walk to,0.44073499641700997,0.4265903736907385,0.28512351614425696,0.25823287645779563,0.4675531684447292,0.2897198597486079,0.5128504728586727,0.30361086034657636,0.3172352090169906,0.25632707980945063,1.0000000000000004,0.2812793963558784,0.3601183684996516,0.16372288382430256,0.3073022313386762,0.3078961945718613,0.22980999695827709,0.26962647320192523,0.21030404253670879,0.5882323459308788,0.25666889973953944,0.3662041729343193,0.2846421209868468,0.36960413076521514,0.2602426047381734,0.405725863232665,0.2178622102476621,0.1395496187251757,0.4279351756777914,0.21349220605624394,0.19770456208464543,0.12757621845591946,0.1150277224582743,0.3796771763953658,0.2660340388294532,0.21134098708024474,0.16188643660032642,0.10442467109031853,0.14023961303862637,0.1586858030480654,0.12032348999031148,0.09521626110469594,0.27557722943716795,0.1422888782797312,0.08532405789261988,0.2893250921589803,0.12662773017959986,0.08337922350347572,0.2213096142267274,0.23801927442279147,0.09200206717091797,0.3694680751300751,0.1548338373875636,0.21029435188364554,0.19629010121283283,0.0030660332576800536,0.2056684796750296,0.29299944708840386,0.23337878574725918,0.2776520782991215,0.2508044377001779,-0.02635155614418104,0.03704943920371832,0.23189285067759602,-0.06991072257510547,-0.1324442034664403,-0.05827622012904925,-0.05705740445428556,-0.08942733279012988,-0.19128906533332946
beside,beside,0.3572137836482493,0.34572610191482145,0.3718999901014157,0.4401303230827607,0.124108478672675,0.5597087539483708,0.29233397451000276,0.08414542744746305,0.30885126674338204,0.21203631110910331,0.2812793963558784,0.9999999999999999,0.8507080252660455,0.5997296758390214,0.3613669366883515,-0.010250406944096187,0.5812749863295711,0.2533932093856488,0.08105994019352014,0.1576718112002459,0.08382089249561801,0.2514799146930155,0.10288465104834718,0.08828412532627333,0.4844907845578068,0.05128552904915547,0.043801415700533836,0.0655677772239971,0.15188730148422536,0.07304896378366496,0.0004850108148844942,0.4207041324122607,0.4033226650881222,0.19074466744623808,-0.05213996025837885,0.2101791852614931,0.05270852769849533,0.14124709390286277,0.08169797376200831,0.49597829957662354,0.08139985830466562,-0.012738363373330305,0.23140959759479984,0.041756991902380455,0.3217974747852247,0.5998973597083318,0.4770494301504313,-0.00893059860764362,-0.012852285397450695,0.3283180764927307,0.25866088308207635,0.48370068427462376,0.15335296019047728,0.29938634672165976,0.21878350636006666,0.22666332641494522,0.01516540646832526,0.3095200437524535,0.08980253019887591,0.27932423618481345,-0.04844453479722803,0.016605930798716674,0.10982172699771167,0.2575273096518907,0.08645043999154264,0.13678887345298307,0.09351751138256278,-0.01754071870882791,0.03300171890353829,-0.01432202505380274
next to,next to,0.3513047180512668,0.33749128365242187,0.28776620254407237,0.5019477694237351,0.13704666070468932,0.6297045719459199,0.2882871000394458,0.08340548863549521,0.291433190648688,0.21706142487215957,0.3601183684996516,0.8507080252660455,1.0000000000000007,0.5749167013903522,0.30825683123828657,-0.00906679615298658,0.6070910661587476,0.19790566376725469,0.0596211358572653,0.1512625958397134,0.05500571776919125,0.20779039077633782,0.056053248494642084,0.12446624353652179,0.4841813812865663,0.07991792383886245,0.03659290349525594,0.0711602598023928,0.18752413377005164,0.04238186073019501,-0.05786672158147087,0.4226806010184859,0.4055113308849761,0.11985621450675964,-0.05645130814322682,0.19630804731855303,-0.05079842631971031,0.07596920153442857,0.06035695362708407,0.5095635918489132,0.07316742370780514,-0.06404451375957673,0.2093413789244835,0.006234017215290308,0.34029633077772004,0.7336871004216992,0.488049465765955,0.010746133944210402,-0.027983206972279392,0.39731661211412006,0.20954769989795363,0.5825916162249598,0.16639751167887293,0.33896176249152005,0.2519290128961858,0.19083336856993227,-0.04254220728421411,0.3765309914926836,0.0961618239591166,0.3186869861783114,-0.005030982475061195,-0.04910767710206933,0.0686334307141266,0.3357819662599485,0.0787732391186653,0.14765833578314463,0.13071546193293973,-0.02388984293754282,0.015780551767283248,0.015171083339840328
beneath,beneath,0.28724958870647443,0.270732819308814,0.44401382863605954,0.5708802130750487,0.1276805373636221,0.4739032481842974,0.20422913730108566,0.049744905084636984,0.2087078012890301,0.3184681855142475,0.16372288382430256,0.5997296758390214,0.5749167013903522,1.0,0.19454530254489177,0.0904823551170168,0.5642631279992372,0.19905174639689754,0.06137572319248617,0.14917927112109147,0.04177133560337658,0.24259586528728688,0.10372990096780038,0.10415504935752948,0.49160556806609806,0.08919612324591289,0.05543259993299183,0.2290419364536719,0.07083697240853684,0.09461372275231153,0.03096895218990802,0.5915591906792692,0.4917747144520349,0.19602027772640518,0.05057893236968319,0.21953734259010804,0.018831539293552666,0.24413303794560087,0.07220232279032308,0.33340241918264735,0.20659741607909296,0.06075415622109204,0.13598954325797968,0.07161264814746489,0.4977424682837507,0.4638175851545022,0.30403784413314694,0.08929998257216903,-0.053341999806281945,0.31049143594734707,0.34295322937226896,0.424413394526178,0.13630800331416718,0.23005692234486425,0.1608773487378633,0.25999740776940305,-0.009358845352746809,0.1401762147461147,0.11179221555436053,0.17096848861935393,-0.02209717015177997,0.11729682935631436,0.22325565248911705,0.16605245163794038,0.13016646792336622,0.291895655339995,0.11501692895203738,-0.0067179362034696655,0.07026778209900665,0.08334024534277362
stand behind,stand behind,0.5200013873154202,0.5216932961076802,0.44069582376172706,0.1777054111133226,0.1835905893609855,0.3309499070532762,0.4946807894420946,0.2296714074164395,0.6541345709859199,0.3902920204149748,0.3073022313386762,0.3613669366883515,0.30825683123828657,0.19454530254489177,1.0000000000000004,0.26045131844842834,0.22738430073797417,0.5642115033710873,0.22658375117375285,0.26382546699272624,0.36835034953440926,0.29365992572936256,0.30898157531943926,0.1712185457779335,0.26930973076039044,0.14382652665270584,0.3246690044034177,0.27396001678222015,0.26201433896876075,0.0651993747548087,0.2647416289254919,0.047521894210652234,0.2606271663165637,0.3540324407324257,0.18859174460218,0.48660096288302873,0.25519899352502856,0.2185410200622836,0.282080874912599,0.3146626402782606,0.24609980733126346,0.22001695072750704,0.3763408165797016,0.12406973770879472,-0.03106332481602196,0.1671453362178057,0.29347345549862347,0.0994134575652071,0.31898044891406135,0.035237161359770106,-0.006379155019491468,-0.0034435536484574286,0.3249791987123206,0.26815686547435136,0.1893625129720387,-0.1081118738970921,0.1973539024614011,0.1344804153008668,0.1021745563236744,0.08041281255886182,0.21270195398881975,0.07659327322928731,-0.06304480002555844,-0.0855447314280588,0.017311468891306407,-0.07189284482260479,-0.20850004162220764,0.07860291560824426,-0.09244776294464387,-0.18900043168168734
pull,pull,0.2714690169441194,0.30512210326519273,0.18199959998121162,0.26455534436983597,0.3679549734060703,0.17889019522481228,0.3161443743184892,0.40301570659355257,0.3079784891478678,0.35195096040863993,0.3078961945718613,-0.010250406944096187,-0.00906679615298658,0.0904823551170168,0.26045131844842834,1.0000000000000007,0.09522829285418334,0.38748773345374016,0.41150196621833657,0.4064245250366448,0.5036433692966618,0.21843164859614062,0.38921366956709413,0.4930208136455292,0.1664817075103313,0.40903274568940895,0.384316603000911,0.33314100686989845,0.3599075766821578,0.2816676838942463,0.6026776979090437,0.028788267260543923,0.17020702613470134,0.2784882360466152,0.4426145234163859,0.1737402252421889,0.42009959550844106,0.20660134973952082,0.36327292075149975,0.0789021576925014,0.29488079648079246,0.4124236003157562,0.21201103383301273,0.32945959224540244,-0.0022819296489844515,-0.06995073209940417,0.005157388510967111,0.2634678333534376,0.3527373549087316,0.011758580795185864,0.053193219668950215,-0.03593148618866105,0.12269461062659823,0.08929193826015609,0.1710428047113007,-0.014420052830838257,0.2538201376999828,0.08621819099302802,0.24197685987532758,-0.011405475923234758,0.37540163817832783,0.2334056636795384,0.0475921944819562,-0.04461589918845244,0.1358468553451555,-0.04819993453064489,-0.11760617520980853,0.06891460706109198,-0.058826936484522634,-0.040802543175929386
on the top of,on the top of,0.40623493676236533,0.30656500933283226,0.4023421408752714,0.48720553583899395,0.11678749615142187,0.6101336998544312,0.19072036873777998,0.13455543223676295,0.2764032007502211,0.3015563240913317,0.22980999695827709,0.5812749863295711,0.6070910661587476,0.5642631279992372,0.22738430073797417,0.09522829285418334,1.0000000000000007,0.2015817972412236,0.1630406885067419,0.044529470111332764,0.07582670321807233,0.2138683958521684,0.026538721706718824,0.07637000185636897,0.4465552757141804,0.06596390033850567,0.08736579584387877,0.18946496719662975,0.15916515616935983,0.09833455743323499,-0.020077966516342468,0.4655984922205841,0.3839786983699013,0.11772434079082011,0.00534969933546583,0.21228512934787735,-0.015177322013190143,0.2072037434673456,0.14014689352435566,0.49239166569816706,0.15498958847580635,0.026198471682509356,0.11108088553634833,0.06098681198928123,0.3839280742102966,0.4042982517577527,0.4379459519119757,0.0714485603027514,-0.05366985099944628,0.2779184239131015,0.19554950720856112,0.44329171899420283,0.13870784096330657,0.3113807847457465,0.12933247068450884,0.31887162467851987,-0.04247658965456658,0.2060004472336056,0.1810163452336382,0.20304709771293228,0.07579258864031421,0.093793301221528,0.13659098167605566,0.24127157872594984,0.09021028813699755,0.1326196297048609,0.15618472362401867,-0.017343404158219416,0.05495331240605689,0.03676874678204711
lean on,lean on,0.4633227000072065,0.495159945277555,0.4574391831446547,0.1477758253540303,0.18901214909195999,0.23787256368870952,0.5140351899572652,0.2103826421162523,0.572987097414954,0.43887746107760633,0.26962647320192523,0.2533932093856488,0.19790566376725469,0.19905174639689754,0.5642115033710873,0.38748773345374016,0.2015817972412236,0.9999999999999998,0.1775961224463575,0.280617780518267,0.3687065428268484,0.3341910396536818,0.3728307653601884,0.13867513478894647,0.3077454088675313,0.1853391018101888,0.38745309772562775,0.32715184146103515,0.28251615841150945,0.15847186417274126,0.2774423854074486,0.08026290371566817,0.17160844778284778,0.3180717706602355,0.29573824598526444,0.3876969796079287,0.23415170991476458,0.18507432878462193,0.2171780263739918,0.18780978180107719,0.33819553540039893,0.2951810319399679,0.4106983549143852,0.17494029560299312,0.007647764684962977,0.019313707707973263,0.1213293969910867,0.1493793580952507,0.38222327041869375,0.034868743698971104,0.005134639259081267,-0.03455283348616918,0.3119863758190149,0.31286921229465825,0.11320986587702994,-0.14824474418078065,0.2339208222063285,0.04618076524801395,0.1320311372498151,-0.014132289783235871,0.21446957208411405,0.07909722132608707,0.008634076206889905,-0.13440185807405264,0.08283733822466657,-0.03182215061354923,-0.2576700960210529,0.019688749166769055,-0.0023316068085537656,-0.17061052332179297
stand next to,stand next to,0.31785623149396947,0.2912775899172133,0.19729283123065633,0.24027858149538006,0.7406289681224016,0.15500489640114726,0.18591349034648058,0.8322916065917852,0.18556306878249731,0.08673136543679684,0.21030404253670879,0.08105994019352014,0.0596211358572653,0.06137572319248617,0.22658375117375285,0.41150196621833657,0.1630406885067419,0.1775961224463575,1.0000000000000004,0.35284389977576924,0.4134922288719889,0.19398092431877384,0.2934615700348148,0.2952629810769461,0.11616224632750864,0.3200901941902553,0.22554856189345207,0.3590550304275094,0.13648161696372,0.6973423477147587,0.2828195644106694,0.17680370738701826,0.1663844905479997,0.06690296545636272,0.2658733965569838,0.19036281494225193,0.42446076028116386,0.07508089288546813,0.36438432385425273,0.12076187054616849,0.1897450274246795,0.32336081668856265,0.16870950126701872,0.17204458541797996,0.15136445290702583,-0.06551948564777764,0.09895997452421401,0.15006582971397994,0.18066034367902145,0.06354500360515855,0.07911178922573488,0.0008315779230501572,0.10553973222011741,0.0661964899223343,0.2412704419736804,0.20848338182154647,0.22805651799046706,0.05408381385312837,0.21515372367090613,0.015071582242868552,0.18674817947995487,0.2284514369203452,0.21855494420715377,0.13755959043296964,0.12295146188931344,0.04850906642929269,0.1744665389985646,0.15686380383986534,0.04797841741445741,0.03544214103652184
walk,walk,0.3370124867427746,0.3049004383918704,0.1953115901686594,0.1904029858487976,0.7387996259854364,0.14405031868040824,0.3577006674616391,0.35698505135552583,0.2672307550254388,0.15168767938370697,0.5882323459308788,0.1576718112002459,0.1512625958397134,0.14917927112109147,0.26382546699272624,0.4064245250366448,0.044529470111332764,0.280617780518267,0.35284389977576924,1.0000000000000004,0.30183828736621793,0.2834967801790663,0.3364981404770444,0.4718082924073155,0.22129700484688986,0.5563709162144274,0.3045855486292879,0.23270247464014007,0.35897832688581155,0.29135922039426065,0.3014357209906812,0.08403980595136895,0.07687488324042922,0.37755542814237963,0.4529121348816367,0.18968742200802646,0.26875795984583595,0.07266515054854739,0.25917691328343595,0.06358828260168355,0.25997266379085093,0.3044854922320764,0.2316173881671873,0.21157644210104426,0.04663598354921783,0.08644319952096241,0.02162618825011094,0.062924273865063,0.23922448073377606,0.06537725785746148,0.054122778909118006,0.11137975346583762,0.12858753017041755,0.10847278997903625,0.20354987931273172,-0.006413196847790308,0.33760488328556987,0.1762701433904225,0.2533740347200059,0.20775645759561862,0.2999541007863431,0.19518289278511067,0.04620205061745866,0.057385589662006735,-0.0030581079962322608,-0.17109145859952601,-0.1176199519347697,-0.06545430863047123,-0.06816120285382862,-0.1038678752592692
hold,hold,0.46665147006795504,0.4448486194757197,0.33388267553825846,0.17370974103043751,0.2868027523762095,0.13181889515018463,0.2229641000949878,0.4111783736320023,0.2988117980604006,0.3925650545685283,0.25666889973953944,0.08382089249561801,0.05500571776919125,0.04177133560337658,0.36835034953440926,0.5036433692966618,0.07582670321807233,0.3687065428268484,0.4134922288719889,0.30183828736621793,1.0000000000000009,0.24752929430731102,0.3570265988824528,0.24029421540015689,0.09909577484418941,0.2537969851143985,0.44889927264281326,0.33462952231672183,0.21514757528340556,0.27507604424898807,0.5687402538583916,0.03191467537005312,0.05890424962618131,0.22913385167744774,0.3439522427383011,0.34382004175755687,0.4175466946556331,0.39706605537337086,0.29964297987008787,0.059368816102060115,0.23353727642322272,0.31293523314287064,0.22668979763361016,0.306808015172708,0.005673267753410753,-0.018148086088277057,0.022210034722479774,0.30796857878024914,0.3213621732591604,0.08335288634969705,0.02472620118294276,-0.09323301303752783,0.2989435562279383,0.09932085026222626,0.07942797546259692,0.004267726414906711,0.2529670427134103,0.0024043596154944696,0.1732965321327261,-0.01553362916140666,0.1689890613800608,0.23615450216968747,0.11499436130565341,0.04197875692602591,0.07079193875788137,0.03254624799707125,-0.02357463446679961,0.06468899909088574,0.020587969988941766,-0.11259117625686858
sleep on,sleep on,0.4766551380863573,0.5983883450434305,0.5211080517358095,0.13688505604552037,0.2340160161810682,0.2162285281477168,0.3890821080541563,0.31619010416527055,0.39207026765452024,0.2285205938452797,0.3662041729343193,0.2514799146930155,0.20779039077633782,0.24259586528728688,0.29365992572936256,0.21843164859614062,0.2138683958521684,0.3341910396536818,0.19398092431877384,0.2834967801790663,0.24752929430731102,1.0000000000000004,0.4128788032615799,0.09274225913759528,0.4654712118487142,0.18213006998011055,0.3024857706092136,0.19471675746502037,0.26812103237501883,0.33965325716643385,0.20496674562508901,0.08362578562089464,0.0727793966335033,0.3762882231212875,0.20088940531551863,0.2679665539995404,0.16357393336722292,0.16644922317377542,0.18137242716029628,0.06372470168926786,0.18310038971755818,0.18065116210361393,0.289370516266233,0.21832668903679509,0.06762763942466105,0.08362011204578101,0.10171844229992041,0.1493864241210855,0.21870973664217608,0.015370951789216053,-0.009057865137672094,0.14056755998385623,0.253269485589917,0.14938806410418887,0.12101497130920313,0.28836271409147207,0.24082214578639127,0.1221422710301461,0.08482464922869745,0.29182342251060445,0.08056219740976836,0.067588841872232,-0.023847849994052255,0.05083006734657628,-0.04649192636680091,-0.01436813906687813,-0.11159524177906961,-0.05800236331545346,-0.05239140037381683,-0.17833463867653546
eat,eat,0.3256372330515447,0.4348312112436259,0.2845789330914449,0.199962486895229,0.2737972817075224,0.05206722058752743,0.41952950145372103,0.34948773137795597,0.3210163725121715,0.32625056712927103,0.2846421209868468,0.10288465104834718,0.056053248494642084,0.10372990096780038,0.30898157531943926,0.38921366956709413,0.026538721706718824,0.3728307653601884,0.2934615700348148,0.3364981404770444,0.3570265988824528,0.4128788032615799,0.9999999999999999,0.2257493087419028,0.12708618991013088,0.29989961003530935,0.41060288213363516,0.26407960129214847,0.20716169599790998,0.385825723519397,0.3723963425138399,0.06378037428972215,0.09028567689000344,0.30669533127289494,0.4297611416370719,0.24148087459127576,0.374999986491908,0.35731528043305183,0.36748107943080666,-0.09932988192161568,0.32549486151345786,0.41064648474782206,0.32006558444629235,0.5069050651391356,0.006768651271364251,-0.06548036464411128,-0.13756151930249128,0.2610823617733676,0.39702142752696945,0.0532950269460475,0.02846112875078403,-0.09117329534952659,0.17914446637516215,0.1453119883981806,0.05537829727722675,-0.00017092753822536139,0.4300887242630963,0.036865434350260726,0.11386388116901279,0.03168722210365405,0.16165016233844665,0.1464249223504585,0.010082205249274393,-0.08948936577372663,-0.006374686838603096,-0.1401900152278411,-0.1400941096186912,-0.04643991541792433,-0.02988152747136923,-0.14170600146894838
drive,drive,0.1809842638528754,0.13998987956865078,0.09860241484681474,0.24818421956823844,0.40430867166847045,0.18882314718535315,0.2689188515899126,0.26460384054194674,0.26846207884914386,0.27619829230983584,0.36960413076521514,0.08828412532627333,0.12446624353652179,0.10415504935752948,0.1712185457779335,0.4930208136455292,0.07637000185636897,0.13867513478894647,0.2952629810769461,0.4718082924073155,0.24029421540015689,0.09274225913759528,0.2257493087419028,1.0000000000000002,0.04089336859601593,0.49540222622973273,0.18988086714794417,0.1722587256775008,0.5642215414538665,0.24321836891195342,0.3282154963946711,0.05102896097906445,0.14901886248076932,0.18515567204854544,0.32716033801741246,0.05162222679876052,0.24281241452436958,0.11150878589766922,0.2582762360019229,0.07408522148873627,0.1908118932023214,0.2519242541215776,0.13319837269801219,0.2974822159872527,0.003941816258656514,0.2236455728936736,0.06258415689033058,0.224851731481921,0.1651829182140348,0.0693031592920036,0.11398178029735315,0.21071416505091414,0.09634402138093165,-0.0006197439777562985,0.16929579714802478,0.08544907426199928,0.21720216522109162,0.30546282973074856,0.25095448185249125,0.2189713326582968,0.3704562020837915,0.14873218114700368,0.11140742777068134,0.14825141708157927,0.11924521215627096,-0.07972900550719617,0.029530624079644477,0.07722541195951897,-0.021282246892230443,0.05055346324354836
lying on,lying on,0.38460464254640125,0.451075354708235,0.44183379739300266,0.3306537595412364,0.164053480282015,0.4194144794609014,0.32094878112387343,0.14292674066782413,0.25601406290557605,0.1787222161072615,0.2602426047381734,0.4844907845578068,0.4841813812865663,0.49160556806609806,0.26930973076039044,0.1664817075103313,0.4465552757141804,0.3077454088675313,0.11616224632750864,0.22129700484688986,0.09909577484418941,0.4654712118487142,0.12708618991013088,0.04089336859601593,1.0000000000000002,0.09086588737845522,0.11873980449789215,0.2328936738030672,0.18058371044298865,0.14298420333742157,0.00636226627106333,0.34964796010974863,0.22628576141012147,0.23924386479878323,0.04226254623046445,0.09663044151132824,-0.019730587973003512,0.10468862707923055,0.07375891445996398,0.3880554698269337,0.19157363213111056,0.10011750710296222,0.13911520733208435,0.0032675918077056804,0.31247865598778657,0.3056459599548693,0.3899401143373956,0.05792361536612137,-0.007804638090787491,0.09519258084798485,0.14687625820046443,0.32603119878454057,0.07538351028619997,0.19991534939621555,0.14280943725883552,0.23552759777403945,0.07259418692368301,0.15488905078066412,0.20137526161189515,0.26128377180402296,0.10709106426788328,0.09759216782956598,0.011306298823339549,0.09391228162300698,-0.018108875125847648,-0.014350822011756727,-0.0398554408789759,-0.11700233821267597,0.029905385945808924,-0.09618188942307193
ride,ride,0.2402213396635361,0.2273038624929442,0.13930816434064233,0.20709223575042604,0.47065233538477463,0.17164210736861618,0.2938059456473813,0.30684305251757527,0.24892644476258227,0.1465626644327689,0.405725863232665,0.05128552904915547,0.07991792383886245,0.08919612324591289,0.14382652665270584,0.40903274568940895,0.06596390033850567,0.1853391018101888,0.3200901941902553,0.5563709162144274,0.2537969851143985,0.18213006998011055,0.29989961003530935,0.49540222622973273,0.09086588737845522,1.0000000000000004,0.2633316837010755,0.2362790603240813,0.3002927733285575,0.33942066388329994,0.2727852150296196,0.05214405015393171,0.13281897470083054,0.33102831404701316,0.45548460724706397,0.13179249119347985,0.20790237239001164,0.00392746227817907,0.27690366049726245,-0.013075252259707161,0.27036072095742253,0.3372883562836547,0.21453178369439016,0.2523946895413701,0.02916784173409699,0.018231568906212248,-0.05895188250608658,0.19109079280466837,0.2716233046848183,0.03406324808108012,0.10141501951969531,0.054725337238234896,0.10178849489890184,0.0786934662703977,0.19255328614875222,0.030762426329400266,0.2272631210117046,0.2593506603822038,0.24019623505514864,0.23536918553514832,0.29317056490869164,0.1865720784614522,0.10516534199262281,0.049412229116194584,0.11644462839158919,-0.09149699347479501,-0.03925038990256333,-0.06118408957707333,-0.03034652408120282,-0.017468434708741244
wear,wear,0.3304714384741438,0.43265045126575374,0.24671971229049444,0.08780924298431662,0.23412297479257618,0.12641073007718612,0.33125937959000773,0.31130050236684076,0.3161868210362189,0.33417050791748937,0.2178622102476621,0.043801415700533836,0.03659290349525594,0.05543259993299183,0.3246690044034177,0.384316603000911,0.08736579584387877,0.38745309772562775,0.22554856189345207,0.3045855486292879,0.44889927264281326,0.3024857706092136,0.41060288213363516,0.18988086714794417,0.11873980449789215,0.2633316837010755,1.0000000000000004,0.36212626434227035,0.2548508249883805,0.19603782339537412,0.45557811911945845,0.06403979064014716,-0.002361190518007955,0.30566665868713416,0.31674401939358166,0.28956822420933515,0.3556824606934354,0.30477915155377455,0.39101422783388196,-0.023486302195801785,0.2415260209963987,0.3522840772257312,0.2643923422256723,0.21349277800012662,0.06998145190139414,-0.047907320876321914,-0.02711502778233504,0.38125205915339,0.36342000794239676,0.03484666714155935,0.013849539265921768,-0.10008885841946956,0.22331937375279082,0.16010257103191208,0.0026135996265361497,0.027056940027793686,0.2006282852454557,-0.025758730259285968,0.042104476588275014,0.010854570889415615,0.11981356706820193,0.16630812556062347,-0.0016762350080511482,-0.012126977146868834,0.04330451103077232,-0.01081344401068016,-0.05297381787244869,0.02787351339140879,-0.014494189845302177,-0.08688749528243944
face,face,0.3180004544135314,0.27806503968197505,0.24823230799814844,0.2157326977446839,0.27643606984621,0.14206316073594527,0.2858958079762119,0.3096239964181111,0.274531400865484,0.22327404489741814,0.1395496187251757,0.0655677772239971,0.0711602598023928,0.2290419364536719,0.27396001678222015,0.33314100686989845,0.18946496719662975,0.32715184146103515,0.3590550304275094,0.23270247464014007,0.33462952231672183,0.19471675746502037,0.26407960129214847,0.1722587256775008,0.2328936738030672,0.2362790603240813,0.36212626434227035,1.0000000000000002,0.12171696576795225,0.2608123994077003,0.22077347543197146,0.1210370739857973,0.18520493591419296,0.1440325065616821,0.25714119740277397,0.2231329455489689,0.277643425774383,0.18726086480020449,0.26723688661154404,0.07956148504971147,0.3148125144821537,0.40495637036381815,0.14649332026278244,0.21985193868923542,0.11462768045409158,-0.053652461028884116,0.04926759992162279,0.16361499372283878,0.2505581845728684,0.010131231037727298,0.09204404044504362,-0.026308067045775492,0.1252811586748716,0.15553331997408487,0.11099059554247319,0.08776818134462752,0.23956748516497922,-0.07751053966022071,0.16815757914145257,-0.03719841376599381,0.23731593543120127,0.28804574989902565,0.09629150811292843,-0.0445995830120583,0.15168935918973672,-0.006024168932708358,-0.016233730571993746,0.24393039842449865,-0.015387368411614394,-0.01621216137586837
drive on,drive on,0.3524663196336604,0.27631189502488174,0.2854694370719898,0.059471114683075685,0.275000739199775,0.19295015360058626,0.3221386589181851,0.15541822362700616,0.2753214166202258,0.2970869252602736,0.4279351756777914,0.15188730148422536,0.18752413377005164,0.07083697240853684,0.26201433896876075,0.3599075766821578,0.15916515616935983,0.28251615841150945,0.13648161696372,0.35897832688581155,0.21514757528340556,0.26812103237501883,0.20716169599790998,0.5642215414538665,0.18058371044298865,0.3002927733285575,0.2548508249883805,0.12171696576795225,1.0000000000000007,0.1066913056059338,0.2578721924371657,-0.012961777936409201,0.09656796927446654,0.31736016480167195,0.28031354954784443,0.13726091208966348,0.23298996069396122,0.12723226778734056,0.11710807146033397,0.18713963455653135,0.08159249936474848,0.08800740953441549,0.25733248950952076,0.20066502174369874,-0.045707417823285565,0.19308870292248753,0.2422699414411717,0.20299632165548703,0.2210665732471503,0.10265490707647085,0.08835897104620523,0.2497129345849617,0.17620791787100445,0.06797144500694544,0.13563029477861913,0.11502780455693261,0.11446113022748243,0.21947777145592295,0.1982202245281019,0.31430307195356133,0.28069305443982806,0.07448772171567336,-0.002041238298047029,0.02824735871946981,-0.056476414447230006,-0.043789431359005385,-0.06514267444875937,0.054950264868303234,-0.034822366000841855,-0.09795143473530073
sleep next to,sleep next to,0.12927101942234348,0.20852094446205086,0.1862565132806511,0.2676314833008816,0.7076355620987664,0.10789816383423141,0.2202016685029824,0.739336617113221,0.12223034936281656,0.033502392386113675,0.21349220605624394,0.07304896378366496,0.04238186073019501,0.09461372275231153,0.0651993747548087,0.2816676838942463,0.09833455743323499,0.15847186417274126,0.6973423477147587,0.29135922039426065,0.27507604424898807,0.33965325716643385,0.385825723519397,0.24321836891195342,0.14298420333742157,0.33942066388329994,0.19603782339537412,0.2608123994077003,0.1066913056059338,1.0000000000000002,0.1494256848719427,0.14731243771083652,0.19142490481344143,0.08037154451348641,0.25746933391127536,0.056383640558673065,0.29291029489789144,0.03486433445814435,0.32264103280583606,0.007780947348708989,0.2350701205940935,0.23736489451772702,0.21371249726795563,0.22938931257423467,0.15920686529988676,-0.125263507651993,-0.027800728702921787,0.11053707888255311,0.20093330276111626,0.0875236803328982,0.11376434947554448,0.0185389876854809,0.02428815083024656,0.021127299597442372,0.17353347800679436,0.22052982989985906,0.27025025815021647,0.02001346589478624,0.15535957199204475,-0.007794010351131045,0.1350475356140027,0.13108521183847843,0.21150706994843022,0.1539078692951132,0.13952141916896738,0.034434656037125214,0.1504706998182188,0.043834466853473954,0.07022739322138996,0.01791977083569187
carry,carry,0.3134672307602697,0.3368680554236131,0.23611334665625747,0.14076677434521062,0.20759113879461238,0.099597808604124,0.23720029542957147,0.2753553324063977,0.25690314028559263,0.41520139501370235,0.19770456208464543,0.0004850108148844942,-0.05786672158147087,0.03096895218990802,0.2647416289254919,0.6026776979090437,-0.020077966516342468,0.2774423854074486,0.2828195644106694,0.3014357209906812,0.5687402538583916,0.20496674562508901,0.3723963425138399,0.3282154963946711,0.00636226627106333,0.2727852150296196,0.45557811911945845,0.22077347543197146,0.2578721924371657,0.1494256848719427,1.0000000000000004,0.03901731084505149,-0.024779663005019027,0.22841523809492825,0.4135640382813404,0.3041498963428848,0.46737767364420013,0.4617056495304125,0.3479282725643801,-0.019605799678590444,0.14874737364555887,0.3326892812931824,0.23064618860711128,0.41224169892693,0.009397331775338944,-0.051744848184192144,-0.008180936776879654,0.427773345311706,0.3065973858624167,0.0035075243820145083,0.0066655525100204095,-0.11688578518336354,0.20657924750041118,0.04942442240005804,0.10861934872383705,-0.02562879290757688,0.21656014103896903,0.07781989361765633,0.04712351769435056,-0.020461809424803537,0.10705829290396635,0.1886780601681443,-0.017647621123111204,-0.09480420560953112,0.059031826309786525,0.04833005841259014,-0.1001713385806723,0.016265575344982172,0.0067395547958543816,-0.049213464027857104
above,above,0.22160125623879798,0.20039251132872868,0.24481036164311018,0.3449366543884093,0.16773489509008377,0.3434450400110566,0.06745769653059032,0.16415934393583503,0.04804969360297627,0.17219670130983403,0.12757621845591946,0.4207041324122607,0.4226806010184859,0.5915591906792692,0.047521894210652234,0.028788267260543923,0.4655984922205841,0.08026290371566817,0.17680370738701826,0.08403980595136895,0.03191467537005312,0.08362578562089464,0.06378037428972215,0.05102896097906445,0.34964796010974863,0.05214405015393171,0.06403979064014716,0.1210370739857973,-0.012961777936409201,0.14731243771083652,0.03901731084505149,1.000000000000001,0.3299202872646504,0.025251165917464995,0.03240755107971299,0.07122950142382713,0.08977897859948022,0.30620636072755547,0.07356475837409393,0.3039222837176549,0.09928773388274639,0.010566899919338575,-0.04648905574167163,0.0879623496844253,0.8555472367830141,0.36501961552707535,0.26774188717577985,0.16920052919623624,-0.0895351835245968,0.2768752911200862,0.3376187525856764,0.32151644710597294,-0.02879824167384097,0.286182085714241,0.15524336686524443,0.27736585854608653,-0.04596995083965568,0.06486152387253108,0.037083052604348035,0.08204600446350191,0.002383139056901396,0.09393283450952047,0.3333285628173429,0.23651328135689542,0.20261073656819628,0.20512822935820696,0.2425054339611607,0.005952498738506312,0.15716475224878546,0.17164529871806067
behind,behind,0.17237817676716827,0.13248797175047172,0.2502974471294571,0.4859553572277966,0.17850597768702636,0.339451241023338,0.12819875054013735,0.13314224420868231,0.2661334229783306,0.14988467165067898,0.1150277224582743,0.4033226650881222,0.4055113308849761,0.4917747144520349,0.2606271663165637,0.17020702613470134,0.3839786983699013,0.17160844778284778,0.1663844905479997,0.07687488324042922,0.05890424962618131,0.0727793966335033,0.09028567689000344,0.14901886248076932,0.22628576141012147,0.13281897470083054,-0.002361190518007955,0.18520493591419296,0.09656796927446654,0.19142490481344143,-0.024779663005019027,0.3299202872646504,1.000000000000001,0.06375266273835174,0.02463202194596678,0.10406409089894819,0.06953023244104055,0.12361700158543559,0.11376028262857144,0.38507506991148566,0.21606930820347528,0.07243898621621349,0.1559418087963683,0.044059419658584495,0.3021445095572711,0.21029390101765516,0.36787087370259386,-0.00934374964846877,0.04821039706688088,0.26786336613377115,0.20995425737424928,0.17259077549925,0.04072417342666621,0.20046393849144922,0.13481947670677424,0.2011272496397997,0.004727437020004485,0.12988173200676179,0.18592354609049455,0.040801104479275374,0.1379452540269106,0.07636599008413492,0.182108511232803,0.1382226781496947,0.2506760544393248,0.20651161191833123,0.11515981390248978,0.13497494431171253,0.07149632496081249,0.05393215939149553
skate on,skate on,0.3881352749136946,0.43653810583805497,0.3282268421869434,0.052705825100156506,0.22192075676145592,0.0971352285943772,0.35026592610661944,0.17075564151504852,0.3652044068980319,0.31046282528893376,0.3796771763953658,0.19074466744623808,0.11985621450675964,0.19602027772640518,0.3540324407324257,0.2784882360466152,0.11772434079082011,0.3180717706602355,0.06690296545636272,0.37755542814237963,0.22913385167744774,0.3762882231212875,0.30669533127289494,0.18515567204854544,0.23924386479878323,0.33102831404701316,0.30566665868713416,0.1440325065616821,0.31736016480167195,0.08037154451348641,0.22841523809492825,0.025251165917464995,0.06375266273835174,1.0000000000000004,0.3188765132028084,0.24440427809030194,0.16705285709907508,0.1592544132924729,0.17021954618810117,0.020111035392944728,0.222746295977993,0.18142086123054207,0.25655884172863525,0.16361853791569053,0.02942497019293503,0.09606297192306756,0.06164169468970986,0.12257674506074986,0.3748141349028529,0.017481481833663395,0.06144974576682491,0.062468568570684224,0.25920834534913234,0.12376644017366598,0.08187076080616976,0.01921906882453976,0.17352670825074465,0.03752522156942605,0.1426960756374556,0.18358465656552264,0.18694319885206662,0.08241709654221491,0.01610224009428444,-0.039852229688409256,-0.07044070757572421,-0.04317958816309021,-0.14402218598736335,-0.10811755920320965,-0.0658517990678274,-0.11902516449495086
fly,fly,0.1972855779097306,0.256885480431481,0.1930986079478107,0.11570578613807764,0.35926281880600397,0.03725234809916922,0.24233126294984153,0.2495502016130562,0.2650896637444006,0.2541036825480979,0.2660340388294532,-0.05213996025837885,-0.05645130814322682,0.05057893236968319,0.18859174460218,0.4426145234163859,0.00534969933546583,0.29573824598526444,0.2658733965569838,0.4529121348816367,0.3439522427383011,0.20088940531551863,0.4297611416370719,0.32716033801741246,0.04226254623046445,0.45548460724706397,0.31674401939358166,0.25714119740277397,0.28031354954784443,0.25746933391127536,0.4135640382813404,0.03240755107971299,0.02463202194596678,0.3188765132028084,1.0000000000000009,0.16880685229362746,0.3391544785821282,0.17259255326390796,0.3194208514893949,-0.03716435235867955,0.28862067641093636,0.3286497615771312,0.1709588837760772,0.37127190841276697,-0.03262462771174049,-0.08679189579738177,-0.10642775019252282,0.2578348968490052,0.36379554293431626,0.0057777994521854,0.008745223171948216,-0.017675578977293716,0.10968922517205885,0.09939860282157789,0.066849543216642,-0.03352953147250827,0.269743249386857,0.03914677750506882,0.30239455446272256,0.019017071166435872,0.3081768412250971,0.2788602606217734,0.038702079803042584,-0.0761876082972501,-0.025177182534871896,-0.0949104510040445,-0.09497863976359688,-0.05194345933807242,-0.04471486688262065,-0.08252832509541319
stand under,stand under,0.3816430503842152,0.36486057275731754,0.37813378816578413,0.09592295911525313,0.12221735292472047,0.2559054790754315,0.3741551987730912,0.20665580336804262,0.3518516170921874,0.32003650818783225,0.21134098708024474,0.2101791852614931,0.19630804731855303,0.21953734259010804,0.48660096288302873,0.1737402252421889,0.21228512934787735,0.3876969796079287,0.19036281494225193,0.18968742200802646,0.34382004175755687,0.2679665539995404,0.24148087459127576,0.05162222679876052,0.09663044151132824,0.13179249119347985,0.28956822420933515,0.2231329455489689,0.13726091208966348,0.056383640558673065,0.3041498963428848,0.07122950142382713,0.10406409089894819,0.24440427809030194,0.16880685229362746,1.0000000000000004,0.2647294673718295,0.1875835610441708,0.15143371652216542,0.11877837702167265,0.09570731825659583,0.126270907401078,0.32750358226600174,0.10402281250128985,0.03463501912712276,0.08145269955252535,0.13156572447334947,0.0997974293211056,0.15489812868894193,0.023344631221013254,-0.07305673579214342,0.01856066605253681,0.4804939708073027,0.21305681980695743,0.14895716783806084,-0.07894490566994619,0.07945316461559482,0.11412679315423761,0.037679613056303754,0.033231483013122703,0.02286710352312364,0.09557379482509473,0.005425388324042005,-0.04001528505342618,-0.04029364307967047,0.3746655905038223,-0.16570370819593327,0.016503644939170004,-0.08124230334389972,-0.0678442152457502
follow,follow,0.2020229915637501,0.2401308693438419,0.22472524722153647,0.012589167554555358,0.3037906535919149,-0.01316812055127825,0.23303137071793445,0.35125952007955774,0.18383451292227165,0.2906302485686617,0.16188643660032642,0.05270852769849533,-0.05079842631971031,0.018831539293552666,0.25519899352502856,0.42009959550844106,-0.015177322013190143,0.23415170991476458,0.42446076028116386,0.26875795984583595,0.4175466946556331,0.16357393336722292,0.374999986491908,0.24281241452436958,-0.019730587973003512,0.20790237239001164,0.3556824606934354,0.277643425774383,0.23298996069396122,0.29291029489789144,0.46737767364420013,0.08977897859948022,0.06953023244104055,0.16705285709907508,0.3391544785821282,0.2647294673718295,1.0000000000000002,0.3799730590269525,0.2632172470862137,0.006381139623474495,0.17549506476375876,0.36056796447242506,0.2804906445870964,0.2728063268790342,0.07803075437372915,-0.05744944968476611,0.0294658631421445,0.3154922869202953,0.2859203257685037,0.02055203403157724,0.05335093233736203,-0.12367700655339509,0.166508485091092,0.04817207898092869,0.012363143106654744,0.05012671287318682,0.24705990444256654,-0.029822387893991054,0.09405798164742159,-0.029904348626468513,0.0661557372739337,0.2968896023273264,-0.007738908880315951,-0.11315603950815116,0.06573083668813332,0.026221568459316356,-0.045163293607564006,0.05274731003607585,-0.0031130288082909675,-0.02990605668934713
contain,contain,0.3405900407535963,0.350887192603863,0.39154012904422475,0.18884377814831083,-0.006932874486299787,0.15281257902311868,0.21287743270981954,0.04597832500611864,0.2040577328926821,0.5172666083725925,0.10442467109031853,0.14124709390286277,0.07596920153442857,0.24413303794560087,0.2185410200622836,0.20660134973952082,0.2072037434673456,0.18507432878462193,0.07508089288546813,0.07266515054854739,0.39706605537337086,0.16644922317377542,0.35731528043305183,0.11150878589766922,0.10468862707923055,0.00392746227817907,0.30477915155377455,0.18726086480020449,0.12723226778734056,0.03486433445814435,0.4617056495304125,0.30620636072755547,0.12361700158543559,0.1592544132924729,0.17259255326390796,0.1875835610441708,0.3799730590269525,1.0,0.14248213825660272,0.04775718091589944,0.11575778724030782,0.21901388023763346,0.1008931021598866,0.32284929778368376,0.23925003319275107,0.161834830478833,0.060333235832075297,0.4493874792655788,0.24064855264635376,0.11125297581852957,0.17711512591171882,0.008960072586181738,0.14175970229994483,0.13189533843581996,0.017250894621490747,0.13977422509774287,0.11654003766460946,0.001489493015310775,0.035042758885992016,0.025612079544270076,-0.03881514078776563,0.2651242467542285,0.04471993326686058,-0.05014026325661415,0.14103661763679587,-0.005678927543665384,0.012587356687458452,-0.0570822937033695,0.14763153311714033,-0.04569364043683455
watch,watch,0.22026939503365425,0.2926255358350228,0.09343168789317244,0.25310047842652067,0.298787215933928,0.11930005514943332,0.2800658794284475,0.3688979088416584,0.27612756334727917,0.1569494055196567,0.14023961303862637,0.08169797376200831,0.06035695362708407,0.07220232279032308,0.282080874912599,0.36327292075149975,0.14014689352435566,0.2171780263739918,0.36438432385425273,0.25917691328343595,0.29964297987008787,0.18137242716029628,0.36748107943080666,0.2582762360019229,0.07375891445996398,0.27690366049726245,0.39101422783388196,0.26723688661154404,0.11710807146033397,0.32264103280583606,0.3479282725643801,0.07356475837409393,0.11376028262857144,0.17021954618810117,0.3194208514893949,0.15143371652216542,0.2632172470862137,0.14248213825660272,1.0000000000000004,0.017640221738229128,0.28920916113888046,0.4364176817386728,0.11128397070512688,0.24283582171311635,0.1197972554794609,-0.08253601032660182,-0.0013179009645093217,0.15633180029078608,0.2314009377209731,0.027471661224870048,0.030463758434468167,-0.07651051998612447,0.17524858674215968,0.013753708705709316,0.018631215698822978,0.09744629112821883,0.3776081079828576,0.015575785448118284,0.13056019641284086,-0.03701483748916965,0.11363822250399438,0.18180424736349063,0.026191200034206656,0.005026326458883016,0.022743273974994357,-0.07640614473401619,-0.03020301091272644,-0.012979199141072168,-0.053694437171065076,-0.0423804939641048
on the left of,on the left of,0.2791094969753716,0.19487126273502392,0.23089713451045035,0.3226619612162437,0.09620940385043497,0.5955063656647589,0.16930360142412895,0.11141552247430139,0.24645899897860216,0.1421717933213526,0.1586858030480654,0.49597829957662354,0.5095635918489132,0.33340241918264735,0.3146626402782606,0.0789021576925014,0.49239166569816706,0.18780978180107719,0.12076187054616849,0.06358828260168355,0.059368816102060115,0.06372470168926786,-0.09932988192161568,0.07408522148873627,0.3880554698269337,-0.013075252259707161,-0.023486302195801785,0.07956148504971147,0.18713963455653135,0.007780947348708989,-0.019605799678590444,0.3039222837176549,0.38507506991148566,0.020111035392944728,-0.03716435235867955,0.11877837702167265,0.006381139623474495,0.04775718091589944,0.017640221738229128,1.0000000000000004,0.09142487393754634,-0.023479307976252972,0.10141673426009576,-0.05077430747678602,0.2961612623273093,0.3397062906569319,0.803666885672546,-0.023983469290138063,-0.036137387927378015,0.2028315996650909,0.19016711618757715,0.2915574979069699,0.13450015198722942,0.1769353784877354,0.19929459376992462,0.14870914981023897,-0.07986973792136334,0.24104876055673152,0.03994045070531783,0.1789793497956439,0.03237053317147222,0.07397184274204101,0.017655226017396757,0.18260176870763556,0.027575986530665394,0.07859589572114425,0.06906260794210205,-0.03411297524157062,0.04470991350563144,0.008719759062950562
touch,touch,0.24660334838207829,0.22151857878549316,0.21376443038737664,0.24880762226560138,0.17947552911857748,0.10084575972871856,0.19610586618067244,0.18040353049624527,0.2756826621255077,0.23555535912937392,0.12032348999031148,0.08139985830466562,0.07316742370780514,0.20659741607909296,0.24609980733126346,0.29488079648079246,0.15498958847580635,0.33819553540039893,0.1897450274246795,0.25997266379085093,0.23353727642322272,0.18310038971755818,0.32549486151345786,0.1908118932023214,0.19157363213111056,0.27036072095742253,0.2415260209963987,0.3148125144821537,0.08159249936474848,0.2350701205940935,0.14874737364555887,0.09928773388274639,0.21606930820347528,0.222746295977993,0.28862067641093636,0.09570731825659583,0.17549506476375876,0.11575778724030782,0.28920916113888046,0.09142487393754634,1.0000000000000002,0.37774578589911123,0.11597883510106281,0.14219359431655193,0.06847617910387273,-0.05343749763418719,-0.0023959264880527714,0.23433425042204137,0.25080439916912856,0.0027981618030196026,0.02000260998405754,-0.0762070815802279,0.09754257566484585,0.08471238531695216,0.10044620375997224,0.09513492425383646,0.32402187509364244,-0.07194652099101576,0.22732441310073365,-0.01604863073890769,0.27966190222680426,0.17348634783651695,0.033900759697615426,-0.0678530206150684,0.027143542679865518,-0.029541948275045096,-0.1273904508829184,-0.004584329633592885,0.0098418062742985,-0.04299953280993163
look,look,0.29872523187515326,0.21869945085870934,0.17986745518755917,0.1924352429963822,0.24148789647183186,0.003820313030484305,0.2974181035107907,0.28858452539935664,0.2364658690108174,0.22396071590086508,0.09521626110469594,-0.012738363373330305,-0.06404451375957673,0.06075415622109204,0.22001695072750704,0.4124236003157562,0.026198471682509356,0.2951810319399679,0.32336081668856265,0.3044854922320764,0.31293523314287064,0.18065116210361393,0.41064648474782206,0.2519242541215776,0.10011750710296222,0.3372883562836547,0.3522840772257312,0.40495637036381815,0.08800740953441549,0.23736489451772702,0.3326892812931824,0.010566899919338575,0.07243898621621349,0.18142086123054207,0.3286497615771312,0.126270907401078,0.36056796447242506,0.21901388023763346,0.4364176817386728,-0.023479307976252972,0.37774578589911123,1.0000000000000004,0.14741031894815765,0.2701439439729426,-0.024013156937885187,-0.17573715160969297,-0.07961566316411603,0.2804139883809523,0.27664863684456686,-0.06700831174404433,-0.0001396282306997173,-0.15851271684582902,0.10773583654812807,0.05481743705179224,0.11482738430742942,0.009811342733472412,0.38159006247655197,-0.008702193330999494,0.09050136815183293,0.008849677031387806,0.1315984830779639,0.2706823530984665,0.0032534357473476645,-0.23212178333269018,0.061238249258298294,-0.14681392118406153,-0.09236313839631918,-0.02795140441612968,-0.01368175289225803,-0.11824180243876974
walk beside,walk beside,0.2851188791976565,0.33891342041923467,0.2862544538935159,0.033309562957399105,0.2169643650886593,0.17853895663445693,0.4780551723526423,0.22884282559039587,0.39281114754298785,0.2636875265378239,0.27557722943716795,0.23140959759479984,0.2093413789244835,0.13598954325797968,0.3763408165797016,0.21201103383301273,0.11108088553634833,0.4106983549143852,0.16870950126701872,0.2316173881671873,0.22668979763361016,0.289370516266233,0.32006558444629235,0.13319837269801219,0.13911520733208435,0.21453178369439016,0.2643923422256723,0.14649332026278244,0.25733248950952076,0.21371249726795563,0.23064618860711128,-0.04648905574167163,0.1559418087963683,0.25655884172863525,0.1709588837760772,0.32750358226600174,0.2804906445870964,0.1008931021598866,0.11128397070512688,0.10141673426009576,0.11597883510106281,0.14741031894815765,1.0,0.180493987637806,-0.07038845474426499,0.09300384385692292,0.13919795740980326,0.06339046815201779,0.23864938532761484,-0.00931081262605804,-0.01871912673545456,0.10483748394797691,0.30484474079141105,0.14133046252574116,0.044386392889936226,-0.08034444792166641,0.1468311040734292,0.09955628956606968,-0.011612152928861693,0.03533006492580874,0.038951362307028725,0.027099457936758744,-0.11376507731781194,-0.07729563134390274,-0.030430571885824913,-0.02842466867932232,-0.13641185793764715,-0.026398945422729348,-0.22901954935897983,-0.14749306099676893
feed,feed,0.1703121120071213,0.20102079868946385,0.2105584694515435,0.17632611809832116,0.19417933715632862,0.03984191979890558,0.2570893201331873,0.1930211781845963,0.21911921595096367,0.3548966211836968,0.1422888782797312,0.041756991902380455,0.006234017215290308,0.07161264814746489,0.12406973770879472,0.32945959224540244,0.06098681198928123,0.17494029560299312,0.17204458541797996,0.21157644210104426,0.306808015172708,0.21832668903679509,0.5069050651391356,0.2974822159872527,0.0032675918077056804,0.2523946895413701,0.21349277800012662,0.21985193868923542,0.20066502174369874,0.22938931257423467,0.41224169892693,0.0879623496844253,0.044059419658584495,0.16361853791569053,0.37127190841276697,0.10402281250128985,0.2728063268790342,0.32284929778368376,0.24283582171311635,-0.05077430747678602,0.14219359431655193,0.2701439439729426,0.180493987637806,1.0,0.03205084205575091,0.0022710752218921965,-0.09312800569304923,0.34330454727846205,0.22332923908276903,0.09132567746733455,0.11626834269156817,0.020228280294886193,0.11816883423838193,0.013797409602964043,0.020304505721558095,0.02905616157037682,0.26434084821639836,0.01417973785367314,0.08980679091116159,0.019041942014300907,0.10608985133197855,0.21197697011744904,0.06252673438613282,-0.053966522503172805,0.05372727547988916,-0.12205211202532006,-0.05043833514395244,0.041827340749052935,-0.007684555839666698,-0.0564022027998896
below,below,0.1372062524099399,0.142978591389673,0.15579714366406644,0.3073142573492763,0.1655351644734542,0.2876148793719862,0.03827979854032324,0.18562960353782332,0.02505925511388337,0.12883341496285453,0.08532405789261988,0.3217974747852247,0.34029633077772004,0.4977424682837507,-0.03106332481602196,-0.0022819296489844515,0.3839280742102966,0.007647764684962977,0.15136445290702583,0.04663598354921783,0.005673267753410753,0.06762763942466105,0.006768651271364251,0.003941816258656514,0.31247865598778657,0.02916784173409699,0.06998145190139414,0.11462768045409158,-0.045707417823285565,0.15920686529988676,0.009397331775338944,0.8555472367830141,0.3021445095572711,0.02942497019293503,-0.03262462771174049,0.03463501912712276,0.07803075437372915,0.23925003319275107,0.1197972554794609,0.2961612623273093,0.06847617910387273,-0.024013156937885187,-0.07038845474426499,0.03205084205575091,1.0000000000000002,0.2911614498990429,0.2795866826021391,0.1386562855395428,-0.10324325446619415,0.27636210042172493,0.32316526815350466,0.2395754703852889,-0.01180837821401982,0.18075726069643144,0.07174918914214826,0.2960706058281979,-0.03928229945161012,0.042668277290219124,0.023407620358128836,0.043186205443132814,-0.03166608631244828,0.06333969237256694,0.30951644528515937,0.2459911108865041,0.20291195616199442,0.26819487290448435,0.28661864635600875,-0.00814718483961984,0.1330573787248373,0.22518945687871939
adjacent to,adjacent to,0.24899196943926669,0.226292310124409,0.17684951170976104,0.3421504373848412,0.02098816031010094,0.41982725189794046,0.14597555560836623,-0.053203342593544055,0.12659363730848108,0.2374750083211482,0.2893250921589803,0.5998973597083318,0.7336871004216992,0.4638175851545022,0.1671453362178057,-0.06995073209940417,0.4042982517577527,0.019313707707973263,-0.06551948564777764,0.08644319952096241,-0.018148086088277057,0.08362011204578101,-0.06548036464411128,0.2236455728936736,0.3056459599548693,0.018231568906212248,-0.047907320876321914,-0.053652461028884116,0.19308870292248753,-0.125263507651993,-0.051744848184192144,0.36501961552707535,0.21029390101765516,0.09606297192306756,-0.08679189579738177,0.08145269955252535,-0.05744944968476611,0.161834830478833,-0.08253601032660182,0.3397062906569319,-0.05343749763418719,-0.17573715160969297,0.09300384385692292,0.0022710752218921965,0.2911614498990429,1.0,0.33769781740377813,0.11564337978700048,-0.1552446600139381,0.39566332774276397,0.3078530658357879,0.6323094808805951,0.09438166946965963,0.268219792807315,0.18694379893658297,0.1450832531354088,-0.15625682751380332,0.3642830049788726,0.027935896984123316,0.4178850445608234,-0.04453831203969107,-0.08728633026843774,0.10980253262091365,0.3213755856065697,0.01825526176695778,0.10012947985060648,0.18213542747985537,-0.04521384378557292,-0.008546288387005685,0.05632154386335235
on the right of,on the right of,0.30012348809028766,0.2270646228606324,0.25144187945469343,0.27226453438899395,0.06121523962051986,0.5215307233554267,0.13095494774055555,0.08180827948851942,0.21040724855165638,0.1441284581449577,0.12662773017959986,0.4770494301504313,0.488049465765955,0.30403784413314694,0.29347345549862347,0.005157388510967111,0.4379459519119757,0.1213293969910867,0.09895997452421401,0.02162618825011094,0.022210034722479774,0.10171844229992041,-0.13756151930249128,0.06258415689033058,0.3899401143373956,-0.05895188250608658,-0.02711502778233504,0.04926759992162279,0.2422699414411717,-0.027800728702921787,-0.008180936776879654,0.26774188717577985,0.36787087370259386,0.06164169468970986,-0.10642775019252282,0.13156572447334947,0.0294658631421445,0.060333235832075297,-0.0013179009645093217,0.803666885672546,-0.0023959264880527714,-0.07961566316411603,0.13919795740980326,-0.09312800569304923,0.2795866826021391,0.33769781740377813,1.0000000000000004,-0.026310570690813356,-0.07278436664356068,0.17836268454786947,0.1345078493588625,0.26907784865189793,0.11170429334979289,0.11919187915257415,0.15852481316009498,0.23182027657349838,-0.1411928659046855,0.1628377378048967,-0.07842931251914025,0.21783356852467922,-0.03748419752852407,0.0451280937834669,-0.0014982647716801321,0.12170998592812056,0.034502031564368124,0.1350703380975385,0.07186572769460114,0.07575776403469203,0.03993654702414007,0.036925888098282955
use,use,0.2734575496164299,0.22012911386176115,0.22105465392895102,0.14073951989107944,0.024254231673679686,0.044443064543371866,0.10313298458191857,0.1098334988825717,0.11862354400881914,0.37855235444304575,0.08337922350347572,-0.00893059860764362,0.010746133944210402,0.08929998257216903,0.0994134575652071,0.2634678333534376,0.0714485603027514,0.1493793580952507,0.15006582971397994,0.062924273865063,0.30796857878024914,0.1493864241210855,0.2610823617733676,0.224851731481921,0.05792361536612137,0.19109079280466837,0.38125205915339,0.16361499372283878,0.20299632165548703,0.11053707888255311,0.427773345311706,0.16920052919623624,-0.00934374964846877,0.12257674506074986,0.2578348968490052,0.0997974293211056,0.3154922869202953,0.4493874792655788,0.15633180029078608,-0.023983469290138063,0.23433425042204137,0.2804139883809523,0.06339046815201779,0.34330454727846205,0.1386562855395428,0.11564337978700048,-0.026310570690813356,1.0000000000000007,0.1857561360275118,0.0987276935282812,0.12350852284399311,-0.06453832887487718,0.13850184488081352,0.01688710472679464,-0.01810830225553038,0.10141984147892456,0.09708618834283379,0.028246752203514545,-0.013238382798669832,0.09093122574206594,-0.014577144046693424,0.17609184455183588,0.1027672529545221,-0.026053027337847447,0.10572233159469285,0.06841239503868489,0.016589529075806,-0.02052135524664843,0.07231164906122095,-0.01422005049479896
play with,play with,0.2520161604100215,0.3621335848718277,0.24985234280590082,-0.05118028127561382,0.20734194704137998,-0.020317088766167953,0.3085489067136498,0.23759018015256445,0.3550723993207263,0.27828053488976157,0.2213096142267274,-0.012852285397450695,-0.027983206972279392,-0.053341999806281945,0.31898044891406135,0.3527373549087316,-0.05366985099944628,0.38222327041869375,0.18066034367902145,0.23922448073377606,0.3213621732591604,0.21870973664217608,0.39702142752696945,0.1651829182140348,-0.007804638090787491,0.2716233046848183,0.36342000794239676,0.2505581845728684,0.2210665732471503,0.20093330276111626,0.3065973858624167,-0.0895351835245968,0.04821039706688088,0.3748141349028529,0.36379554293431626,0.15489812868894193,0.2859203257685037,0.24064855264635376,0.2314009377209731,-0.036137387927378015,0.25080439916912856,0.27664863684456686,0.23864938532761484,0.22332923908276903,-0.10324325446619415,-0.1552446600139381,-0.07278436664356068,0.1857561360275118,1.0000000000000004,-0.007990020835980901,-0.05655835496684993,-0.15244452861735822,0.28125584187742564,0.12168985722996449,-0.03459082695886126,-0.15661025791323918,0.29668687776662533,-0.10037017268890468,0.16886850132224646,-0.07627853023657286,0.2684340777239417,0.08369679084055537,-0.10621316691162347,-0.14623219628548373,0.12077169896261597,-0.11014098964076618,-0.20584800948452664,0.04469209218971663,-0.008461442488759106,-0.1869980362806135
outside of,outside of,0.12906717680203977,0.059815886469131455,0.07449228929620925,0.511812219018202,0.12282728683616531,0.31149957218957053,0.09742082237254758,0.0950341421109888,-0.005559375597920836,0.16340540733155293,0.23801927442279147,0.3283180764927307,0.39731661211412006,0.31049143594734707,0.035237161359770106,0.011758580795185864,0.2779184239131015,0.034868743698971104,0.06354500360515855,0.06537725785746148,0.08335288634969705,0.015370951789216053,0.0532950269460475,0.0693031592920036,0.09519258084798485,0.03406324808108012,0.03484666714155935,0.010131231037727298,0.10265490707647085,0.0875236803328982,0.0035075243820145083,0.2768752911200862,0.26786336613377115,0.017481481833663395,0.0057777994521854,0.023344631221013254,0.02055203403157724,0.11125297581852957,0.027471661224870048,0.2028315996650909,0.0027981618030196026,-0.06700831174404433,-0.00931081262605804,0.09132567746733455,0.27636210042172493,0.39566332774276397,0.17836268454786947,0.0987276935282812,-0.007990020835980901,1.0000000000000007,0.521065278775113,0.37672851583172495,0.003617036686100694,0.15159265415048861,0.11105022942934825,0.15896252874906036,-0.030813805612656824,0.14362145216269692,0.05724208764236892,0.09599485019534656,-0.04077170603892892,-0.029730287184583568,0.2843248366776707,0.29021466043355326,0.1418045677186791,0.16174444398935378,0.40663621656453475,0.09631348773060253,0.13577733878835566,0.028622039608264205
across,across,0.09781541746724327,0.05882893990433849,0.17922434094222683,0.33635289843585486,0.14512526371451473,0.16359487349362262,0.05851186226109673,0.06980428694791224,-0.057714713702143136,0.12028557889929628,0.09200206717091797,0.25866088308207635,0.20954769989795363,0.34295322937226896,-0.006379155019491468,0.053193219668950215,0.19554950720856112,0.005134639259081267,0.07911178922573488,0.054122778909118006,0.02472620118294276,-0.009057865137672094,0.02846112875078403,0.11398178029735315,0.14687625820046443,0.10141501951969531,0.013849539265921768,0.09204404044504362,0.08835897104620523,0.11376434947554448,0.0066655525100204095,0.3376187525856764,0.20995425737424928,0.06144974576682491,0.008745223171948216,-0.07305673579214342,0.05335093233736203,0.17711512591171882,0.030463758434468167,0.19016711618757715,0.02000260998405754,-0.0001396282306997173,-0.01871912673545456,0.11626834269156817,0.32316526815350466,0.3078530658357879,0.1345078493588625,0.12350852284399311,-0.05655835496684993,0.521065278775113,1.0000000000000004,0.3115917306487719,-0.016248125368611897,0.08259289129877673,0.07479643661779914,0.349947297189768,-0.04933848756735339,0.06097070151276866,0.0836322975761824,0.1449356377774978,-0.0640210469970103,0.0930858773945478,0.5396928244345974,0.2186027455225366,0.24901862484814713,0.16121111895719703,0.4087710347059042,0.10355417791624194,0.15473314867682228,0.15200573721234772
near,near,0.13357306688722018,0.05323032690008013,0.18828688593974827,0.3113219358920173,0.1251582311994589,0.36082776672851247,0.15093766443216738,0.009276723624134016,0.000234062824283697,0.08683848708343084,0.3694680751300751,0.48370068427462376,0.5825916162249598,0.424413394526178,-0.0034435536484574286,-0.03593148618866105,0.44329171899420283,-0.03455283348616918,0.0008315779230501572,0.11137975346583762,-0.09323301303752783,0.14056755998385623,-0.09117329534952659,0.21071416505091414,0.32603119878454057,0.054725337238234896,-0.10008885841946956,-0.026308067045775492,0.2497129345849617,0.0185389876854809,-0.11688578518336354,0.32151644710597294,0.17259077549925,0.062468568570684224,-0.017675578977293716,0.01856066605253681,-0.12367700655339509,0.008960072586181738,-0.07651051998612447,0.2915574979069699,-0.0762070815802279,-0.15851271684582902,0.10483748394797691,0.020228280294886193,0.2395754703852889,0.6323094808805951,0.26907784865189793,-0.06453832887487718,-0.15244452861735822,0.37672851583172495,0.3115917306487719,1.0000000000000004,0.034434074843526986,0.13794576294113453,0.12286433484386976,0.2665704920403458,-0.15049566775376425,0.2640469534347061,0.13423165706506793,0.3228737335853138,-0.015035603381208407,-0.11417772025153408,0.1462462655259819,0.4898106711747733,0.0441959675541684,0.045097465175973316,0.33418587961560847,0.061763997145306324,-0.005254432775968201,0.04291962149719765
sit under,sit under,0.2920440194936017,0.3382546960101574,0.2767312235633704,0.04227369276181796,0.04992567194926291,0.1156963948204065,0.2644791270672628,0.15566998320607214,0.3331540215598491,0.26268002253757416,0.1548338373875636,0.15335296019047728,0.16639751167887293,0.13630800331416718,0.3249791987123206,0.12269461062659823,0.13870784096330657,0.3119863758190149,0.10553973222011741,0.12858753017041755,0.2989435562279383,0.253269485589917,0.17914446637516215,0.09634402138093165,0.07538351028619997,0.10178849489890184,0.22331937375279082,0.1252811586748716,0.17620791787100445,0.02428815083024656,0.20657924750041118,-0.02879824167384097,0.04072417342666621,0.25920834534913234,0.10968922517205885,0.4804939708073027,0.166508485091092,0.14175970229994483,0.17524858674215968,0.13450015198722942,0.09754257566484585,0.10773583654812807,0.30484474079141105,0.11816883423838193,-0.01180837821401982,0.09438166946965963,0.11170429334979289,0.13850184488081352,0.28125584187742564,0.003617036686100694,-0.016248125368611897,0.034434074843526986,1.0000000000000004,0.06808392110249074,0.015950941293152218,-0.07929116702086675,0.16187811424960402,0.1363114445717867,0.01158528961201652,0.030651634358460515,0.005092610850493909,0.020010503968021204,-0.038364778526080306,-0.03657128025335546,-0.013808353878884322,0.2169681860695155,-0.09533825817943183,-0.10262170171824561,-0.07233585239420534,-0.020613408483948787
taller than,taller than,0.3228584977743608,0.30089165782757565,0.2191636627534087,0.14536062542117006,0.061872116767297466,0.27017875353093357,0.26421712854931656,0.03285203685043778,0.2164568007537361,0.19827683005215324,0.21029435188364554,0.29938634672165976,0.33896176249152005,0.23005692234486425,0.26815686547435136,0.08929193826015609,0.3113807847457465,0.31286921229465825,0.0661964899223343,0.10847278997903625,0.09932085026222626,0.14938806410418887,0.1453119883981806,-0.0006197439777562985,0.19991534939621555,0.0786934662703977,0.16010257103191208,0.15553331997408487,0.06797144500694544,0.021127299597442372,0.04942442240005804,0.286182085714241,0.20046393849144922,0.12376644017366598,0.09939860282157789,0.21305681980695743,0.04817207898092869,0.13189533843581996,0.013753708705709316,0.1769353784877354,0.08471238531695216,0.05481743705179224,0.14133046252574116,0.013797409602964043,0.18075726069643144,0.268219792807315,0.11919187915257415,0.01688710472679464,0.12168985722996449,0.15159265415048861,0.08259289129877673,0.13794576294113453,0.06808392110249074,1.0000000000000002,0.07995428050918983,-0.12514226526657315,-0.01189230902600805,0.11813016036657051,0.1573250806575423,0.0862273850334063,0.08108587470452007,0.004849354549888227,0.05828008384205634,0.05170267597857183,-0.02758373255468051,-0.06263418266777691,-0.128768862093842,-0.017286698188374652,0.077914843668071,-0.07593447701691229
park next,park next,0.12009581507229958,0.17703670395875354,0.10540501653135868,0.26451771428350845,0.2853267327515479,0.35230655479330963,0.2210382457015489,0.2564069299917863,0.20788606868720821,0.07465433801500203,0.19629010121283283,0.21878350636006666,0.2519290128961858,0.1608773487378633,0.1893625129720387,0.1710428047113007,0.12933247068450884,0.11320986587702994,0.2412704419736804,0.20354987931273172,0.07942797546259692,0.12101497130920313,0.05537829727722675,0.16929579714802478,0.14280943725883552,0.19255328614875222,0.0026135996265361497,0.11099059554247319,0.13563029477861913,0.17353347800679436,0.10861934872383705,0.15524336686524443,0.13481947670677424,0.08187076080616976,0.066849543216642,0.14895716783806084,0.012363143106654744,0.017250894621490747,0.018631215698822978,0.19929459376992462,0.10044620375997224,0.11482738430742942,0.044386392889936226,0.020304505721558095,0.07174918914214826,0.18694379893658297,0.15852481316009498,-0.01810830225553038,-0.03459082695886126,0.11105022942934825,0.07479643661779914,0.12286433484386976,0.015950941293152218,0.07995428050918983,1.0000000000000002,0.054714453867508034,0.07350809378413284,0.37537888752150855,0.12296517801897745,0.2894584829414182,0.04473933129706506,0.07871140786032683,0.08647247833989932,0.09743236058821644,-0.044936129269818346,-0.022462202566087518,-0.0333832802047499,0.01847835762169592,-0.025983609108932226,-0.03760736349291789
on,on,0.19557817399052374,0.12033692320710318,0.276063732839479,0.24996214719806717,0.1696051597055487,0.11001431915499724,-0.12771553773427646,0.16930378870383603,-0.0750687306529625,0.07092187569103314,0.0030660332576800536,0.22666332641494522,0.19083336856993227,0.25999740776940305,-0.1081118738970921,-0.014420052830838257,0.31887162467851987,-0.14824474418078065,0.20848338182154647,-0.006413196847790308,0.004267726414906711,0.28836271409147207,-0.00017092753822536139,0.08544907426199928,0.23552759777403945,0.030762426329400266,0.027056940027793686,0.08776818134462752,0.11502780455693261,0.22052982989985906,-0.02562879290757688,0.27736585854608653,0.2011272496397997,0.01921906882453976,-0.03352953147250827,-0.07894490566994619,0.05012671287318682,0.13977422509774287,0.09744629112821883,0.14870914981023897,0.09513492425383646,0.009811342733472412,-0.08034444792166641,0.02905616157037682,0.2960706058281979,0.1450832531354088,0.23182027657349838,0.10141984147892456,-0.15661025791323918,0.15896252874906036,0.349947297189768,0.2665704920403458,-0.07929116702086675,-0.12514226526657315,0.054714453867508034,1.0000000000000002,0.026319616206272448,-0.01668458911316698,0.09266868417192872,0.33559950899209884,-0.021109915456528936,0.12857541750784438,0.29635312119018037,0.3630269958016037,0.29462402470128013,0.24725937479817253,0.553162071736363,0.2097372323594467,0.10146981404568467,0.2663021844628387
talk,talk,0.1896822902912465,0.2398825945503965,0.1161378461697212,0.09467852718811447,0.2644158049450198,-0.03371337449938715,0.2579243241333399,0.25601535345866294,0.28768847660022573,0.11045268208623883,0.2056684796750296,0.01516540646832526,-0.04254220728421411,-0.009358845352746809,0.1973539024614011,0.2538201376999828,-0.04247658965456658,0.2339208222063285,0.22805651799046706,0.33760488328556987,0.2529670427134103,0.24082214578639127,0.4300887242630963,0.21720216522109162,0.07259418692368301,0.2272631210117046,0.2006282852454557,0.23956748516497922,0.11446113022748243,0.27025025815021647,0.21656014103896903,-0.04596995083965568,0.004727437020004485,0.17352670825074465,0.269743249386857,0.07945316461559482,0.24705990444256654,0.11654003766460946,0.3776081079828576,-0.07986973792136334,0.32402187509364244,0.38159006247655197,0.1468311040734292,0.26434084821639836,-0.03928229945161012,-0.15625682751380332,-0.1411928659046855,0.09708618834283379,0.29668687776662533,-0.030813805612656824,-0.04933848756735339,-0.15049566775376425,0.16187811424960402,-0.01189230902600805,0.07350809378413284,0.026319616206272448,1.0000000000000007,0.0067535736961785026,0.15149368473505143,-0.03759977785074357,0.10764347764509427,0.16479670168194982,-0.10407950173836455,-0.05568840381994612,0.005523652189510118,-0.16976020859790963,-0.12902699061033737,-0.12817064082293037,-0.014032086263788428,-0.07501281534181513
park behind,park behind,0.15614398986995204,0.15873524966205071,0.05113282382856232,0.3026432618039402,0.11459536286907641,0.48405352409709457,0.2773049032087433,0.10902708050574973,0.19124378063687686,0.07286309584240733,0.29299944708840386,0.3095200437524535,0.3765309914926836,0.1401762147461147,0.1344804153008668,0.08621819099302802,0.2060004472336056,0.04618076524801395,0.05408381385312837,0.1762701433904225,0.0024043596154944696,0.1221422710301461,0.036865434350260726,0.30546282973074856,0.15488905078066412,0.2593506603822038,-0.025758730259285968,-0.07751053966022071,0.21947777145592295,0.02001346589478624,0.07781989361765633,0.06486152387253108,0.12988173200676179,0.03752522156942605,0.03914677750506882,0.11412679315423761,-0.029822387893991054,0.001489493015310775,0.015575785448118284,0.24104876055673152,-0.07194652099101576,-0.008702193330999494,0.09955628956606968,0.01417973785367314,0.042668277290219124,0.3642830049788726,0.1628377378048967,0.028246752203514545,-0.10037017268890468,0.14362145216269692,0.06097070151276866,0.2640469534347061,0.1363114445717867,0.11813016036657051,0.37537888752150855,-0.01668458911316698,0.0067535736961785026,1.0000000000000009,0.10793617248629397,0.49350082496387637,0.05860803873760087,-0.042052276705843106,0.000916369794031105,0.21533607112797767,-0.08625816973769619,0.012457690280292297,0.00444035668194233,-0.0945954594793621,-0.05224699157228202,-0.013558596823537772
hit,hit,0.1368639258362883,0.07389103248578895,0.07109108222565895,0.16600292881819456,0.26015729540583243,0.11656913802228548,0.11140238473068362,0.1364558645351602,0.09258699686086981,0.055265736722863584,0.23337878574725918,0.08980253019887591,0.0961618239591166,0.11179221555436053,0.1021745563236744,0.24197685987532758,0.1810163452336382,0.1320311372498151,0.21515372367090613,0.2533740347200059,0.1732965321327261,0.08482464922869745,0.11386388116901279,0.25095448185249125,0.20137526161189515,0.24019623505514864,0.042104476588275014,0.16815757914145257,0.1982202245281019,0.15535957199204475,0.04712351769435056,0.037083052604348035,0.18592354609049455,0.1426960756374556,0.30239455446272256,0.037679613056303754,0.09405798164742159,0.035042758885992016,0.13056019641284086,0.03994045070531783,0.22732441310073365,0.09050136815183293,-0.011612152928861693,0.08980679091116159,0.023407620358128836,0.027935896984123316,-0.07842931251914025,-0.013238382798669832,0.16886850132224646,0.05724208764236892,0.0836322975761824,0.13423165706506793,0.01158528961201652,0.1573250806575423,0.12296517801897745,0.09266868417192872,0.15149368473505143,0.10793617248629397,1.0000000000000004,0.09177943985471439,0.349909058167877,0.21620755814080173,0.10376922768125905,0.024715893924398394,-0.04380237493768206,-0.08554294289722106,-0.03353883913774061,0.05497767864279479,-0.01816120255455194,-0.07274318027826127
park on,park on,0.30371554598252215,0.22298854626054238,0.23703582930422087,0.08575675630902907,0.13558329999999413,0.20519513383766025,0.12222898712236574,0.04583005761405158,0.06648397886163954,0.05725374408156982,0.2776520782991215,0.27932423618481345,0.3186869861783114,0.17096848861935393,0.08041281255886182,-0.011405475923234758,0.20304709771293228,-0.014132289783235871,0.015071582242868552,0.20775645759561862,-0.01553362916140666,0.29182342251060445,0.03168722210365405,0.2189713326582968,0.26128377180402296,0.23536918553514832,0.010854570889415615,-0.03719841376599381,0.31430307195356133,-0.007794010351131045,-0.020461809424803537,0.08204600446350191,0.040801104479275374,0.18358465656552264,0.019017071166435872,0.033231483013122703,-0.029904348626468513,0.025612079544270076,-0.03701483748916965,0.1789793497956439,-0.01604863073890769,0.008849677031387806,0.03533006492580874,0.019041942014300907,0.043186205443132814,0.4178850445608234,0.21783356852467922,0.09093122574206594,-0.07627853023657286,0.09599485019534656,0.1449356377774978,0.3228737335853138,0.030651634358460515,0.0862273850334063,0.2894584829414182,0.33559950899209884,-0.03759977785074357,0.49350082496387637,0.09177943985471439,1.0000000000000002,-0.009260708999190142,-0.014312600021615541,0.038014091649661734,0.08937893822279655,-0.09035265467233683,-0.022773614318457463,0.013808869310545618,-0.04226040857781066,-0.03274269909988909,-0.0597298812484646
kick,kick,0.19395488455601612,0.11347085965991695,0.06701311025773027,0.10882635404806619,0.25959547111116404,0.08005339087441327,0.11555527528085806,0.1862118313469668,0.21419039701307363,0.12738625063576156,0.2508044377001779,-0.04844453479722803,-0.005030982475061195,-0.02209717015177997,0.21270195398881975,0.37540163817832783,0.07579258864031421,0.21446957208411405,0.18674817947995487,0.2999541007863431,0.1689890613800608,0.08056219740976836,0.16165016233844665,0.3704562020837915,0.10709106426788328,0.29317056490869164,0.11981356706820193,0.23731593543120127,0.28069305443982806,0.1350475356140027,0.10705829290396635,0.002383139056901396,0.1379452540269106,0.18694319885206662,0.3081768412250971,0.02286710352312364,0.0661557372739337,-0.03881514078776563,0.11363822250399438,0.03237053317147222,0.27966190222680426,0.1315984830779639,0.038951362307028725,0.10608985133197855,-0.03166608631244828,-0.04453831203969107,-0.03748419752852407,-0.014577144046693424,0.2684340777239417,-0.04077170603892892,-0.0640210469970103,-0.015035603381208407,0.005092610850493909,0.08108587470452007,0.04473933129706506,-0.021109915456528936,0.10764347764509427,0.05860803873760087,0.349909058167877,-0.009260708999190142,1.0000000000000009,0.05624365901182525,0.04223201705188006,-0.002138231020118126,-0.007030036235340254,-0.07850889439194125,-0.10998908224927696,0.15759502807196213,-0.021785912017314172,0.01440090603298353
cover,cover,0.09241792426967682,0.03771939111034833,0.10765281517266737,0.17126296494091697,0.18422654783085463,0.07722271775594346,0.03727346068626399,0.08158329134161721,0.08043637632324697,0.12074419621895391,-0.02635155614418104,0.016605930798716674,-0.04910767710206933,0.11729682935631436,0.07659327322928731,0.2334056636795384,0.093793301221528,0.07909722132608707,0.2284514369203452,0.19518289278511067,0.23615450216968747,0.067588841872232,0.1464249223504585,0.14873218114700368,0.09759216782956598,0.1865720784614522,0.16630812556062347,0.28804574989902565,0.07448772171567336,0.13108521183847843,0.1886780601681443,0.09393283450952047,0.07636599008413492,0.08241709654221491,0.2788602606217734,0.09557379482509473,0.2968896023273264,0.2651242467542285,0.18180424736349063,0.07397184274204101,0.17348634783651695,0.2706823530984665,0.027099457936758744,0.21197697011744904,0.06333969237256694,-0.08728633026843774,0.0451280937834669,0.17609184455183588,0.08369679084055537,-0.029730287184583568,0.0930858773945478,-0.11417772025153408,0.020010503968021204,0.004849354549888227,0.07871140786032683,0.12857541750784438,0.16479670168194982,-0.042052276705843106,0.21620755814080173,-0.014312600021615541,0.05624365901182525,1.0000000000000009,0.09741126206290572,-0.052699910659299964,0.08624282596482459,0.01846638040153717,0.021178822105904667,-0.064855963650773,0.018748919179959966,0.11353342539862146
over,over,0.13676186147946828,0.02580403796632185,0.09310277658839577,0.26054720004527165,0.22469676702132713,0.032677699312384026,-0.08240092711758701,0.20536587315819788,-0.10477810074634376,0.03670221257180117,0.03704943920371832,0.10982172699771167,0.0686334307141266,0.22325565248911705,-0.06304480002555844,0.0475921944819562,0.13659098167605566,0.008634076206889905,0.21855494420715377,0.04620205061745866,0.11499436130565341,-0.023847849994052255,0.010082205249274393,0.11140742777068134,0.011306298823339549,0.10516534199262281,-0.0016762350080511482,0.09629150811292843,-0.002041238298047029,0.21150706994843022,-0.017647621123111204,0.3333285628173429,0.182108511232803,0.01610224009428444,0.038702079803042584,0.005425388324042005,-0.007738908880315951,0.04471993326686058,0.026191200034206656,0.017655226017396757,0.033900759697615426,0.0032534357473476645,-0.11376507731781194,0.06252673438613282,0.30951644528515937,0.10980253262091365,-0.0014982647716801321,0.1027672529545221,-0.10621316691162347,0.2843248366776707,0.5396928244345974,0.1462462655259819,-0.038364778526080306,0.05828008384205634,0.08647247833989932,0.29635312119018037,-0.10407950173836455,0.000916369794031105,0.10376922768125905,0.038014091649661734,0.04223201705188006,0.09741126206290572,1.0000000000000007,0.29009708881076623,0.23703638135716998,0.23397369404468288,0.35463550327405546,0.3007518413133899,0.09047409569777615,0.1946805818400674
at,at,0.05511679088143848,0.032088313682338686,0.013057934548698448,0.244464356847345,0.18499954378109112,0.24190093238109744,-0.011950602886179197,0.18094473805318265,-0.04889632630413457,-0.052556665520536894,0.23189285067759602,0.2575273096518907,0.3357819662599485,0.16605245163794038,-0.0855447314280588,-0.04461589918845244,0.24127157872594984,-0.13440185807405264,0.13755959043296964,0.057385589662006735,0.04197875692602591,0.05083006734657628,-0.08948936577372663,0.14825141708157927,0.09391228162300698,0.049412229116194584,-0.012126977146868834,-0.0445995830120583,0.02824735871946981,0.1539078692951132,-0.09480420560953112,0.23651328135689542,0.1382226781496947,-0.039852229688409256,-0.0761876082972501,-0.04001528505342618,-0.11315603950815116,-0.05014026325661415,0.005026326458883016,0.18260176870763556,-0.0678530206150684,-0.23212178333269018,-0.07729563134390274,-0.053966522503172805,0.2459911108865041,0.3213755856065697,0.12170998592812056,-0.026053027337847447,-0.14623219628548373,0.29021466043355326,0.2186027455225366,0.4898106711747733,-0.03657128025335546,0.05170267597857183,0.09743236058821644,0.3630269958016037,-0.05568840381994612,0.21533607112797767,0.024715893924398394,0.08937893822279655,-0.002138231020118126,-0.052699910659299964,0.29009708881076623,1.000000000000001,0.22929802070791683,0.18903579432817563,0.5052034979444875,0.12085071157409602,0.11371772662891619,0.20802980662769258
with,with,-0.03935148119081129,-0.022883085620279547,0.09056787381529266,0.22127853533374353,0.10573653044312004,0.029869168580574923,-0.03384312246046495,0.08588365546433015,0.04619478597610493,0.1700455268338033,-0.06991072257510547,0.08645043999154264,0.0787732391186653,0.13016646792336622,0.017311468891306407,0.1358468553451555,0.09021028813699755,0.08283733822466657,0.12295146188931344,-0.0030581079962322608,0.07079193875788137,-0.04649192636680091,-0.006374686838603096,0.11924521215627096,-0.018108875125847648,0.11644462839158919,0.04330451103077232,0.15168935918973672,-0.056476414447230006,0.13952141916896738,0.059031826309786525,0.20261073656819628,0.2506760544393248,-0.07044070757572421,-0.025177182534871896,-0.04029364307967047,0.06573083668813332,0.14103661763679587,0.022743273974994357,0.027575986530665394,0.027143542679865518,0.061238249258298294,-0.030430571885824913,0.05372727547988916,0.20291195616199442,0.01825526176695778,0.034502031564368124,0.10572233159469285,0.12077169896261597,0.1418045677186791,0.24901862484814713,0.0441959675541684,-0.013808353878884322,-0.02758373255468051,-0.044936129269818346,0.29462402470128013,0.005523652189510118,-0.08625816973769619,-0.04380237493768206,-0.09035265467233683,-0.007030036235340254,0.08624282596482459,0.23703638135716998,0.22929802070791683,1.0000000000000002,0.22375306400376133,0.3530177376255023,0.23317040782183238,0.21020154470613772,0.34004005253600883
under,under,-0.03447641757650508,-0.027750604660510846,0.13012941551283236,0.10823144045692298,-0.044249599981945664,0.07126158234693186,-0.15639945291740395,0.043192481145951,-0.1245566447060315,0.05678619471130088,-0.1324442034664403,0.13678887345298307,0.14765833578314463,0.291895655339995,-0.07189284482260479,-0.04819993453064489,0.1326196297048609,-0.03182215061354923,0.04850906642929269,-0.17109145859952601,0.03254624799707125,-0.01436813906687813,-0.1401900152278411,-0.07972900550719617,-0.014350822011756727,-0.09149699347479501,-0.01081344401068016,-0.006024168932708358,-0.043789431359005385,0.034434656037125214,0.04833005841259014,0.20512822935820696,0.20651161191833123,-0.04317958816309021,-0.0949104510040445,0.3746655905038223,0.026221568459316356,-0.005678927543665384,-0.07640614473401619,0.07859589572114425,-0.029541948275045096,-0.14681392118406153,-0.02842466867932232,-0.12205211202532006,0.26819487290448435,0.10012947985060648,0.1350703380975385,0.06841239503868489,-0.11014098964076618,0.16174444398935378,0.16121111895719703,0.045097465175973316,0.2169681860695155,-0.06263418266777691,-0.022462202566087518,0.24725937479817253,-0.16976020859790963,0.012457690280292297,-0.08554294289722106,-0.022773614318457463,-0.07850889439194125,0.01846638040153717,0.23397369404468288,0.18903579432817563,0.22375306400376133,1.0,0.2882329052491499,0.1650950213492614,0.08761344917117586,0.2772935029439436
in,in,-0.11077167002128341,-0.1577024772983423,-0.06266625837009483,0.2537086719113205,0.10569970247341379,0.06166253011193451,-0.21199413386870436,0.13532628723104345,-0.2642649832178704,-0.06623465207871454,-0.05827622012904925,0.09351751138256278,0.13071546193293973,0.11501692895203738,-0.20850004162220764,-0.11760617520980853,0.15618472362401867,-0.2576700960210529,0.1744665389985646,-0.1176199519347697,-0.02357463446679961,-0.11159524177906961,-0.1400941096186912,0.029530624079644477,-0.0398554408789759,-0.03925038990256333,-0.05297381787244869,-0.016233730571993746,-0.06514267444875937,0.1504706998182188,-0.1001713385806723,0.2425054339611607,0.11515981390248978,-0.14402218598736335,-0.09497863976359688,-0.16570370819593327,-0.045163293607564006,0.012587356687458452,-0.03020301091272644,0.06906260794210205,-0.1273904508829184,-0.09236313839631918,-0.13641185793764715,-0.05043833514395244,0.28661864635600875,0.18213542747985537,0.07186572769460114,0.016589529075806,-0.20584800948452664,0.40663621656453475,0.4087710347059042,0.33418587961560847,-0.09533825817943183,-0.128768862093842,-0.0333832802047499,0.553162071736363,-0.12902699061033737,0.00444035668194233,-0.03353883913774061,0.013808869310545618,-0.10998908224927696,0.021178822105904667,0.35463550327405546,0.5052034979444875,0.3530177376255023,0.2882329052491499,1.0,0.22967536600651986,0.2039695128984925,0.3549060787774856
against,against,0.06788583343121288,-0.028169213963091966,0.02748331620467451,0.061880814227523735,0.06357495292054152,-0.08545508934778513,-0.06880885991627092,0.13225580140294535,-0.05023212279632242,0.008372425510565485,-0.05705740445428556,-0.01754071870882791,-0.02388984293754282,-0.0067179362034696655,0.07860291560824426,0.06891460706109198,-0.017343404158219416,0.019688749166769055,0.15686380383986534,-0.06545430863047123,0.06468899909088574,-0.05800236331545346,-0.04643991541792433,0.07722541195951897,-0.11700233821267597,-0.06118408957707333,0.02787351339140879,0.24393039842449865,0.054950264868303234,0.043834466853473954,0.016265575344982172,0.005952498738506312,0.13497494431171253,-0.10811755920320965,-0.05194345933807242,0.016503644939170004,0.05274731003607585,-0.0570822937033695,-0.012979199141072168,-0.03411297524157062,-0.004584329633592885,-0.02795140441612968,-0.026398945422729348,0.041827340749052935,-0.00814718483961984,-0.04521384378557292,0.07575776403469203,-0.02052135524664843,0.04469209218971663,0.09631348773060253,0.10355417791624194,0.061763997145306324,-0.10262170171824561,-0.017286698188374652,0.01847835762169592,0.2097372323594467,-0.12817064082293037,-0.0945954594793621,0.05497767864279479,-0.04226040857781066,0.15759502807196213,-0.064855963650773,0.3007518413133899,0.12085071157409602,0.23317040782183238,0.1650950213492614,0.22967536600651986,1.0000000000000004,-0.029949942341743564,0.1618788525876232
has,has,0.06620448585402708,0.005451931014883752,0.06821437171269853,0.1118172040852741,0.020580409364899965,0.06859717604775965,-0.15561123209094668,-0.007329769016757755,-0.14204785171289244,0.07238626857481019,-0.08942733279012988,0.03300171890353829,0.015780551767283248,0.07026778209900665,-0.09244776294464387,-0.058826936484522634,0.05495331240605689,-0.0023316068085537656,0.04797841741445741,-0.06816120285382862,0.020587969988941766,-0.05239140037381683,-0.02988152747136923,-0.021282246892230443,0.029905385945808924,-0.03034652408120282,-0.014494189845302177,-0.015387368411614394,-0.034822366000841855,0.07022739322138996,0.0067395547958543816,0.15716475224878546,0.07149632496081249,-0.0658517990678274,-0.04471486688262065,-0.08124230334389972,-0.0031130288082909675,0.14763153311714033,-0.053694437171065076,0.04470991350563144,0.0098418062742985,-0.01368175289225803,-0.22901954935897983,-0.007684555839666698,0.1330573787248373,-0.008546288387005685,0.03993654702414007,0.07231164906122095,-0.008461442488759106,0.13577733878835566,0.15473314867682228,-0.005254432775968201,-0.07233585239420534,0.077914843668071,-0.025983609108932226,0.10146981404568467,-0.014032086263788428,-0.05224699157228202,-0.01816120255455194,-0.03274269909988909,-0.021785912017314172,0.018748919179959966,0.09047409569777615,0.11371772662891619,0.21020154470613772,0.08761344917117586,0.2039695128984925,-0.029949942341743564,1.0000000000000004,0.20955767197088299
by,by,-0.14669304396405802,-0.15371391280890404,-0.1360266721710572,0.13966758676768362,0.00692152140920084,-0.0015276457228350464,-0.2053876511806439,-0.01606975383221075,-0.14190239715399278,-0.07248450012665864,-0.19128906533332946,-0.01432202505380274,0.015171083339840328,0.08334024534277362,-0.18900043168168734,-0.040802543175929386,0.03676874678204711,-0.17061052332179297,0.03544214103652184,-0.1038678752592692,-0.11259117625686858,-0.17833463867653546,-0.14170600146894838,0.05055346324354836,-0.09618188942307193,-0.017468434708741244,-0.08688749528243944,-0.01621216137586837,-0.09795143473530073,0.01791977083569187,-0.049213464027857104,0.17164529871806067,0.05393215939149553,-0.11902516449495086,-0.08252832509541319,-0.0678442152457502,-0.02990605668934713,-0.04569364043683455,-0.0423804939641048,0.008719759062950562,-0.04299953280993163,-0.11824180243876974,-0.14749306099676893,-0.0564022027998896,0.22518945687871939,0.05632154386335235,0.036925888098282955,-0.01422005049479896,-0.1869980362806135,0.028622039608264205,0.15200573721234772,0.04291962149719765,-0.020613408483948787,-0.07593447701691229,-0.03760736349291789,0.2663021844628387,-0.07501281534181513,-0.013558596823537772,-0.07274318027826127,-0.0597298812484646,0.01440090603298353,0.11353342539862146,0.1946805818400674,0.20802980662769258,0.34004005253600883,0.2772935029439436,0.3549060787774856,0.1618788525876232,0.20955767197088299,1.0000000000000004
