sit on,sit on,2.220446049250313e-16,0.12558205869914751,0.3949545645261584,0.36070880217031315,0.3761826252777458,0.2473310430496352,0.1577558569009445,0.03872205195024947,0.45034888624620817,0.1947355284210086,0.48599764185583655,0.2589358365191833,0.17676071585674963,0.10810384918092075,0.5241499166962954,0.27111784245605264,0.21298689679143845,0.3952813289468977,0.07452827910829096,0.29776069568245234,0.13777483386768774,0.36090636172730245,0.09714499889181238,0.1452936583663776,0.09375029513635147,0.34231595430920303,0.1270411463922818,0.06587734116814703,0.02461503451986896,0.10769461149471513,0.010188809131596033,0.06247966251829956,0.03362087601718611,0.11298133979485986,0.04688031119813596,0.16312771191109765,0.018511301298302807,0.1191992910291606,0.026578888207491214,0.07788548861375011,0.0003627711052511806,0.07344510208172692,0.027100639836610818,0.05533339796267023,0.02391388611815523,0.03944801268719955,0.09342614963357274,0.022934700600546865,0.02229273636266882,0.005014326706696992,0.05525898545439287,0.06445406295943484,0.01677362547086053,0.15615961206013818,0.011110007074146833,0.012194824687621453,0.03320311450917701,0.020740641785873815,0.005935515708504285,0.01822774896826429,0.0020792156697835573,0.041709017386310665,0.2529975589279502,0.10692143924043213,0.1372553700020796,0.21760508594003686,0.10732608980015773,0.031045787361791477,0.04740002809387342,0.14087724015661698
stand on,stand on,0.12558205869914751,0.0,0.1929941366745761,0.16108782008478728,0.1336942900066962,0.1336193952982339,0.010635227627045385,0.12034144859804052,0.2931219126133321,0.10781537431593913,0.4198994054410842,0.20756005134549316,0.03931553322550735,0.027211631959149052,0.31636967556916085,0.2047380185046866,0.21108230635081382,0.3504125607235776,0.1650082862702812,0.36449729845280454,0.27063313802659605,0.3029921011007851,0.029724520839205404,0.17779764995478226,0.04795908458437248,0.3836828480958192,0.007036704683127004,0.10198626209852202,0.15541207981742966,0.11429703464561125,0.18617790186421523,0.0665799499617431,0.18933818929020163,0.24057834953831214,0.07497946190964405,0.0198745979166588,0.10286917739450674,0.0322266383464625,0.08518799345444739,0.0047981516474063235,0.11043144114220788,0.035635165814837444,0.14419417165457582,0.08418913432085362,0.014596116510518065,0.13821207258738188,0.04026843574019995,0.0868176697747026,0.04710146654085362,0.025179722405029498,0.07136154087775143,0.09703817584540103,0.060411675387919195,0.023536328258452588,0.05864581190117105,0.057895893305422885,0.021938400860639307,0.09631289936206533,0.11917291721287737,0.1417607513087994,0.04912572496352932,0.10509657790329402,0.29019195106072115,0.1665160453200487,0.34462581649319446,0.20138559270020961,0.17194075839879944,0.067523774694501,0.005864182003639806,0.18243312182285357
on the left of,on the left of,0.3949545645261584,0.1929941366745761,2.220446049250313e-16,0.002539147465896452,0.3110692771708495,0.17363017766694788,0.5063930665017027,0.13812693527042585,0.36088438655322885,0.07965126359973362,0.4466287862961529,0.4992989504786107,0.09272991808304987,0.13777439278828194,0.31781231742997246,0.18213801890423886,0.34324612314359365,0.32916110613544364,0.02364494614907109,0.4499992997996263,0.12263663199645325,0.1410088245784069,0.4081487029204018,0.14570451441265841,0.0890944210128008,0.21597250155693345,0.17552612807921883,0.25667830295041427,0.0986491177490379,0.2131375735277362,0.039400093024962446,0.05798013369347582,0.019951122575826097,0.12213355340474835,0.05615607996012173,0.00947303747216785,0.04923213933137438,0.17094308865321492,0.36338822311293123,0.15106173754426944,0.01626343849241868,0.2313155672329406,0.05995584461473197,0.031949383449547786,0.1694878654778317,0.08518428998725602,0.07209721377279268,0.16946543183379634,0.12133815141163895,0.010770464347511721,0.23519026666112514,0.021371042116011707,0.10659391052712319,0.18340891324874398,0.1782028390507882,0.052233102154046446,0.1025882377767246,0.06714228921485141,0.055045858669096726,0.03651416093972562,0.205909657240292,0.03511705722891606,0.03265289432912463,0.06570465494186968,0.14260568350207603,0.13611524171820683,0.12347091280677264,0.06393308565447804,0.0036517426002878883,0.039096298806900326
on the right of,on the right of,0.36070880217031315,0.16108782008478728,0.002539147465896452,2.220446049250313e-16,0.24620821451070363,0.10563186895559423,0.4266101263156337,0.058023447560012764,0.39955285244756905,0.13504751140754695,0.4292198551752666,0.4514627269127637,0.055190884557362485,0.08507203356677223,0.27481596197510205,0.17083355303410108,0.35450378723328946,0.2749712190439029,0.03886434444651021,0.4415663706320612,0.11532117261646196,0.1428885314969695,0.36275179049204165,0.07328536725565099,0.002831490697770278,0.2790568157298431,0.12510934210307856,0.1751886030721827,0.09536942969825352,0.1755508309413954,0.03190963413019618,0.001536518636853501,0.03902708055888754,0.09635394021142574,0.006479590270898977,0.008768401544163529,0.05078549197030008,0.1316120372243026,0.3107223904180991,0.13331989678148104,0.09436263438619563,0.11964425814616225,0.030001518586057596,0.029127363561143482,0.11562128888293449,0.01089098939687641,0.026012617083462197,0.18890651697829217,0.07116248882857873,0.016588279354280033,0.1545094621739152,0.02997420219296354,0.14971240552852896,0.21206401054739993,0.1439671167395683,0.020305247096270768,0.09543982735016232,0.01942299853885207,0.023293455179909883,0.05696866935314951,0.20397264843483742,0.03477895942733733,0.027184078671536105,0.05946743723929403,0.14014038360142955,0.1419185407000201,0.11776423068525085,0.05522578561122066,0.044797142808038815,0.03047324564581816
drive on,drive on,0.3761826252777458,0.1336942900066962,0.3110692771708495,0.24620821451070363,6.661338147750939e-16,0.021604869742979038,0.23648749746802722,0.0951026072647646,0.3233977992238497,0.40799038684055444,0.4569298180365323,0.19764527291915185,0.06385908636652088,0.01394545783189216,0.13994616839669483,0.34301999426855523,0.20646063562392059,0.1321157338431625,0.04114651008821568,0.2591174476559711,0.05210793581899775,0.1112974956719549,0.1334899025422268,0.09072929370263,0.08864244087761139,0.1950371583088298,0.03853238512514029,0.023022786569557196,0.018070649053372106,0.1360235074286931,0.2482622040404277,0.011544524915541532,0.05289504535506667,0.026647632194180704,0.05786883844657584,0.14723738617583515,0.08298910853083508,0.13810726882419397,0.08284623896534676,0.08417749866930097,0.12647115615766746,0.1190004376485852,0.04044979806972859,0.1818066311199465,0.037916807104037664,0.0778320090454267,0.31834504857975315,0.004660459657035654,0.09356776180674517,0.17852663975468358,0.0668238595079585,0.0482228402549042,0.07457200461762437,0.048758433530627726,0.08272508654467384,0.07683644517393501,0.0760419297276711,0.03896135190824407,0.04638101232343461,0.03733598021121681,0.08196477673854866,0.053962414148360754,0.17395317108408026,0.06991962346784578,0.11160888756739762,0.02751283976413936,0.06988957655227658,0.21831586217574783,0.06306971143871071,0.012209436995246375
sit behind,sit behind,0.2473310430496352,0.1336193952982339,0.17363017766694788,0.10563186895559423,0.021604869742979038,2.220446049250313e-16,0.011984990978727461,0.053034823760865324,0.3179390750784824,0.14743334895989957,0.2132089137646846,0.021696901633900145,0.5511365551897255,0.4000912758266224,0.3652130403123116,0.2148819468457552,0.3821282561658922,0.1865230202937933,0.4376592646694962,0.3256717222581279,0.2776207413596818,0.2911845456137424,0.4162615413981341,0.3536207091075645,0.7274903846909556,0.12036516999819308,0.3957630487735644,0.09943414353369112,0.3257732330171276,0.10617932203185426,0.0176103445252751,0.2828533370559743,0.3442203982154969,0.15783280444427158,0.336558314592472,0.3174603297868,0.1958039924894128,0.33858983288707956,0.3194203332765933,0.12948127404746118,0.11113475842251763,0.2840644540293959,0.11467061704204556,0.21935027620740333,0.11514878897059799,0.13389606010490082,0.19662161916167148,0.22730212069419634,0.39436493893615104,0.25389473030971166,0.33793270724457924,0.17278344661262754,0.20362352475378656,0.32132226502785444,0.15011461840247456,0.17688813197337,0.21179174201709927,0.1828283919653651,0.17384780220362273,0.18621215952893178,0.11976120584178263,0.16503132297785233,0.2746704845642765,0.03204619839774095,0.16275179590809377,0.05975903996824572,0.08851945060932588,0.06982446637776651,0.018829829158195675,0.2511555123920116
rest on,rest on,0.1577558569009445,0.010635227627045385,0.5063930665017027,0.4266101263156337,0.23648749746802722,0.011984990978727461,8.881784197001252e-16,0.21624180872340137,0.4631106627255334,0.2476884884949242,0.4399124745282391,0.1615837750071537,0.05377195974017046,0.03185617796436935,0.26946697430949423,0.2529311668567198,0.15627415802310235,0.12871011737941443,0.01780783847424572,0.2659355694263259,0.11982390832089657,0.34308978504295345,0.2164418464477009,0.20054930119019465,0.03485254747104194,0.38415908494806694,0.16063964631430816,0.02431631283627378,0.07301381699781101,0.1718045355373413,0.2895661270174812,0.13597760634768966,0.03627421659151275,0.06370236778156246,0.07364321244496141,0.09919069440999831,0.10602441674693719,0.06278451088932172,0.06077216195273111,0.0010653327538221458,0.16026510772555524,0.025722579382430666,0.04688980086413952,0.1173284562460607,0.014051039921909092,0.15402207123275985,0.05729259024445607,0.11863562540878902,0.05742794026789827,0.021852530902737533,0.026214452386037868,0.15374930475833454,0.11923064596022173,0.035393750229328336,0.08743896057271158,0.08467110240874942,0.014023450783834684,0.1167870316640558,0.021984750304169687,0.11410535222596624,0.0958527146132262,0.07172039113814782,0.3886058209346182,0.14010711185811003,0.11407632059116402,0.2675775424566959,0.20892975858323443,0.11408707122708905,0.0007119980794642877,0.08351262051002178
stand behind,stand behind,0.03872205195024947,0.12034144859804052,0.13812693527042585,0.058023447560012764,0.0951026072647646,0.053034823760865324,0.21624180872340137,6.661338147750939e-16,0.2875228640016054,0.09957192669358922,0.10891698147147494,0.12808219804705384,0.1768504420274754,0.14693551646326009,0.25151369483591346,0.0564162653120277,0.3852375275700187,0.05675704591425129,0.4503134408531156,0.18977254005152222,0.006627481957116155,0.3902800481147273,0.27804683959588095,0.5092265625456283,0.6060949052788083,0.06285473057539576,0.1247624238297051,0.09017847218078495,0.1397107396099032,0.07521023095952939,0.17062293734830397,0.07756103260274044,0.19817929235706971,0.02721784551079587,0.18370454938382924,0.1317717959672149,0.03319283063270667,0.24631321325420552,0.11551485768424241,0.05643328056407396,0.027335205805617657,0.12783298119545516,0.14600353117335396,0.12618835983335605,0.014422534397133813,0.025302778930115954,0.14105946710145917,0.05470579785356883,0.2568869693306019,0.13794802529025313,0.24884472361930926,0.14129826346614033,0.10839436599736477,0.1633268799408191,0.012866566792296197,0.06110676316971925,0.1660237673310096,0.04757204172797383,0.03504088833104371,0.0695530403548156,0.014747528630554924,0.06684362118755408,0.38250106199266826,0.1196812957491872,0.0025546347004463815,0.08948874212970959,0.003131033742119871,0.023173130504896666,0.04952405687120154,0.06848511184413882
park on,park on,0.45034888624620817,0.2931219126133321,0.36088438655322885,0.39955285244756905,0.3233977992238497,0.3179390750784824,0.4631106627255334,0.2875228640016054,2.220446049250313e-16,0.33101617205383804,0.41654952756129626,0.47679004801363606,0.09121127378979058,0.12021729102572273,0.23008058550232444,0.377531069616577,0.5653653413404369,0.49002057310496916,0.04266009451435662,0.520719915966346,0.19722282917618603,0.3783480366795928,0.1408678857515167,0.23259778333603892,0.049531982900381716,0.7317827879507344,0.13209517269336643,0.02591275386179248,0.020630512945541246,0.10167449864969283,0.10744876834792777,0.07359533892123235,0.005211861551686958,0.15838684150302412,0.017928367345096563,0.10569498174102906,0.06226606255123468,0.08525054288841721,0.06222261480985211,0.02174431302147689,0.01895237472566587,0.07868411701122241,0.10679351564672954,0.13141862436444157,0.03949065766559989,0.01819428657465222,0.1316570616612242,0.06042701981438367,0.11256950924668435,0.18948882101906356,0.0700631405180874,0.06043133464022282,0.009295250679622669,0.026971045371584013,0.09604825784068342,0.03734560750234664,0.007405734021989435,0.008265620271066754,0.04836467635932129,0.03015872844559639,0.04631023768194294,0.053899086688410064,0.07142371948000076,0.036344400455334075,0.1452567343719009,0.04197276861765899,0.06962372573429447,0.026165502246914815,0.036781172337557816,0.1174902101591653
on the top of,on the top of,0.1947355284210086,0.10781537431593913,0.07965126359973362,0.13504751140754695,0.40799038684055444,0.14743334895989957,0.2476884884949242,0.09957192669358922,0.33101617205383804,0.0,0.43902640662686443,0.3078768727942209,0.00280520043587007,0.004456900519464513,0.39363565107227694,0.040398780311949545,0.41374663329211264,0.32830466216866105,0.0031638401483572998,0.4534519523239203,0.20648815940909174,0.1924221946358075,0.018417345461335277,0.03888944465097116,0.009321464250911904,0.3343489769322424,0.0683359275152709,0.32297170021539207,0.29538304069258625,0.1230114800002639,0.1896907712291724,0.14613790898477977,0.21228523396086024,0.26313788051233755,0.0033020916369252418,0.02119798160827524,0.18397657999978279,0.0741788143955957,0.09220966499204819,0.03436189351080149,0.1230231813882171,0.0470927957959395,0.05942988108320299,0.07581970577335989,0.01934327615241782,0.06915287791136138,0.06819936609195942,0.017601375064536587,0.055228819589347555,0.021585333159485798,0.16650470597993228,0.15903872978588063,0.04213713558954374,0.034971728305090266,0.011401832315610927,0.004115747546104442,0.047093398975338846,0.0839597740654991,0.17878516871949218,0.10785733979583279,0.04451821468285888,0.08932532879503721,0.05297243907298482,0.12790813371811646,0.39809507172584346,0.27762692358007046,0.0008453320158226252,0.07381294105765715,0.037417789483239816,0.17903424035332718
on,on,0.48599764185583655,0.4198994054410842,0.4466287862961529,0.4292198551752666,0.4569298180365323,0.2132089137646846,0.4399124745282391,0.10891698147147494,0.41654952756129626,0.43902640662686443,1.1102230246251565e-15,0.46070529863226384,0.24397018340926174,0.27422079079992107,0.2464425109209088,0.45587790302558084,0.524555455644068,0.3826641442425482,0.24656670669654293,0.5246527015151934,0.22561450248466638,0.262629488353834,0.04784671021551634,0.0013282348267782962,0.06991871595399762,0.5452027101270054,0.22014316188858696,0.031347445496453574,0.09763688281950267,0.3629035921924929,0.18431604589586031,0.2730831483256948,0.1714614748668843,0.1792290389150837,0.14704775866896466,0.14975968570012427,0.0023447974577138764,0.11744360106888119,0.18781676017598364,0.3719803709374958,0.23938016423287392,0.09693367787129026,0.16818168558434787,0.06997480053775873,0.4755482928070118,0.24192870668335864,0.2046300485393745,0.22646781427500562,0.15002344409997515,0.06551106043744759,0.13408258978713117,0.2564350815064757,0.07723609598116982,0.22483242634700873,0.22771133140923525,0.26293581709059216,0.14704639204694936,0.2800589254583459,0.29765408101155333,0.2805278991240312,0.24373261585416572,0.25294997401056424,0.06737685642151375,0.23005841686249157,0.20911116631615503,0.12890693499003192,0.1277664415419819,0.24938944284566544,0.46122671913947993,0.45569954203003815
sleep on,sleep on,0.2589358365191833,0.20756005134549316,0.4992989504786107,0.4514627269127637,0.19764527291915185,0.021696901633900145,0.1615837750071537,0.12808219804705384,0.47679004801363606,0.3078768727942209,0.46070529863226384,4.440892098500626e-16,0.008954204570835456,0.045403399208714945,0.25448152505637855,0.2750344256564533,0.20305682152231658,0.1527386276450372,0.04257686409471495,0.22384040036954778,0.025541524129900572,0.282091102250136,0.13736255296796768,0.13765854287585838,0.0688241072398601,0.31499623174875885,0.33963994712437806,0.04843630620144679,0.0025449223329067627,0.028797061826250803,0.10040678045349938,0.020269587186968363,0.01784782245441041,0.06380516537819428,0.03989134045472731,0.2072779216187452,0.012252029652380036,0.03284296626282629,0.09291224804904388,0.02516758538852587,0.05941165678180646,0.10321686674198136,0.0369725952745972,0.03611421592343572,0.022920399645869644,0.016717986513267447,0.11696544955389956,0.12282763140436948,0.12260295851314085,0.037466636512507895,0.08567482433233599,0.046157627175310745,0.12268619431938566,0.1401116452146064,0.038799925155659054,0.04926901806445563,0.058512611950589016,0.01867078855723589,0.006540324095687139,0.1173272398774397,0.10237653842270467,0.03627838669374553,0.10599253471327774,0.04021552689672647,0.0036917585499492978,0.13039862570574814,0.018407451724478885,0.03245797265007275,0.015745898400480907,0.017729245008143442
sit next to,sit next to,0.17676071585674963,0.03931553322550735,0.09272991808304987,0.055190884557362485,0.06385908636652088,0.5511365551897255,0.05377195974017046,0.1768504420274754,0.09121127378979058,0.00280520043587007,0.24397018340926174,0.008954204570835456,5.551115123125783e-16,0.04752787441472184,0.5135976875549054,0.026027519855857995,0.16965375553143905,0.6947344622313292,0.08600292794574371,0.1954228311843213,0.3307853907060505,0.29640384239731443,0.2910228570455291,0.2375319179730943,0.3193760217721763,0.923008139838118,0.09064842418771646,0.010712420752073348,0.2879211413933153,0.17119145591650514,0.01870137932855065,0.16917723235959004,0.38181913462464584,0.21457759428633782,0.19600129326672355,0.18167425743630738,0.28264528470033085,0.2589789200313085,0.2690368606253182,0.2636090130695381,0.22928760669971449,0.28901480742876884,0.2013946770488757,0.38952752358671794,0.32518664401677777,0.23090284024963925,0.2781725712611235,0.17705243623486494,0.3692822000050031,0.3679769640556776,0.24363320948674524,0.24448957400166887,0.3782879223184771,0.2071967140735892,0.20791580199035875,0.2975249363985012,0.2708023813626601,0.26563248213644025,0.21679713213531587,0.3145678453580801,0.22796132498241264,0.3576470845532654,0.21557779880293473,0.17330497383825222,0.28675832450247635,0.05424169238029661,0.27845541754865927,0.2313027169625503,0.37598725669244054,0.40604865665565226
walk next to,walk next to,0.10810384918092075,0.027211631959149052,0.13777439278828194,0.08507203356677223,0.01394545783189216,0.4000912758266224,0.03185617796436935,0.14693551646326009,0.12021729102572273,0.004456900519464513,0.27422079079992107,0.045403399208714945,0.04752787441472184,2.220446049250313e-16,0.293743691375328,0.05086106126654888,0.19792983967805705,0.9530869825076584,0.1158436096038642,0.2509627161300897,0.28686730006771693,0.36662166488846365,0.26603776693064474,0.5892015293787999,0.4076980232733506,1.0563706470348992,0.13683301692096128,0.09033580901811952,0.30596536583109324,0.1599931705527505,0.2741567420331426,0.09452525529367117,0.3528573529523756,0.21182510848188696,0.22423305372244773,0.23143099911311238,0.3232769143711478,0.227475732765127,0.3309393417889658,0.21386805893189398,0.19518390631454874,0.3230868129819452,0.2156103209538981,0.3644511407617769,0.3212689586157926,0.22063585659277613,0.24130034871613093,0.11808253293675125,0.40716532557007534,0.3253661196385224,0.2916615674698291,0.27066903681348786,0.38973632195355795,0.27164032346852274,0.22733682491927698,0.23211214607044472,0.34000945455749776,0.35119327388987515,0.20477438907057804,0.33840638762647574,0.21631691958750907,0.38896779437945184,0.1893121320363341,0.10185886887806386,0.3166795012931184,0.05712422266145162,0.2776792812904172,0.23375868128446897,0.3320332742866897,0.4340905222506633
sit under,sit under,0.5241499166962954,0.31636967556916085,0.31781231742997246,0.27481596197510205,0.13994616839669483,0.3652130403123116,0.26946697430949423,0.25151369483591346,0.23008058550232444,0.39363565107227694,0.2464425109209088,0.25448152505637855,0.5135976875549054,0.293743691375328,6.661338147750939e-16,0.5586398339751353,0.013073982181950217,0.016886117550141355,0.33437211801528693,0.04110574735462952,0.33279653369019113,0.22556272292089613,0.22858640279828624,0.016976957137935622,0.3915455410359635,0.21856788070905553,0.2983746784948829,0.3440272305683871,0.36147975973002927,0.10957684647478147,0.1704940853484977,0.2780968086492272,0.43095498663542076,0.24508435890610436,0.25508129318792083,0.3444859629488194,0.3922395112975141,0.1697323150993441,0.24429044856271148,0.11642353154836674,0.20478657264557654,0.15668465564762926,0.07515710259633313,0.38794565176219675,0.19427733029945815,0.27859320897231166,0.044502089832216665,0.2569866999945323,0.7081275283087807,0.3508025558537527,0.2012796367220481,0.3538979087259546,0.14419501044518135,0.21443838276578586,0.13342953753407805,0.039370468048669005,0.15304003763734714,0.2548788028979836,0.16810830594933956,0.20921411186720096,0.02837542293628316,0.1610223859869249,0.06021887729352468,0.2613399790818894,0.17306614556832298,0.2597885464498588,0.14859025433861098,0.11814540900474958,0.08180554769658675,0.2135829729759575
lying on,lying on,0.27111784245605264,0.2047380185046866,0.18213801890423886,0.17083355303410108,0.34301999426855523,0.2148819468457552,0.2529311668567198,0.0564162653120277,0.377531069616577,0.040398780311949545,0.45587790302558084,0.2750344256564533,0.026027519855857995,0.05086106126654888,0.5586398339751353,0.0,0.44989888301061126,0.547472055093406,0.05044878322830848,0.42078834710866775,0.2975199512555427,0.21181194427381603,0.004212731417988502,0.022286665274294737,0.17092226503701302,0.21189957789803127,0.027675329155859463,0.2567440273828064,0.1847028637607993,0.1112463103925363,0.020799697443249443,0.045268087052789896,0.21865189638317015,0.39934913358419993,0.03268217481627661,0.0027647977307609095,0.12125615554157054,2.108468148975806e-05,0.0496764204101775,0.008617328555813542,0.0884682155731071,0.08984755003758949,0.01422701781946295,0.1395152465389285,0.108608963033626,0.022155667074721025,0.06888223303134697,0.07416408215576592,0.03604392784781474,0.11522206032372811,0.05921802095378123,0.15565173539075275,0.02721512613222271,0.060868484181658716,0.05685242769570753,0.02961943802835529,0.040914734282391174,0.12337442635644688,0.08422551012659574,0.02939476119742293,0.02186073116362089,0.1560542504777692,0.09548416857005224,0.15102179567394264,0.22423151018954107,0.20397089989344144,0.058673122261741845,0.05185623983251257,0.16134385242416802,0.224423647548908
lean on,lean on,0.21298689679143845,0.21108230635081382,0.34324612314359365,0.35450378723328946,0.20646063562392059,0.3821282561658922,0.15627415802310235,0.3852375275700187,0.5653653413404369,0.41374663329211264,0.524555455644068,0.20305682152231658,0.16965375553143905,0.19792983967805705,0.013073982181950217,0.44989888301061126,4.440892098500626e-16,0.3158018961697756,0.2519548197558278,0.012063634145280222,0.39974812542839866,0.12456858461246456,0.2905646066240041,0.5804399683661552,0.2975998859643607,0.036936497132085605,0.22373482923044086,0.030794536361783698,0.15117857939411825,0.12296157807290958,0.26695375036434477,0.08800852615471276,0.16973731440912568,0.21362651153383172,0.12052310187183238,0.12106424130855725,0.21136229724510322,0.31552433547607456,0.2184567841161278,0.15771042210031158,0.14156986579918346,0.2034578164662837,0.2035600235759477,0.278006745512962,0.02440884058973375,0.021141578788737236,0.19552346622984215,0.044616904114485684,0.29446063804274725,0.28023402030175737,0.1747889371908329,0.03557149415412017,0.18576374451449226,0.09042554517369661,0.0004504209127914327,0.01578336233993413,0.1374466621996815,0.1591655301818432,0.06050715757103901,0.10482791283019156,0.09890426151811024,0.072482210606691,0.38974916189415987,0.07653303138868947,0.093339049146025,0.0071993075366509895,0.06524616492043697,0.08523643213962273,0.05212827608978467,0.1183854152603219
walk beside,walk beside,0.3952813289468977,0.3504125607235776,0.32916110613544364,0.2749712190439029,0.1321157338431625,0.1865230202937933,0.12871011737941443,0.05675704591425129,0.49002057310496916,0.32830466216866105,0.3826641442425482,0.1527386276450372,0.6947344622313292,0.9530869825076584,0.016886117550141355,0.547472055093406,0.3158018961697756,6.661338147750939e-16,0.7189242133159013,0.24532570963284667,0.44271646266677395,0.11930757040969481,0.6668081346011587,0.026738927431265713,0.6582856124684566,0.20339338703586313,0.6145014424977575,0.41325520109243896,1.0055460489554848,0.2467517350423249,0.5933052827941512,0.9803851060687452,0.7479380074154031,0.43495264500960873,0.4012095013121299,0.503341124758377,0.5995205543233331,0.7220789583751014,0.5462917660713817,0.43402715867280983,0.3122030671996564,0.48716030255318976,0.1726855077416985,0.5347624925655217,0.3476380713081933,0.42682932157069586,0.4734078694876793,0.45893240066652086,0.5104319466051797,0.5301955220617691,0.3710400925167981,0.4862205126035525,0.5901074242808649,0.4695949984561188,0.37949295936277494,0.3707569926028043,0.4188330564192212,0.40287838258000175,0.5561259020529445,0.516067801401232,0.3420965464281985,0.3208373010824537,0.05692776108242956,0.3463265182394991,0.6067699733398764,0.3271436313817477,0.28654592492012076,0.25997554282113666,0.2903713393219366,0.49751273710959704
stand next to,stand next to,0.07452827910829096,0.1650082862702812,0.02364494614907109,0.03886434444651021,0.04114651008821568,0.4376592646694962,0.01780783847424572,0.4503134408531156,0.04266009451435662,0.0031638401483572998,0.24656670669654293,0.04257686409471495,0.08600292794574371,0.1158436096038642,0.33437211801528693,0.05044878322830848,0.2519548197558278,0.7189242133159013,2.220446049250313e-16,0.2822511420416633,0.5982418886088557,0.30742128485936704,0.32807063523403707,0.3115111411437063,0.37926563483508324,0.9657673444693587,0.15720910892365014,0.06131344611807299,0.3436885954736259,0.13276977190709927,0.049684151671810894,0.23209905316054885,0.49497630678497495,0.17094222431781758,0.18431974548013863,0.2678628912219431,0.34628517266960546,0.2941481921720182,0.3010370097147692,0.2610469908299575,0.22240793609144932,0.3574956740866734,0.20094808972133815,0.3658775994874416,0.32384330687774027,0.26634661273302,0.3180238007654494,0.2514511360218132,0.38062287650197957,0.3736098035927601,0.22411946217935957,0.2511617451141457,0.378532511560289,0.335786876212092,0.2605234038912823,0.2550178342887124,0.30616841415380797,0.309263069165838,0.3239803233746146,0.37918933775738317,0.2173819788304622,0.39649403069679046,0.14424829186794724,0.19768616473529432,0.41975959037195465,0.07046184862080315,0.29499617903260533,0.17999072758042164,0.32822733593267284,0.42297361873739125
skate on,skate on,0.29776069568245234,0.36449729845280454,0.4499992997996263,0.4415663706320612,0.2591174476559711,0.3256717222581279,0.2659355694263259,0.18977254005152222,0.520719915966346,0.4534519523239203,0.5246527015151934,0.22384040036954778,0.1954228311843213,0.2509627161300897,0.04110574735462952,0.42078834710866775,0.012063634145280222,0.24532570963284667,0.2822511420416633,5.551115123125783e-16,0.33739953265961814,0.10504185605250316,0.270761108945186,0.3118072003452424,0.305704201822832,0.0566908891715982,0.21039996608774642,0.1307313819700863,0.2184223634259131,0.04665836330593115,0.034434712652402166,0.1694129451069022,0.1578676836939512,0.14278206159173615,0.21333138258409484,0.228134782374854,0.17874915981957304,0.32282517186806553,0.2776722557397387,0.18783391317712608,0.046846635663295805,0.2873933645855918,0.010783171541488445,0.28690222771451424,0.03572331939638829,0.03367709210787456,0.18747252109173207,0.0005755138725255238,0.25176906350080724,0.3246030648901952,0.23356773643247117,0.2122793869112719,0.2751043764416642,0.17211321306563146,0.03672972136213354,0.08194172674931831,0.19262321625618373,0.11664495787301149,0.1635626397613365,0.11859156386625339,0.11824799124167812,0.035684488137885884,0.20505703976237444,0.059530145473462415,0.09982200908434935,0.011891696290651066,0.042587966931131635,0.13015262448936699,0.03945529761466665,0.10379311923363663
stand under,stand under,0.13777483386768774,0.27063313802659605,0.12263663199645325,0.11532117261646196,0.05210793581899775,0.2776207413596818,0.11982390832089657,0.006627481957116155,0.19722282917618603,0.20648815940909174,0.22561450248466638,0.025541524129900572,0.3307853907060505,0.28686730006771693,0.33279653369019113,0.2975199512555427,0.39974812542839866,0.44271646266677395,0.5982418886088557,0.33739953265961814,0.0,0.010930657410630595,0.2798366563035811,0.4730675005767286,0.380505453581382,0.18083084030651653,0.23070450160403194,0.06451984438306596,0.2479857224619203,0.10545320034825739,0.09566436719032456,0.18081998110418357,0.2470122992497289,0.21700546858792794,0.3138522339604076,0.12435486102487173,0.16461897078345236,0.31224771613032076,0.35133911205193524,0.146347918360305,0.02714686004437067,0.17348060322075765,0.05797170878998287,0.3461909422101947,0.18449141273231415,0.18497477457866213,0.14072914169835357,0.019428816451574238,0.8473691523413922,0.33934453867687303,0.41012419424762037,0.30894161162697353,0.19369327536593284,0.09583711063697334,0.04806269997593138,0.07018505373611689,0.15116752046054643,0.12197998531103191,0.053521450587235314,0.16529860525620368,0.04198238361670377,0.10764659597140988,0.26598821829255775,0.05530440982635407,0.08329516255592925,0.07753465184475597,0.05708173163190833,0.1701315201731286,0.17874147672840673,0.295912056648415
park behind,park behind,0.36090636172730245,0.3029921011007851,0.1410088245784069,0.1428885314969695,0.1112974956719549,0.2911845456137424,0.34308978504295345,0.3902800481147273,0.3783480366795928,0.1924221946358075,0.262629488353834,0.282091102250136,0.29640384239731443,0.36662166488846365,0.22556272292089613,0.21181194427381603,0.12456858461246456,0.11930757040969481,0.30742128485936704,0.10504185605250316,0.010930657410630595,4.440892098500626e-16,0.42637468565784153,0.10482242231576316,0.6665873491843759,0.056275005325368554,0.3120882732166094,0.02471553567862278,0.3484786332848776,0.10705677403850783,0.21452830512254864,0.33228404498544706,0.30886172977243803,0.10907298436501771,0.23574843630626036,0.23366539812287784,0.28000422283474624,0.4430243763748599,0.41476006507191016,0.20562501436205582,0.0737153418265381,0.18834308712493947,0.27257506531860387,0.31369078594489164,0.19943434978525915,0.13480947689132855,0.11388740078582951,0.22349729181733216,0.45982730106633385,0.3275935627337765,0.4460031034222995,0.1993257376440682,0.24890138376351081,0.22930454407076165,0.1381714010900617,0.1959742213398169,0.19841429235306365,0.14584647516969604,0.12250337510815029,0.314169041708487,0.20316849536669906,0.24656284071032628,0.09779399064470544,0.13307373134737052,0.3078756776328435,0.19213692903994942,0.172380062702141,0.04911966782360701,0.09854859920669189,0.2559030644398934
outside of,outside of,0.09714499889181238,0.029724520839205404,0.4081487029204018,0.36275179049204165,0.1334899025422268,0.4162615413981341,0.2164418464477009,0.27804683959588095,0.1408678857515167,0.018417345461335277,0.04784671021551634,0.13736255296796768,0.2910228570455291,0.26603776693064474,0.22858640279828624,0.004212731417988502,0.2905646066240041,0.6668081346011587,0.32807063523403707,0.270761108945186,0.2798366563035811,0.42637468565784153,2.220446049250313e-16,0.26813615418086767,0.12700375388399832,0.6455687200688818,0.24763177345504417,0.048032924783623365,0.20513006556828378,0.09110537247335915,0.06452580353722215,0.23971632333008464,0.0669552009082669,0.3255557158519158,0.2658522137176631,0.1978653707835289,0.06694109950070815,0.1302826476910378,0.03276630772507405,0.0291565539282459,0.25543229354640035,0.23195640190017575,0.2964860989927718,0.12887766854576543,0.004218248733524332,0.30567223871625215,0.1768402236520321,0.1546591464039956,0.19036284464809944,0.14760993191440525,0.10161983969839777,0.25918530059199196,0.2098006235412807,0.07429028208727195,0.23152475828412272,0.32619513972165887,0.2107190331119498,0.3230099609225281,0.217513551040528,0.3155583080549034,0.11133306165849524,0.1444746182648538,0.11375874610690964,0.23845698376309435,0.23847139165202513,0.05899549196087625,0.18486254953363884,0.13647441772808472,0.12688141592082186,0.24904140587609563
walk past,walk past,0.1452936583663776,0.17779764995478226,0.14570451441265841,0.07328536725565099,0.09072929370263,0.3536207091075645,0.20054930119019465,0.5092265625456283,0.23259778333603892,0.03888944465097116,0.0013282348267782962,0.13765854287585838,0.2375319179730943,0.5892015293787999,0.016976957137935622,0.022286665274294737,0.5804399683661552,0.026738927431265713,0.3115111411437063,0.3118072003452424,0.4730675005767286,0.10482242231576316,0.26813615418086767,4.440892098500626e-16,0.21376633799569011,0.22853707756608704,0.27506887729969187,0.07361632757120215,0.05632433091684641,0.061069465990723104,0.26646805617462066,0.5995215674159596,0.20032516639684878,0.2734713070264171,0.022957827928806157,0.069714802815771,0.09863363456804111,0.2619779048429091,0.38411688692479107,0.07425584616802758,0.006645238568050604,0.2797659007645197,0.21596851791074748,0.18724946345037904,0.01247640120008825,0.006825243464195496,0.29467896538476684,0.03423053548616012,0.12209583828071482,0.17782828308225607,0.09577200651817783,0.1134415280534638,0.18525917138744113,0.15956719150935436,0.10145832428689713,0.03585756071603241,0.16977883974216915,0.017537249528330218,0.28181664514761356,0.05935761092707677,0.040700366185178694,0.08090999749364883,0.5757539230806648,0.0021877459841753155,0.11990964946820527,0.09876576596634234,0.05112520467271328,0.1814184635213239,0.06320736566620548,0.26725349315518815
behind,behind,0.09375029513635147,0.04795908458437248,0.0890944210128008,0.002831490697770278,0.08864244087761139,0.7274903846909556,0.03485254747104194,0.6060949052788083,0.049531982900381716,0.009321464250911904,0.06991871595399762,0.0688241072398601,0.3193760217721763,0.4076980232733506,0.3915455410359635,0.17092226503701302,0.2975998859643607,0.6582856124684566,0.37926563483508324,0.305704201822832,0.380505453581382,0.6665873491843759,0.12700375388399832,0.21376633799569011,0.0,0.3917535691696765,0.3428491948927397,0.028278909221632453,0.14745001554219261,0.02506961006201569,0.15642276514507492,0.3501243690573123,0.2526791037694009,0.38102366948269534,0.20756740188327882,0.20084091944446553,0.21414204334167497,0.18191552990260162,0.2409676639539482,0.16526282588065133,0.21678845651896794,0.22542507096065834,0.13932877265718616,0.25715393054935415,0.09966801330337421,0.2857176178233448,0.25911096308411685,0.11491828036317636,0.1143524460510183,0.2663611712811921,0.12728353344146237,0.3124811012078583,0.25863525359216644,0.20939928306367206,0.26856097589073824,0.2335227141221997,0.302413982153183,0.42344524627023555,0.2958232287235095,0.22206059763544525,0.13981062216623966,0.18756002646016873,0.0507135220385056,0.18898594672598945,0.2615625743151457,0.024112473847060084,0.2084357750863972,0.23929174053180716,0.20608862327419308,0.24310502317228366
park next,park next,0.34231595430920303,0.3836828480958192,0.21597250155693345,0.2790568157298431,0.1950371583088298,0.12036516999819308,0.38415908494806694,0.06285473057539576,0.7317827879507344,0.3343489769322424,0.5452027101270054,0.31499623174875885,0.923008139838118,1.0563706470348992,0.21856788070905553,0.21189957789803127,0.036936497132085605,0.20339338703586313,0.9657673444693587,0.0566908891715982,0.18083084030651653,0.056275005325368554,0.6455687200688818,0.22853707756608704,0.3917535691696765,2.220446049250313e-16,0.9553608902587786,0.02230065987989238,0.39497898601811654,0.5473218286363447,0.4094251866398969,0.6086317932543955,0.32948114307242027,0.9348678803383862,0.5022194902948792,0.4723244883791985,0.2279856916654504,0.7810101259801074,0.811238334641144,0.6527151356141485,0.30060053714072477,0.451362674180293,0.47413980755998875,0.3541182649185504,0.3959681656411302,0.39171640727915497,0.37442845042064143,0.4193809591487585,0.5573167124250524,0.4086604138866231,0.5799465017339931,0.395721274073042,0.4802444205311051,0.3796775435361132,0.4485436778470192,0.4857360888536544,0.40303621813374235,0.43579458897000767,0.4679321723371995,0.5338287627640695,0.28839155742073697,0.23420672394579553,0.027482662813191474,0.3175970463647189,0.5003247177061233,0.2875312706763224,0.20283640761631463,0.36776387775926883,0.43734873142671393,0.5938655481762158
sleep next to,sleep next to,0.1270411463922818,0.007036704683127004,0.17552612807921883,0.12510934210307856,0.03853238512514029,0.3957630487735644,0.16063964631430816,0.1247624238297051,0.13209517269336643,0.0683359275152709,0.22014316188858696,0.33963994712437806,0.09064842418771646,0.13683301692096128,0.2983746784948829,0.027675329155859463,0.22373482923044086,0.6145014424977575,0.15720910892365014,0.21039996608774642,0.23070450160403194,0.3120882732166094,0.24763177345504417,0.27506887729969187,0.3428491948927397,0.9553608902587786,2.220446049250313e-16,0.053630205784242796,0.2379861813322534,0.18154360636555106,0.06597610303497314,0.2693642813771965,0.34489188613545385,0.3286101930722809,0.22546036210008868,0.17481926169749673,0.26623586528285903,0.22732335124784844,0.250742295228929,0.22607197729295914,0.3051301044898128,0.3230209049455539,0.20823453268542802,0.34482376855125824,0.3885391094577777,0.2876173664798831,0.3506443914159124,0.13499256521367942,0.3809275796265042,0.3780320425404194,0.2688272894804703,0.3112184502307698,0.34451470737806633,0.31105742882504667,0.24005813097281348,0.3164987027268857,0.303167723918696,0.34434342469301954,0.27406156472014814,0.3214719718830474,0.15188618242599303,0.4118242267680022,0.16260456469365667,0.13329417295683607,0.27160277732514104,0.03300683350091804,0.2837611655937944,0.2237468847722053,0.37890910919739174,0.4393815939594318
in the front of,in the front of,0.06587734116814703,0.10198626209852202,0.25667830295041427,0.1751886030721827,0.023022786569557196,0.09943414353369112,0.02431631283627378,0.09017847218078495,0.02591275386179248,0.32297170021539207,0.031347445496453574,0.04843630620144679,0.010712420752073348,0.09033580901811952,0.3440272305683871,0.2567440273828064,0.030794536361783698,0.41325520109243896,0.06131344611807299,0.1307313819700863,0.06451984438306596,0.02471553567862278,0.048032924783623365,0.07361632757120215,0.028278909221632453,0.02230065987989238,0.053630205784242796,4.440892098500626e-16,0.008942752202006576,0.05115329376003758,0.11792772079537459,0.09491264875803868,0.039873362312846106,0.36406415012604715,0.08780058765526144,0.046422699222429475,0.12779443438378718,0.012370913368659253,0.030799732572986654,0.036912097170635205,0.08030672938364469,0.016691261722375922,0.008518176806553646,0.15625859285275082,0.016967267859594126,0.08187724327604162,0.0016436177220702508,0.0066247409896770665,0.04349559602729608,0.11593803450474235,0.22321650944862234,0.023526912357692054,0.08740063085852856,0.031055376747950697,0.005694609966685471,0.002798308016160253,0.059277508840075904,0.07270841730638,0.09621525274362612,0.06524315293726268,0.08261711988960294,0.09567209617033023,0.20056673972334343,0.04704873465020221,0.2002092758448496,0.09310861860429981,0.05916855706903597,0.04689935132230674,0.06816672143359298,0.1317303333807998
beside,beside,0.02461503451986896,0.15541207981742966,0.0986491177490379,0.09536942969825352,0.018070649053372106,0.3257732330171276,0.07301381699781101,0.1397107396099032,0.020630512945541246,0.29538304069258625,0.09763688281950267,0.0025449223329067627,0.2879211413933153,0.30596536583109324,0.36147975973002927,0.1847028637607993,0.15117857939411825,1.0055460489554848,0.3436885954736259,0.2184223634259131,0.2479857224619203,0.3484786332848776,0.20513006556828378,0.05632433091684641,0.14745001554219261,0.39497898601811654,0.2379861813322534,0.008942752202006576,4.440892098500626e-16,0.10609421842362043,0.09279343909518928,0.29690381153027817,0.20622161233874758,0.7785767560235461,0.2905009458782274,0.09584230099752633,0.1372075217371398,0.08825359631205942,0.1657333751649508,0.09323400093233802,0.2442158296606987,0.21230235295534644,0.26859418215976827,0.31703362144189023,0.15255507744607352,0.27487689355198847,0.3145151161681211,0.17076169667291508,0.19574822531609182,0.30096237478018545,0.05953036422540792,0.23910483956754525,0.14768822005760124,0.2084320880645471,0.24302926497209354,0.3309549550242631,0.2674286605519808,0.31487363009244557,0.20026120378540035,0.2506916575156884,0.10772279272768853,0.2753144903393635,0.10240513977246007,0.21701908809844683,0.2853235813576737,0.08113972471332787,0.19309150318641136,0.20492294552352205,0.2533514279466523,0.28927325540538584
in,in,0.10769461149471513,0.11429703464561125,0.2131375735277362,0.1755508309413954,0.1360235074286931,0.10617932203185426,0.1718045355373413,0.07521023095952939,0.10167449864969283,0.1230114800002639,0.3629035921924929,0.028797061826250803,0.17119145591650514,0.1599931705527505,0.10957684647478147,0.1112463103925363,0.12296157807290958,0.2467517350423249,0.13276977190709927,0.04665836330593115,0.10545320034825739,0.10705677403850783,0.09110537247335915,0.061069465990723104,0.02506961006201569,0.5473218286363447,0.18154360636555106,0.05115329376003758,0.10609421842362043,4.440892098500626e-16,0.16775476708041098,0.23301273618127882,0.039397015892356,0.03798071827705979,0.07659414485540442,0.12835436145715368,0.053373212305766,0.06223441315282269,0.044024975988557424,0.2152665363858599,0.23797200626476206,0.09085772050824381,0.13236258441216925,0.010222080628031815,0.34772685474044535,0.1869031865784476,0.11757434573729211,0.24580157964079916,0.17687123524039805,0.027500937364076217,0.03325486299799918,0.1263952668278995,0.047473484265727284,0.22637373358228724,0.17046158200014594,0.15587994082379097,0.1122961483394774,0.2749218798216626,0.2249870738517137,0.23242437221734014,0.16535515084028207,0.1716516338271224,0.1837167278892112,0.19783129574397693,0.07966294893927572,0.20126430999940398,0.12231715371955351,0.2115948880243761,0.41322745783644366,0.2601531931603171
walk to,walk to,0.010188809131596033,0.18617790186421523,0.039400093024962446,0.03190963413019618,0.2482622040404277,0.0176103445252751,0.2895661270174812,0.17062293734830397,0.10744876834792777,0.1896907712291724,0.18431604589586031,0.10040678045349938,0.01870137932855065,0.2741567420331426,0.1704940853484977,0.020799697443249443,0.26695375036434477,0.5933052827941512,0.049684151671810894,0.034434712652402166,0.09566436719032456,0.21452830512254864,0.06452580353722215,0.26646805617462066,0.15642276514507492,0.4094251866398969,0.06597610303497314,0.11792772079537459,0.09279343909518928,0.16775476708041098,2.220446049250313e-16,0.49991361662008615,0.05298195581965731,0.17199835281437423,0.11114256173353818,0.04784115037021883,0.11599340446943883,0.1176673836586625,0.27609700509764323,0.18265550432088717,0.1200911425248885,0.05005741455100182,0.17688442518691844,0.19607693653479819,0.18555812451536197,0.11439958053702548,0.05213434544301687,0.10861906179262865,0.16782445382748704,0.1077877751407896,0.1540513570868939,0.017785396508097795,0.11374364481567194,0.023706249323839412,0.017022984073552794,0.01496496542738679,0.07976993201299247,0.04909015412302878,0.09107722626478121,0.0998774272668908,0.09368788699749106,0.016961133439510778,0.2859613353934723,0.05896790484865466,0.16251625417573015,0.18920341869893054,0.17408576600840817,0.16463549431274693,0.15519306424035528,0.24392813863997626
walk,walk,0.06247966251829956,0.0665799499617431,0.05798013369347582,0.001536518636853501,0.011544524915541532,0.2828533370559743,0.13597760634768966,0.07756103260274044,0.07359533892123235,0.14613790898477977,0.2730831483256948,0.020269587186968363,0.16917723235959004,0.09452525529367117,0.2780968086492272,0.045268087052789896,0.08800852615471276,0.9803851060687452,0.23209905316054885,0.1694129451069022,0.18081998110418357,0.33228404498544706,0.23971632333008464,0.5995215674159596,0.3501243690573123,0.6086317932543955,0.2693642813771965,0.09491264875803868,0.29690381153027817,0.23301273618127882,0.49991361662008615,4.440892098500626e-16,0.2343359363896072,0.343845929803282,0.22849391811212313,0.15978652790321574,0.3030648378343106,0.2184355957740751,0.4291972238383513,0.23548287651832567,0.10837288173597681,0.23163859190268482,0.15029226581010596,0.3277339581368409,0.2468021921698691,0.09643680383764902,0.10381861372889983,0.011184247719950524,0.3329650183641546,0.2629684353409068,0.2486599266683503,0.2118751415557567,0.37877381404027377,0.17118872123332074,0.20232671482826742,0.18207410776182936,0.3098975461339509,0.2832112100940526,0.0858186485610537,0.24981580121581776,0.16213763637962758,0.24572944733243995,0.14860516083192488,0.010368639722457607,0.2701095934968588,0.07767100635127427,0.2146699408261921,0.2028918610559144,0.25429325215167803,0.37019081436767254
inside,inside,0.03362087601718611,0.18933818929020163,0.019951122575826097,0.03902708055888754,0.05289504535506667,0.3442203982154969,0.03627421659151275,0.19817929235706971,0.005211861551686958,0.21228523396086024,0.1714614748668843,0.01784782245441041,0.38181913462464584,0.3528573529523756,0.43095498663542076,0.21865189638317015,0.16973731440912568,0.7479380074154031,0.49497630678497495,0.1578676836939512,0.2470122992497289,0.30886172977243803,0.0669552009082669,0.20032516639684878,0.2526791037694009,0.32948114307242027,0.34489188613545385,0.039873362312846106,0.20622161233874758,0.039397015892356,0.05298195581965731,0.2343359363896072,4.440892098500626e-16,0.5374768393546084,0.2585474231073195,0.2692059302943323,0.20138704344168828,0.14143940510780456,0.23905954373716992,0.08998597729963187,0.26440481483718625,0.27866312494237866,0.14527275837440926,0.3059163383442476,0.13889985448514686,0.29506272621205476,0.225626252838714,0.24217748338287987,0.18380763110045073,0.28089356542706,0.1343404134691971,0.3862625374143484,0.26937026157919036,0.36007919723313037,0.3051144841237732,0.33805474780505046,0.3513615098994678,0.46309905793244066,0.2998391807037308,0.2650519698106752,0.2210655893387286,0.17993459462888922,0.16846265846412095,0.19523113832511468,0.13292474510884617,0.040084731183495204,0.23137590820111864,0.17141616222596429,0.19649100700280034,0.3307051030117662
next to,next to,0.11298133979485986,0.24057834953831214,0.12213355340474835,0.09635394021142574,0.026647632194180704,0.15783280444427158,0.06370236778156246,0.02721784551079587,0.15838684150302412,0.26313788051233755,0.1792290389150837,0.06380516537819428,0.21457759428633782,0.21182510848188696,0.24508435890610436,0.39934913358419993,0.21362651153383172,0.43495264500960873,0.17094222431781758,0.14278206159173615,0.21700546858792794,0.10907298436501771,0.3255557158519158,0.2734713070264171,0.38102366948269534,0.9348678803383862,0.3286101930722809,0.36406415012604715,0.7785767560235461,0.03798071827705979,0.17199835281437423,0.343845929803282,0.5374768393546084,5.551115123125783e-16,0.12391911499198904,0.16306712006567015,0.5510929073897153,0.40554663091719884,0.06503678973258709,0.16010357036647693,0.14690724723390897,0.17806495163064745,0.08537751988854514,0.427473203627676,0.24796329166075246,0.2340058432933633,0.2818638121820677,0.1806873658913876,0.24349595186181927,0.34312213430836314,0.036033896818031624,0.18443069097382075,0.22400744141174286,0.19448362615828757,0.137015879033603,0.06256663543288449,0.19183714936818008,0.23566957250525222,0.25791262369284107,0.29943827949207646,0.19553473772854407,0.31328159305244546,0.288820583049092,0.20945479385039964,0.7609971131003013,0.22336076551454034,0.2835008081524739,0.0810237097864446,0.2477308266610037,0.257274046853072
hold,hold,0.04688031119813596,0.07497946190964405,0.05615607996012173,0.006479590270898977,0.05786883844657584,0.336558314592472,0.07364321244496141,0.18370454938382924,0.017928367345096563,0.0033020916369252418,0.14704775866896466,0.03989134045472731,0.19600129326672355,0.22423305372244773,0.25508129318792083,0.03268217481627661,0.12052310187183238,0.4012095013121299,0.18431974548013863,0.21333138258409484,0.3138522339604076,0.23574843630626036,0.2658522137176631,0.022957827928806157,0.20756740188327882,0.5022194902948792,0.22546036210008868,0.08780058765526144,0.2905009458782274,0.07659414485540442,0.11114256173353818,0.22849391811212313,0.2585474231073195,0.12391911499198904,0.0,0.1784232603109998,0.1658752621107402,0.15838606156062046,0.3178747223790706,0.03666283908171142,0.07329878212199847,0.2027334767656932,0.1335797351662315,0.23429825924271172,0.09397925473224905,0.09772634299643734,0.1202761353711791,0.19580631958306205,0.17788233481952287,0.27761727488871557,0.16234961351350224,0.19534482824739413,0.34010548721930484,0.20974513837416425,0.19858974073148086,0.15694407023662338,0.1900938645329351,0.24276717513880824,0.1743337162312238,0.20027874540731513,0.10273711267380112,0.195183150205343,0.04649697241171963,0.15565611723086586,0.1837422154367089,0.09408951567458873,0.12068265224027275,0.011923729508795278,0.2835197608495615,0.2798725201949857
watch,watch,0.16312771191109765,0.0198745979166588,0.00947303747216785,0.008768401544163529,0.14723738617583515,0.3174603297868,0.09919069440999831,0.1317717959672149,0.10569498174102906,0.02119798160827524,0.14975968570012427,0.2072779216187452,0.18167425743630738,0.23143099911311238,0.3444859629488194,0.0027647977307609095,0.12106424130855725,0.503341124758377,0.2678628912219431,0.228134782374854,0.12435486102487173,0.23366539812287784,0.1978653707835289,0.069714802815771,0.20084091944446553,0.4723244883791985,0.17481926169749673,0.046422699222429475,0.09584230099752633,0.12835436145715368,0.04784115037021883,0.15978652790321574,0.2692059302943323,0.16306712006567015,0.1784232603109998,6.661338147750939e-16,0.18012000547297824,0.14149123102679342,0.2672766749808532,0.1471622117886371,0.1919066420965687,0.18604022375709628,0.019504213174409812,0.2232932454806333,0.18999248579414296,0.15287994734055277,0.20476063880572964,0.026509911311349388,0.27429605531530965,0.2025458714484654,0.1174646354403604,0.32462758238251455,0.24995566920750495,0.18017856728663678,0.17592878116290583,0.19580078812475432,0.22519400382436192,0.2004593756776124,0.1574951996806782,0.22906468623126208,0.09494930188015765,0.2671579044462324,0.029072975236128062,0.13028402387522192,0.15529918654447808,0.024722631384472962,0.13105183254729186,0.12499041844249252,0.3300437320761348,0.3237224469214112
beneath,beneath,0.018511301298302807,0.10286917739450674,0.04923213933137438,0.05078549197030008,0.08298910853083508,0.1958039924894128,0.10602441674693719,0.03319283063270667,0.06226606255123468,0.18397657999978279,0.0023447974577138764,0.012252029652380036,0.28264528470033085,0.3232769143711478,0.3922395112975141,0.12125615554157054,0.21136229724510322,0.5995205543233331,0.34628517266960546,0.17874915981957304,0.16461897078345236,0.28000422283474624,0.06694109950070815,0.09863363456804111,0.21414204334167497,0.2279856916654504,0.26623586528285903,0.12779443438378718,0.1372075217371398,0.053373212305766,0.11599340446943883,0.3030648378343106,0.20138704344168828,0.5510929073897153,0.1658752621107402,0.18012000547297824,1.7763568394002505e-15,0.08730030667720001,0.14104390909889375,0.06580452150960231,0.14046892846190784,0.1682228167915616,0.19100800165304826,0.18598969491126321,0.171438516281604,0.28976369814689895,0.2179896053697693,0.18153151114158045,0.0791202088459293,0.1428813408030597,0.07841392006508371,0.26922948886869685,0.09467685725102126,0.23628359677231167,0.24861736280573282,0.32070563593438195,0.18013266762175306,0.3569462306978219,0.1943433038169941,0.16290999899837155,0.17591706684546674,0.22848864337526395,0.07770995050411822,0.14295513537557256,0.20193429550702224,0.1343823779394612,0.17470842369191497,0.18683997431146576,0.20636001603127635,0.2612610957305448
near,near,0.1191992910291606,0.0322266383464625,0.17094308865321492,0.1316120372243026,0.13810726882419397,0.33858983288707956,0.06278451088932172,0.24631321325420552,0.08525054288841721,0.0741788143955957,0.11744360106888119,0.03284296626282629,0.2589789200313085,0.227475732765127,0.1697323150993441,2.108468148975806e-05,0.31552433547607456,0.7220789583751014,0.2941481921720182,0.32282517186806553,0.31224771613032076,0.4430243763748599,0.1302826476910378,0.2619779048429091,0.18191552990260162,0.7810101259801074,0.22732335124784844,0.012370913368659253,0.08825359631205942,0.06223441315282269,0.1176673836586625,0.2184355957740751,0.14143940510780456,0.40554663091719884,0.15838606156062046,0.14149123102679342,0.08730030667720001,4.440892098500626e-16,0.207838575098239,0.07588392280601619,0.19006123103473604,0.0693342557490032,0.14762476887976372,0.1298190147654703,0.15055881802256915,0.26064919303287776,0.19597615052798215,0.18286101905652152,0.2741950640417895,0.1260055227253828,0.17129035471096105,0.2507590811238359,0.24204514956285783,0.17978117583735964,0.19185034506687798,0.26850419801377123,0.26562475241649336,0.2983642022455657,0.16267939223074662,0.2841242967835718,0.17689579054668514,0.1717481433330338,0.10028671885458684,0.2132103478922198,0.10420174177887309,0.07040326112736722,0.1922440176806976,0.17945884497958275,0.18609069638557754,0.3310098296521824
over,over,0.026578888207491214,0.08518799345444739,0.36338822311293123,0.3107223904180991,0.08284623896534676,0.3194203332765933,0.06077216195273111,0.11551485768424241,0.06222261480985211,0.09220966499204819,0.18781676017598364,0.09291224804904388,0.2690368606253182,0.3309393417889658,0.24429044856271148,0.0496764204101775,0.2184567841161278,0.5462917660713817,0.3010370097147692,0.2776722557397387,0.35133911205193524,0.41476006507191016,0.03276630772507405,0.38411688692479107,0.2409676639539482,0.811238334641144,0.250742295228929,0.030799732572986654,0.1657333751649508,0.044024975988557424,0.27609700509764323,0.4291972238383513,0.23905954373716992,0.06503678973258709,0.3178747223790706,0.2672766749808532,0.14104390909889375,0.207838575098239,0.0,0.19216119930399678,0.3254067115548121,0.22740029386262273,0.3420039507970379,0.20989164078961792,0.15718130651280898,0.3729664058074561,0.2594340180750197,0.29800106505847895,0.3063716650048645,0.226970356303908,0.2611893680245614,0.25309774683394526,0.2148168618873923,0.33676914252278567,0.35341142175918666,0.3668826201891787,0.29513872282814185,0.38365281093589715,0.33682671847928614,0.418356346207293,0.20678918857564677,0.26225541180477513,0.14867510435058276,0.3260338719395746,0.24165314844855276,0.18406051378710428,0.23026066569723028,0.2829806217943361,0.249626881232081,0.3270062068190748
at,at,0.07788548861375011,0.0047981516474063235,0.15106173754426944,0.13331989678148104,0.08417749866930097,0.12948127404746118,0.0010653327538221458,0.05643328056407396,0.02174431302147689,0.03436189351080149,0.3719803709374958,0.02516758538852587,0.2636090130695381,0.21386805893189398,0.11642353154836674,0.008617328555813542,0.15771042210031158,0.43402715867280983,0.2610469908299575,0.18783391317712608,0.146347918360305,0.20562501436205582,0.0291565539282459,0.07425584616802758,0.16526282588065133,0.6527151356141485,0.22607197729295914,0.036912097170635205,0.09323400093233802,0.2152665363858599,0.18265550432088717,0.23548287651832567,0.08998597729963187,0.16010357036647693,0.03666283908171142,0.1471622117886371,0.06580452150960231,0.07588392280601619,0.19216119930399678,1.3322676295501878e-15,0.24575262289243938,0.21753417099628114,0.19464806966747242,0.08401031478059406,0.3574124256907416,0.2823170625775117,0.27562233461522284,0.20946061403338007,0.32972246048818,0.07031139676887577,0.10986645345311513,0.2503973553313462,0.15018714630430552,0.23732442577740526,0.2861007042480188,0.2430866200317679,0.21160644066397422,0.33762621080778993,0.21373123406271183,0.3359493476238006,0.1911982212310442,0.23626465849298012,0.19064409356097115,0.21163319929616875,0.11553571001379248,0.13793886638941258,0.2112057391042793,0.1801771156532635,0.38476003917174345,0.3947182102181637
pull,pull,0.0003627711052511806,0.11043144114220788,0.01626343849241868,0.09436263438619563,0.12647115615766746,0.11113475842251763,0.16026510772555524,0.027335205805617657,0.01895237472566587,0.1230231813882171,0.23938016423287392,0.05941165678180646,0.22928760669971449,0.19518390631454874,0.20478657264557654,0.0884682155731071,0.14156986579918346,0.3122030671996564,0.22240793609144932,0.046846635663295805,0.02714686004437067,0.0737153418265381,0.25543229354640035,0.006645238568050604,0.21678845651896794,0.30060053714072477,0.3051301044898128,0.08030672938364469,0.2442158296606987,0.23797200626476206,0.1200911425248885,0.10837288173597681,0.26440481483718625,0.14690724723390897,0.07329878212199847,0.1919066420965687,0.14046892846190784,0.19006123103473604,0.3254067115548121,0.24575262289243938,6.661338147750939e-16,0.08670036511368473,0.18071916511534503,0.23150549226838518,0.1592990254556126,0.12379252447810274,0.1493926982365188,0.13330476001509778,0.2571260653969889,0.24405109353948623,0.18886993694406767,0.26987280418373927,0.3694127273209692,0.22582716866691274,0.22420429884436904,0.22397602341964212,0.18111619831387737,0.2547957416757892,0.20409977530858125,0.26388527059174643,0.2288621269828658,0.2522631544262277,0.04399351473889834,0.10721146557602523,0.2251505356518154,0.03495089317648714,0.01925791597958329,0.15014781072815103,0.255621463124621,0.3437034574381656
hit,hit,0.07344510208172692,0.035635165814837444,0.2313155672329406,0.11964425814616225,0.1190004376485852,0.2840644540293959,0.025722579382430666,0.12783298119545516,0.07868411701122241,0.0470927957959395,0.09693367787129026,0.10321686674198136,0.28901480742876884,0.3230868129819452,0.15668465564762926,0.08984755003758949,0.2034578164662837,0.48716030255318976,0.3574956740866734,0.2873933645855918,0.17348060322075765,0.18834308712493947,0.23195640190017575,0.2797659007645197,0.22542507096065834,0.451362674180293,0.3230209049455539,0.016691261722375922,0.21230235295534644,0.09085772050824381,0.05005741455100182,0.23163859190268482,0.27866312494237866,0.17806495163064745,0.2027334767656932,0.18604022375709628,0.1682228167915616,0.0693342557490032,0.22740029386262273,0.21753417099628114,0.08670036511368473,4.440892098500626e-16,0.10824085226013169,0.10931254627762849,0.2498252203004875,0.25643810623534885,0.042508181390501554,0.1803712808668232,0.2590963283416992,0.06099529988673691,0.12566769507356185,0.18562953529956605,0.1927976680787229,0.2760327260517824,0.18135745401487158,0.21712484933451348,0.21494660561635548,0.263684556327016,0.11208976436179954,0.27643485011255614,0.03810920560111797,0.1241895572535393,0.012426608744990922,0.13630912932249006,0.18392537004908577,0.04097409292854187,0.09896804775623014,0.15112818352688756,0.2704473876709095,0.3096033558510648
play with,play with,0.027100639836610818,0.14419417165457582,0.05995584461473197,0.030001518586057596,0.04044979806972859,0.11467061704204556,0.04688980086413952,0.14600353117335396,0.10679351564672954,0.05942988108320299,0.16818168558434787,0.0369725952745972,0.2013946770488757,0.2156103209538981,0.07515710259633313,0.01422701781946295,0.2035600235759477,0.1726855077416985,0.20094808972133815,0.010783171541488445,0.05797170878998287,0.27257506531860387,0.2964860989927718,0.21596851791074748,0.13932877265718616,0.47413980755998875,0.20823453268542802,0.008518176806553646,0.26859418215976827,0.13236258441216925,0.17688442518691844,0.15029226581010596,0.14527275837440926,0.08537751988854514,0.1335797351662315,0.019504213174409812,0.19100800165304826,0.14762476887976372,0.3420039507970379,0.19464806966747242,0.18071916511534503,0.10824085226013169,3.3306690738754696e-16,0.19668593930847847,0.27766834984345473,0.22750885078709107,0.030617254380379544,0.22202688907133067,0.2596388011329963,0.16347422618760699,0.09161021859886553,0.13476786646600186,0.27901790049322234,0.13789319256336868,0.1235007759400058,0.2504309608932972,0.23581388769370412,0.23808209876452102,0.16170236191380105,0.17863250545747505,0.1520027017731977,0.21173478321750294,0.31489024605311156,0.12261233926859155,0.23089977361316505,0.01900700500899652,0.22568337227333,0.04204727779980594,0.2543205762701772,0.2638549955380512
above,above,0.05533339796267023,0.08418913432085362,0.031949383449547786,0.029127363561143482,0.1818066311199465,0.21935027620740333,0.1173284562460607,0.12618835983335605,0.13141862436444157,0.07581970577335989,0.06997480053775873,0.03611421592343572,0.38952752358671794,0.3644511407617769,0.38794565176219675,0.1395152465389285,0.278006745512962,0.5347624925655217,0.3658775994874416,0.28690222771451424,0.3461909422101947,0.31369078594489164,0.12887766854576543,0.18724946345037904,0.25715393054935415,0.3541182649185504,0.34482376855125824,0.15625859285275082,0.31703362144189023,0.010222080628031815,0.19607693653479819,0.3277339581368409,0.3059163383442476,0.427473203627676,0.23429825924271172,0.2232932454806333,0.18598969491126321,0.1298190147654703,0.20989164078961792,0.08401031478059406,0.23150549226838518,0.10931254627762849,0.19668593930847847,9.992007221626409e-16,0.1771729260221386,0.26017431434813787,0.21698240320206003,0.17885453683229569,0.13066989068873175,0.06930450227349505,0.04928756246368418,0.33562765348396234,0.21884653746093335,0.30156737181540233,0.26910111033011286,0.36069467237655317,0.2645358074459785,0.32228918625124986,0.2033307704197114,0.3651123480605837,0.1902682193281548,0.17326038424478463,0.07376137911841354,0.22865137913982356,0.3048300964579349,0.15817827978696197,0.28308818254890844,0.2232956551941774,0.20205733658498573,0.33792660464306506
with,with,0.02391388611815523,0.014596116510518065,0.1694878654778317,0.11562128888293449,0.037916807104037664,0.11514878897059799,0.014051039921909092,0.014422534397133813,0.03949065766559989,0.01934327615241782,0.4755482928070118,0.022920399645869644,0.32518664401677777,0.3212689586157926,0.19427733029945815,0.108608963033626,0.02440884058973375,0.3476380713081933,0.32384330687774027,0.03572331939638829,0.18449141273231415,0.19943434978525915,0.004218248733524332,0.01247640120008825,0.09966801330337421,0.3959681656411302,0.3885391094577777,0.016967267859594126,0.15255507744607352,0.34772685474044535,0.18555812451536197,0.2468021921698691,0.13889985448514686,0.24796329166075246,0.09397925473224905,0.18999248579414296,0.171438516281604,0.15055881802256915,0.15718130651280898,0.3574124256907416,0.1592990254556126,0.2498252203004875,0.27766834984345473,0.1771729260221386,4.440892098500626e-16,0.12372703110309136,0.2002046412646097,0.257768516063518,0.1757220401682678,0.1351035807424753,0.06573665295864645,0.13503337006884897,0.11928068323460361,0.17817425808649487,0.22604245013302662,0.2711801581816593,0.22380537740564177,0.2899784209273083,0.25084864288792896,0.30922098022039335,0.1282218505286301,0.10343663499555161,0.1020870553550923,0.1641228940663171,0.20224984273876462,0.18869845902542945,0.15851513336178738,0.16921212508184713,0.3955918721195566,0.37384743231555634
carry,carry,0.03944801268719955,0.13821207258738188,0.08518428998725602,0.01089098939687641,0.0778320090454267,0.13389606010490082,0.15402207123275985,0.025302778930115954,0.01819428657465222,0.06915287791136138,0.24192870668335864,0.016717986513267447,0.23090284024963925,0.22063585659277613,0.27859320897231166,0.022155667074721025,0.021141578788737236,0.42682932157069586,0.26634661273302,0.03367709210787456,0.18497477457866213,0.13480947689132855,0.30567223871625215,0.006825243464195496,0.2857176178233448,0.39171640727915497,0.2876173664798831,0.08187724327604162,0.27487689355198847,0.1869031865784476,0.11439958053702548,0.09643680383764902,0.29506272621205476,0.2340058432933633,0.09772634299643734,0.15287994734055277,0.28976369814689895,0.26064919303287776,0.3729664058074561,0.2823170625775117,0.12379252447810274,0.25643810623534885,0.22750885078709107,0.26017431434813787,0.12372703110309136,4.440892098500626e-16,0.11286980995629764,0.15493430997703334,0.1988337552612368,0.3536873773047971,0.11532380268930437,0.17281474333274288,0.42394548167986007,0.26210829217048226,0.17566431898268225,0.23217794830989502,0.16697587388951785,0.23951517291520294,0.14425877479830185,0.18774617479412403,0.32884153842221775,0.16801927827233448,0.0052155600053935824,0.10352020261148798,0.3050908302950026,0.07491674505154969,0.1514377027838653,0.21575277869841983,0.23112564823971482,0.29908412959494735
drive,drive,0.09342614963357274,0.04026843574019995,0.07209721377279268,0.026012617083462197,0.31834504857975315,0.19662161916167148,0.05729259024445607,0.14105946710145917,0.1316570616612242,0.06819936609195942,0.2046300485393745,0.11696544955389956,0.2781725712611235,0.24130034871613093,0.044502089832216665,0.06888223303134697,0.19552346622984215,0.4734078694876793,0.3180238007654494,0.18747252109173207,0.14072914169835357,0.11388740078582951,0.1768402236520321,0.29467896538476684,0.25911096308411685,0.37442845042064143,0.3506443914159124,0.0016436177220702508,0.3145151161681211,0.11757434573729211,0.05213434544301687,0.10381861372889983,0.225626252838714,0.2818638121820677,0.1202761353711791,0.20476063880572964,0.2179896053697693,0.19597615052798215,0.2594340180750197,0.27562233461522284,0.1493926982365188,0.042508181390501554,0.030617254380379544,0.21698240320206003,0.2002046412646097,0.11286980995629764,2.220446049250313e-16,0.04667579936546301,0.28771935545739197,0.2090764097979136,0.11719172385214952,0.147564624973916,0.23124176820957992,0.2320226515162928,0.06994541961722356,0.28209113323857504,0.18172465779215122,0.2206732405930326,0.10004523751925082,0.22732441646879098,0.08376660912667569,0.16893659648004192,0.01799053210006997,0.14373469588944912,0.40711157527634845,0.019214328583882483,0.1312941445892411,0.18620388690875483,0.12832259341241037,0.3030862446726333
eat,eat,0.022934700600546865,0.0868176697747026,0.16946543183379634,0.18890651697829217,0.004660459657035654,0.22730212069419634,0.11863562540878902,0.05470579785356883,0.06042701981438367,0.017601375064536587,0.22646781427500562,0.12282763140436948,0.17705243623486494,0.11808253293675125,0.2569866999945323,0.07416408215576592,0.044616904114485684,0.45893240066652086,0.2514511360218132,0.0005755138725255238,0.019428816451574238,0.22349729181733216,0.1546591464039956,0.03423053548616012,0.11491828036317636,0.4193809591487585,0.13499256521367942,0.0066247409896770665,0.17076169667291508,0.24580157964079916,0.10861906179262865,0.011184247719950524,0.24217748338287987,0.1806873658913876,0.19580631958306205,0.026509911311349388,0.18153151114158045,0.18286101905652152,0.29800106505847895,0.20946061403338007,0.13330476001509778,0.1803712808668232,0.22202688907133067,0.17885453683229569,0.257768516063518,0.15493430997703334,0.04667579936546301,0.0,0.2276190110311366,0.16611092338725347,0.2037267639579032,0.21279694047737402,0.25511532642267504,0.24367585630143634,0.25918845577448213,0.19634320910559563,0.21632820714969542,0.25871950433940094,0.0967694912550763,0.12067221483496438,0.1926454717575481,0.2569522461192214,0.2545866771530271,0.003776573581916909,0.1502611930500768,0.008928804417756508,0.2409531209298046,0.14641191374349938,0.2949485979921106,0.33329514699643487
under,under,0.02229273636266882,0.04710146654085362,0.12133815141163895,0.07116248882857873,0.09356776180674517,0.39436493893615104,0.05742794026789827,0.2568869693306019,0.11256950924668435,0.055228819589347555,0.15002344409997515,0.12260295851314085,0.3692822000050031,0.40716532557007534,0.7081275283087807,0.03604392784781474,0.29446063804274725,0.5104319466051797,0.38062287650197957,0.25176906350080724,0.8473691523413922,0.45982730106633385,0.19036284464809944,0.12209583828071482,0.1143524460510183,0.5573167124250524,0.3809275796265042,0.04349559602729608,0.19574822531609182,0.17687123524039805,0.16782445382748704,0.3329650183641546,0.18380763110045073,0.24349595186181927,0.17788233481952287,0.27429605531530965,0.0791202088459293,0.2741950640417895,0.3063716650048645,0.32972246048818,0.2571260653969889,0.2590963283416992,0.2596388011329963,0.13066989068873175,0.1757220401682678,0.1988337552612368,0.28771935545739197,0.2276190110311366,4.440892098500626e-16,0.15185719064372022,0.27905520358072095,0.17520422538678881,0.27814213849004404,0.34490618278769997,0.2661073675741502,0.34179784468629026,0.24671848807104552,0.3001839819135395,0.3073818923909061,0.29680921612168243,0.3227228196824065,0.24998900575858005,0.04294293850894204,0.1460687787296474,0.180412785015256,0.02898674838195106,0.1172166290038924,0.18212733215883314,0.3176903894819826,0.324060509699611
below,below,0.005014326706696992,0.025179722405029498,0.010770464347511721,0.016588279354280033,0.17852663975468358,0.25389473030971166,0.021852530902737533,0.13794802529025313,0.18948882101906356,0.021585333159485798,0.06551106043744759,0.037466636512507895,0.3679769640556776,0.3253661196385224,0.3508025558537527,0.11522206032372811,0.28023402030175737,0.5301955220617691,0.3736098035927601,0.3246030648901952,0.33934453867687303,0.3275935627337765,0.14760993191440525,0.17782828308225607,0.2663611712811921,0.4086604138866231,0.3780320425404194,0.11593803450474235,0.30096237478018545,0.027500937364076217,0.1077877751407896,0.2629684353409068,0.28089356542706,0.34312213430836314,0.27761727488871557,0.2025458714484654,0.1428813408030597,0.1260055227253828,0.226970356303908,0.07031139676887577,0.24405109353948623,0.06099529988673691,0.16347422618760699,0.06930450227349505,0.1351035807424753,0.3536873773047971,0.2090764097979136,0.16611092338725347,0.15185719064372022,6.661338147750939e-16,0.07847833023913675,0.3393246324241843,0.2516120685038321,0.2522025948774182,0.3001765968317322,0.32629291645949376,0.2522635829596035,0.30630786723555203,0.17544581629053405,0.3293981414106114,0.20968885291083836,0.11699022536293172,0.04191983299117366,0.2088091731914648,0.23320838656228193,0.19537067188936486,0.26870736908490134,0.20690064119770835,0.20505596529098993,0.3337845182617011
against,against,0.05525898545439287,0.07136154087775143,0.23519026666112514,0.1545094621739152,0.0668238595079585,0.33793270724457924,0.026214452386037868,0.24884472361930926,0.0700631405180874,0.16650470597993228,0.13408258978713117,0.08567482433233599,0.24363320948674524,0.2916615674698291,0.2012796367220481,0.05921802095378123,0.1747889371908329,0.3710400925167981,0.22411946217935957,0.23356773643247117,0.41012419424762037,0.4460031034222995,0.10161983969839777,0.09577200651817783,0.12728353344146237,0.5799465017339931,0.2688272894804703,0.22321650944862234,0.05953036422540792,0.03325486299799918,0.1540513570868939,0.2486599266683503,0.1343404134691971,0.036033896818031624,0.16234961351350224,0.1174646354403604,0.07841392006508371,0.17129035471096105,0.2611893680245614,0.10986645345311513,0.18886993694406767,0.12566769507356185,0.09161021859886553,0.04928756246368418,0.06573665295864645,0.11532380268930437,0.11719172385214952,0.2037267639579032,0.27905520358072095,0.07847833023913675,2.220446049250313e-16,0.08191786653157856,0.21577942379003412,0.20246022979755018,0.2028219163664723,0.17815886095217548,0.18313450416152655,0.24471237756069505,0.19193201697399764,0.32100436827430906,0.11649473932282672,0.19372575914684867,0.08053007975283963,0.10561110890639197,0.17160178814320898,0.14813294918330966,0.019947264936447134,0.21225015404976919,0.1481299495327389,0.19428240141027814
face,face,0.06445406295943484,0.09703817584540103,0.021371042116011707,0.02997420219296354,0.0482228402549042,0.17278344661262754,0.15374930475833454,0.14129826346614033,0.06043133464022282,0.15903872978588063,0.2564350815064757,0.046157627175310745,0.24448957400166887,0.27066903681348786,0.3538979087259546,0.15565173539075275,0.03557149415412017,0.4862205126035525,0.2511617451141457,0.2122793869112719,0.30894161162697353,0.1993257376440682,0.25918530059199196,0.1134415280534638,0.3124811012078583,0.395721274073042,0.3112184502307698,0.023526912357692054,0.23910483956754525,0.1263952668278995,0.017785396508097795,0.2118751415557567,0.3862625374143484,0.18443069097382075,0.19534482824739413,0.32462758238251455,0.26922948886869685,0.2507590811238359,0.25309774683394526,0.2503973553313462,0.26987280418373927,0.18562953529956605,0.13476786646600186,0.33562765348396234,0.13503337006884897,0.17281474333274288,0.147564624973916,0.21279694047737402,0.17520422538678881,0.3393246324241843,0.08191786653157856,6.661338147750939e-16,0.27511457898259434,0.20778446164222708,0.20876424772160723,0.3356867730278624,0.29449009996336273,0.3791520209535631,0.21684461674005473,0.3025310556663509,0.22165705171132682,0.288810036509051,0.1453156705356854,0.2255270905170797,0.30343429915567516,0.08044567243979811,0.22082686480950853,0.11709754958678895,0.28220408322964097,0.42297063748310404
across,across,0.01677362547086053,0.060411675387919195,0.10659391052712319,0.14971240552852896,0.07457200461762437,0.20362352475378656,0.11923064596022173,0.10839436599736477,0.009295250679622669,0.04213713558954374,0.07723609598116982,0.12268619431938566,0.3782879223184771,0.38973632195355795,0.14419501044518135,0.02721512613222271,0.18576374451449226,0.5901074242808649,0.378532511560289,0.2751043764416642,0.19369327536593284,0.24890138376351081,0.2098006235412807,0.18525917138744113,0.25863525359216644,0.4802444205311051,0.34451470737806633,0.08740063085852856,0.14768822005760124,0.047473484265727284,0.11374364481567194,0.37877381404027377,0.26937026157919036,0.22400744141174286,0.34010548721930484,0.24995566920750495,0.09467685725102126,0.24204514956285783,0.2148168618873923,0.15018714630430552,0.3694127273209692,0.1927976680787229,0.27901790049322234,0.21884653746093335,0.11928068323460361,0.42394548167986007,0.23124176820957992,0.25511532642267504,0.27814213849004404,0.2516120685038321,0.21577942379003412,0.27511457898259434,1.3322676295501878e-15,0.29737566811075816,0.3313090104945307,0.36948082502758794,0.20684476654483383,0.3526366506361572,0.37178616438861756,0.3208068024044713,0.2287492130123953,0.22959555284031422,0.18870091660425836,0.3606849683422299,0.20937799706677523,0.1568443959405842,0.18933658247623275,0.21629900174816657,0.13243611983312278,0.30945435151966927
talk,talk,0.15615961206013818,0.023536328258452588,0.18340891324874398,0.21206401054739993,0.048758433530627726,0.32132226502785444,0.035393750229328336,0.1633268799408191,0.026971045371584013,0.034971728305090266,0.22483242634700873,0.1401116452146064,0.2071967140735892,0.27164032346852274,0.21443838276578586,0.060868484181658716,0.09042554517369661,0.4695949984561188,0.335786876212092,0.17211321306563146,0.09583711063697334,0.22930454407076165,0.07429028208727195,0.15956719150935436,0.20939928306367206,0.3796775435361132,0.31105742882504667,0.031055376747950697,0.2084320880645471,0.22637373358228724,0.023706249323839412,0.17118872123332074,0.36007919723313037,0.19448362615828757,0.20974513837416425,0.18017856728663678,0.23628359677231167,0.17978117583735964,0.33676914252278567,0.23732442577740526,0.22582716866691274,0.2760327260517824,0.13789319256336868,0.30156737181540233,0.17817425808649487,0.26210829217048226,0.2320226515162928,0.24367585630143634,0.34490618278769997,0.2522025948774182,0.20246022979755018,0.20778446164222708,0.29737566811075816,2.220446049250313e-16,0.2178545788385316,0.29752658507071594,0.26698499085416383,0.3153811750628067,0.19890265530873658,0.24196922337231458,0.2874945012724963,0.17636629825891964,0.09512252918079034,0.0628344494637171,0.19489215276135727,0.06359348484470274,0.2576068230962632,0.13358921786414757,0.2375104746119736,0.3240740714706706
fly,fly,0.011110007074146833,0.05864581190117105,0.1782028390507882,0.1439671167395683,0.08272508654467384,0.15011461840247456,0.08743896057271158,0.012866566792296197,0.09604825784068342,0.011401832315610927,0.22771133140923525,0.038799925155659054,0.20791580199035875,0.22733682491927698,0.13342953753407805,0.05685242769570753,0.0004504209127914327,0.37949295936277494,0.2605234038912823,0.03672972136213354,0.04806269997593138,0.1381714010900617,0.23152475828412272,0.10145832428689713,0.26856097589073824,0.4485436778470192,0.24005813097281348,0.005694609966685471,0.24302926497209354,0.17046158200014594,0.017022984073552794,0.20232671482826742,0.3051144841237732,0.137015879033603,0.19858974073148086,0.17592878116290583,0.24861736280573282,0.19185034506687798,0.35341142175918666,0.2861007042480188,0.22420429884436904,0.18135745401487158,0.1235007759400058,0.26910111033011286,0.22604245013302662,0.17566431898268225,0.06994541961722356,0.25918845577448213,0.2661073675741502,0.3001765968317322,0.2028219163664723,0.20876424772160723,0.3313090104945307,0.2178545788385316,2.220446049250313e-16,0.2719572123388149,0.27263826995902063,0.3472681432878742,0.2367516716558436,0.2544179680994959,0.31968001232736065,0.19378606812255877,0.11611469630929061,0.11611201943151589,0.25385599754155036,0.010448489580006853,0.19727265070936179,0.17344116050313507,0.2091495597957055,0.344465601478693
follow,follow,0.012194824687621453,0.057895893305422885,0.052233102154046446,0.020305247096270768,0.07683644517393501,0.17688813197337,0.08467110240874942,0.06110676316971925,0.03734560750234664,0.004115747546104442,0.26293581709059216,0.04926901806445563,0.2975249363985012,0.23211214607044472,0.039370468048669005,0.02961943802835529,0.01578336233993413,0.3707569926028043,0.2550178342887124,0.08194172674931831,0.07018505373611689,0.1959742213398169,0.32619513972165887,0.03585756071603241,0.2335227141221997,0.4857360888536544,0.3164987027268857,0.002798308016160253,0.3309549550242631,0.15587994082379097,0.01496496542738679,0.18207410776182936,0.33805474780505046,0.06256663543288449,0.15694407023662338,0.19580078812475432,0.32070563593438195,0.26850419801377123,0.3668826201891787,0.2430866200317679,0.22397602341964212,0.21712484933451348,0.2504309608932972,0.36069467237655317,0.2711801581816593,0.23217794830989502,0.28209113323857504,0.19634320910559563,0.34179784468629026,0.32629291645949376,0.17815886095217548,0.3356867730278624,0.36948082502758794,0.29752658507071594,0.2719572123388149,8.881784197001252e-16,0.2624234043722063,0.38597906924745506,0.25160997503801374,0.28807472326811184,0.1877525350666809,0.20680011598327375,0.08788506955202363,0.20444813492271252,0.25067743020956806,0.0387850883291988,0.23631386134753668,0.1762317435782399,0.21871479304853753,0.39503396148106007
cover,cover,0.03320311450917701,0.021938400860639307,0.1025882377767246,0.09543982735016232,0.0760419297276711,0.21179174201709927,0.014023450783834684,0.1660237673310096,0.007405734021989435,0.047093398975338846,0.14704639204694936,0.058512611950589016,0.2708023813626601,0.34000945455749776,0.15304003763734714,0.040914734282391174,0.1374466621996815,0.4188330564192212,0.30616841415380797,0.19262321625618373,0.15116752046054643,0.19841429235306365,0.2107190331119498,0.16977883974216915,0.302413982153183,0.40303621813374235,0.303167723918696,0.059277508840075904,0.2674286605519808,0.1122961483394774,0.07976993201299247,0.3098975461339509,0.3513615098994678,0.19183714936818008,0.1900938645329351,0.22519400382436192,0.18013266762175306,0.26562475241649336,0.29513872282814185,0.21160644066397422,0.18111619831387737,0.21494660561635548,0.23581388769370412,0.2645358074459785,0.22380537740564177,0.16697587388951785,0.18172465779215122,0.21632820714969542,0.24671848807104552,0.2522635829596035,0.18313450416152655,0.29449009996336273,0.20684476654483383,0.26698499085416383,0.27263826995902063,0.2624234043722063,6.661338147750939e-16,0.3721972681833946,0.3105151859280404,0.2754508106909734,0.16892187209222062,0.23285423580787962,0.0272132643550953,0.22933106116756957,0.18652082016137397,0.06511910828962478,0.1040090877744479,0.07645693994996247,0.2208938131637238,0.3663509173875731
look,look,0.020740641785873815,0.09631289936206533,0.06714228921485141,0.01942299853885207,0.03896135190824407,0.1828283919653651,0.1167870316640558,0.04757204172797383,0.008265620271066754,0.0839597740654991,0.2800589254583459,0.01867078855723589,0.26563248213644025,0.35119327388987515,0.2548788028979836,0.12337442635644688,0.1591655301818432,0.40287838258000175,0.309263069165838,0.11664495787301149,0.12197998531103191,0.14584647516969604,0.3230099609225281,0.017537249528330218,0.42344524627023555,0.43579458897000767,0.34434342469301954,0.07270841730638,0.31487363009244557,0.2749218798216626,0.04909015412302878,0.2832112100940526,0.46309905793244066,0.23566957250525222,0.24276717513880824,0.2004593756776124,0.3569462306978219,0.2983642022455657,0.38365281093589715,0.33762621080778993,0.2547957416757892,0.263684556327016,0.23808209876452102,0.32228918625124986,0.2899784209273083,0.23951517291520294,0.2206732405930326,0.25871950433940094,0.3001839819135395,0.30630786723555203,0.24471237756069505,0.3791520209535631,0.3526366506361572,0.3153811750628067,0.3472681432878742,0.38597906924745506,0.3721972681833946,2.220446049250313e-16,0.3131714238094662,0.2648764617150011,0.26444492199702263,0.3240372685648492,0.09304385632196435,0.21013074505749785,0.31924295359491384,0.10588465756913346,0.24330305217566311,0.1523768191742227,0.41011495768009254,0.4432467216710488
ride,ride,0.005935515708504285,0.11917291721287737,0.055045858669096726,0.023293455179909883,0.04638101232343461,0.17384780220362273,0.021984750304169687,0.03504088833104371,0.04836467635932129,0.17878516871949218,0.29765408101155333,0.006540324095687139,0.21679713213531587,0.20477438907057804,0.16810830594933956,0.08422551012659574,0.06050715757103901,0.5561259020529445,0.3239803233746146,0.1635626397613365,0.053521450587235314,0.12250337510815029,0.217513551040528,0.28181664514761356,0.2958232287235095,0.4679321723371995,0.27406156472014814,0.09621525274362612,0.20026120378540035,0.2249870738517137,0.09107722626478121,0.0858186485610537,0.2998391807037308,0.25791262369284107,0.1743337162312238,0.1574951996806782,0.1943433038169941,0.16267939223074662,0.33682671847928614,0.21373123406271183,0.20409977530858125,0.11208976436179954,0.16170236191380105,0.2033307704197114,0.25084864288792896,0.14425877479830185,0.10004523751925082,0.0967694912550763,0.3073818923909061,0.17544581629053405,0.19193201697399764,0.21684461674005473,0.37178616438861756,0.19890265530873658,0.2367516716558436,0.25160997503801374,0.3105151859280404,0.3131714238094662,0.0,0.2366463830631248,0.15695362723835238,0.2529535456612023,0.04230663337365852,0.13233228179511813,0.266720706541322,0.02850711195721567,0.252635383974415,0.13814745853332408,0.26001739345153074,0.3166851888201553
use,use,0.01822774896826429,0.1417607513087994,0.03651416093972562,0.05696866935314951,0.03733598021121681,0.18621215952893178,0.11410535222596624,0.0695530403548156,0.03015872844559639,0.10785733979583279,0.2805278991240312,0.1173272398774397,0.3145678453580801,0.33840638762647574,0.20921411186720096,0.02939476119742293,0.10482791283019156,0.516067801401232,0.37918933775738317,0.11859156386625339,0.16529860525620368,0.314169041708487,0.3155583080549034,0.05935761092707677,0.22206059763544525,0.5338287627640695,0.3214719718830474,0.06524315293726268,0.2506916575156884,0.23242437221734014,0.0998774272668908,0.24981580121581776,0.2650519698106752,0.29943827949207646,0.20027874540731513,0.22906468623126208,0.16290999899837155,0.2841242967835718,0.418356346207293,0.3359493476238006,0.26388527059174643,0.27643485011255614,0.17863250545747505,0.3651123480605837,0.30922098022039335,0.18774617479412403,0.22732441646879098,0.12067221483496438,0.29680921612168243,0.3293981414106114,0.32100436827430906,0.3025310556663509,0.3208068024044713,0.24196922337231458,0.2544179680994959,0.28807472326811184,0.2754508106909734,0.2648764617150011,0.2366463830631248,8.881784197001252e-16,0.23798631346382987,0.2831981614877166,0.07688934630196781,0.10787355149512157,0.23387650838850577,0.05687995416220286,0.19244174496626154,0.24941772345259292,0.24606481058704424,0.4289328014425207
feed,feed,0.0020792156697835573,0.04912572496352932,0.205909657240292,0.20397264843483742,0.08196477673854866,0.11976120584178263,0.0958527146132262,0.014747528630554924,0.04631023768194294,0.04451821468285888,0.24373261585416572,0.10237653842270467,0.22796132498241264,0.21631691958750907,0.02837542293628316,0.02186073116362089,0.09890426151811024,0.3420965464281985,0.2173819788304622,0.11824799124167812,0.04198238361670377,0.20316849536669906,0.11133306165849524,0.040700366185178694,0.13981062216623966,0.28839155742073697,0.15188618242599303,0.08261711988960294,0.10772279272768853,0.16535515084028207,0.09368788699749106,0.16213763637962758,0.2210655893387286,0.19553473772854407,0.10273711267380112,0.09494930188015765,0.17591706684546674,0.17689579054668514,0.20678918857564677,0.1911982212310442,0.2288621269828658,0.03810920560111797,0.1520027017731977,0.1902682193281548,0.1282218505286301,0.32884153842221775,0.08376660912667569,0.1926454717575481,0.3227228196824065,0.20968885291083836,0.11649473932282672,0.22165705171132682,0.2287492130123953,0.2874945012724963,0.31968001232736065,0.1877525350666809,0.16892187209222062,0.26444492199702263,0.15695362723835238,0.23798631346382987,0.0,0.09113934146905,0.19247216858368174,0.2502310889031685,0.0883682096627128,0.05771294238174337,0.12576579007816602,0.032275336085233086,0.1733001413298416,0.2532803760426117
touch,touch,0.041709017386310665,0.10509657790329402,0.03511705722891606,0.03477895942733733,0.053962414148360754,0.16503132297785233,0.07172039113814782,0.06684362118755408,0.053899086688410064,0.08932532879503721,0.25294997401056424,0.03627838669374553,0.3576470845532654,0.38896779437945184,0.1610223859869249,0.1560542504777692,0.072482210606691,0.3208373010824537,0.39649403069679046,0.035684488137885884,0.10764659597140988,0.24656284071032628,0.1444746182648538,0.08090999749364883,0.18756002646016873,0.23420672394579553,0.4118242267680022,0.09567209617033023,0.2753144903393635,0.1716516338271224,0.016961133439510778,0.24572944733243995,0.17993459462888922,0.31328159305244546,0.195183150205343,0.2671579044462324,0.22848864337526395,0.1717481433330338,0.26225541180477513,0.23626465849298012,0.2522631544262277,0.1241895572535393,0.21173478321750294,0.17326038424478463,0.10343663499555161,0.16801927827233448,0.16893659648004192,0.2569522461192214,0.24998900575858005,0.11699022536293172,0.19372575914684867,0.288810036509051,0.22959555284031422,0.17636629825891964,0.19378606812255877,0.20680011598327375,0.23285423580787962,0.3240372685648492,0.2529535456612023,0.2831981614877166,0.09113934146905,1.1102230246251565e-15,0.047608157043739274,0.21890732423586662,0.26936637666133506,0.011750647086534241,0.2029299753998446,0.04432662948479249,0.24399194724981593,0.30136462951889154
attach to,attach to,0.2529975589279502,0.29019195106072115,0.03265289432912463,0.027184078671536105,0.17395317108408026,0.2746704845642765,0.3886058209346182,0.38250106199266826,0.07142371948000076,0.05297243907298482,0.06737685642151375,0.10599253471327774,0.21557779880293473,0.1893121320363341,0.06021887729352468,0.09548416857005224,0.38974916189415987,0.05692776108242956,0.14424829186794724,0.20505703976237444,0.26598821829255775,0.09779399064470544,0.11375874610690964,0.5757539230806648,0.0507135220385056,0.027482662813191474,0.16260456469365667,0.20056673972334343,0.10240513977246007,0.1837167278892112,0.2859613353934723,0.14860516083192488,0.16846265846412095,0.288820583049092,0.04649697241171963,0.029072975236128062,0.07770995050411822,0.10028671885458684,0.14867510435058276,0.19064409356097115,0.04399351473889834,0.012426608744990922,0.31489024605311156,0.07376137911841354,0.1020870553550923,0.0052155600053935824,0.01799053210006997,0.2545866771530271,0.04294293850894204,0.04191983299117366,0.08053007975283963,0.1453156705356854,0.18870091660425836,0.09512252918079034,0.11611469630929061,0.08788506955202363,0.0272132643550953,0.09304385632196435,0.04230663337365852,0.07688934630196781,0.19247216858368174,0.047608157043739274,9.992007221626409e-16,0.0180667534403956,0.21584652168033552,0.09298959260857005,0.09568859043773115,0.01008848091420482,0.22235915521486688,0.23250142693835874
wear,wear,0.10692143924043213,0.1665160453200487,0.06570465494186968,0.05946743723929403,0.06991962346784578,0.03204619839774095,0.14010711185811003,0.1196812957491872,0.036344400455334075,0.12790813371811646,0.23005841686249157,0.04021552689672647,0.17330497383825222,0.10185886887806386,0.2613399790818894,0.15102179567394264,0.07653303138868947,0.3463265182394991,0.19768616473529432,0.059530145473462415,0.05530440982635407,0.13307373134737052,0.23845698376309435,0.0021877459841753155,0.18898594672598945,0.3175970463647189,0.13329417295683607,0.04704873465020221,0.21701908809844683,0.19783129574397693,0.05896790484865466,0.010368639722457607,0.19523113832511468,0.20945479385039964,0.15565611723086586,0.13028402387522192,0.14295513537557256,0.2132103478922198,0.3260338719395746,0.21163319929616875,0.10721146557602523,0.13630912932249006,0.12261233926859155,0.22865137913982356,0.1641228940663171,0.10352020261148798,0.14373469588944912,0.003776573581916909,0.1460687787296474,0.2088091731914648,0.10561110890639197,0.2255270905170797,0.3606849683422299,0.0628344494637171,0.11611201943151589,0.20444813492271252,0.22933106116756957,0.21013074505749785,0.13233228179511813,0.10787355149512157,0.2502310889031685,0.21890732423586662,0.0180667534403956,4.440892098500626e-16,0.17280659598826967,0.09888096626499732,0.2120838633979902,0.12039945518838528,0.22271361486456212,0.23429574326297486
adjacent to,adjacent to,0.1372553700020796,0.34462581649319446,0.14260568350207603,0.14014038360142955,0.11160888756739762,0.16275179590809377,0.11407632059116402,0.0025546347004463815,0.1452567343719009,0.39809507172584346,0.20911116631615503,0.0036917585499492978,0.28675832450247635,0.3166795012931184,0.17306614556832298,0.22423151018954107,0.093339049146025,0.6067699733398764,0.41975959037195465,0.09982200908434935,0.08329516255592925,0.3078756776328435,0.23847139165202513,0.11990964946820527,0.2615625743151457,0.5003247177061233,0.27160277732514104,0.2002092758448496,0.2853235813576737,0.07966294893927572,0.16251625417573015,0.2701095934968588,0.13292474510884617,0.7609971131003013,0.1837422154367089,0.15529918654447808,0.20193429550702224,0.10420174177887309,0.24165314844855276,0.11553571001379248,0.2251505356518154,0.18392537004908577,0.23089977361316505,0.3048300964579349,0.20224984273876462,0.3050908302950026,0.40711157527634845,0.1502611930500768,0.180412785015256,0.23320838656228193,0.17160178814320898,0.30343429915567516,0.20937799706677523,0.19489215276135727,0.25385599754155036,0.25067743020956806,0.18652082016137397,0.31924295359491384,0.266720706541322,0.23387650838850577,0.0883682096627128,0.26936637666133506,0.21584652168033552,0.17280659598826967,4.440892098500626e-16,0.08642239900744725,0.23747859136753324,0.24049270489475763,0.16370410611470376,0.2928910982202441
taller than,taller than,0.21760508594003686,0.20138559270020961,0.13611524171820683,0.1419185407000201,0.02751283976413936,0.05975903996824572,0.2675775424566959,0.08948874212970959,0.04197276861765899,0.27762692358007046,0.12890693499003192,0.13039862570574814,0.05424169238029661,0.05712422266145162,0.2597885464498588,0.20397089989344144,0.0071993075366509895,0.3271436313817477,0.07046184862080315,0.011891696290651066,0.07753465184475597,0.19213692903994942,0.05899549196087625,0.09876576596634234,0.024112473847060084,0.2875312706763224,0.03300683350091804,0.09310861860429981,0.08113972471332787,0.20126430999940398,0.18920341869893054,0.07767100635127427,0.040084731183495204,0.22336076551454034,0.09408951567458873,0.024722631384472962,0.1343823779394612,0.07040326112736722,0.18406051378710428,0.13793886638941258,0.03495089317648714,0.04097409292854187,0.01900700500899652,0.15817827978696197,0.18869845902542945,0.07491674505154969,0.019214328583882483,0.008928804417756508,0.02898674838195106,0.19537067188936486,0.14813294918330966,0.08044567243979811,0.1568443959405842,0.06359348484470274,0.010448489580006853,0.0387850883291988,0.06511910828962478,0.10588465756913346,0.02850711195721567,0.05687995416220286,0.05771294238174337,0.011750647086534241,0.09298959260857005,0.09888096626499732,0.08642239900744725,2.220446049250313e-16,0.12362651373173116,0.04367566961986434,0.2268420717193259,0.29146784784161295
contain,contain,0.10732608980015773,0.17194075839879944,0.12347091280677264,0.11776423068525085,0.06988957655227658,0.08851945060932588,0.20892975858323443,0.003131033742119871,0.06962372573429447,0.0008453320158226252,0.1277664415419819,0.018407451724478885,0.27845541754865927,0.2776792812904172,0.14859025433861098,0.058673122261741845,0.06524616492043697,0.28654592492012076,0.29499617903260533,0.042587966931131635,0.05708173163190833,0.172380062702141,0.18486254953363884,0.05112520467271328,0.2084357750863972,0.20283640761631463,0.2837611655937944,0.05916855706903597,0.19309150318641136,0.12231715371955351,0.17408576600840817,0.2146699408261921,0.23137590820111864,0.2835008081524739,0.12068265224027275,0.13105183254729186,0.17470842369191497,0.1922440176806976,0.23026066569723028,0.2112057391042793,0.01925791597958329,0.09896804775623014,0.22568337227333,0.28308818254890844,0.15851513336178738,0.1514377027838653,0.1312941445892411,0.2409531209298046,0.1172166290038924,0.26870736908490134,0.019947264936447134,0.22082686480950853,0.18933658247623275,0.2576068230962632,0.19727265070936179,0.23631386134753668,0.1040090877744479,0.24330305217566311,0.252635383974415,0.19244174496626154,0.12576579007816602,0.2029299753998446,0.09568859043773115,0.2120838633979902,0.23747859136753324,0.12362651373173116,4.440892098500626e-16,0.06986984460836268,0.18817800040047356,0.3048130434966372
kick,kick,0.031045787361791477,0.067523774694501,0.06393308565447804,0.05522578561122066,0.21831586217574783,0.06982446637776651,0.11408707122708905,0.023173130504896666,0.026165502246914815,0.07381294105765715,0.24938944284566544,0.03245797265007275,0.2313027169625503,0.23375868128446897,0.11814540900474958,0.05185623983251257,0.08523643213962273,0.25997554282113666,0.17999072758042164,0.13015262448936699,0.1701315201731286,0.04911966782360701,0.13647441772808472,0.1814184635213239,0.23929174053180716,0.36776387775926883,0.2237468847722053,0.04689935132230674,0.20492294552352205,0.2115948880243761,0.16463549431274693,0.2028918610559144,0.17141616222596429,0.0810237097864446,0.011923729508795278,0.12499041844249252,0.18683997431146576,0.17945884497958275,0.2829806217943361,0.1801771156532635,0.15014781072815103,0.15112818352688756,0.04204727779980594,0.2232956551941774,0.16921212508184713,0.21575277869841983,0.18620388690875483,0.14641191374349938,0.18212733215883314,0.20690064119770835,0.21225015404976919,0.11709754958678895,0.21629900174816657,0.13358921786414757,0.17344116050313507,0.1762317435782399,0.07645693994996247,0.1523768191742227,0.13814745853332408,0.24941772345259292,0.032275336085233086,0.04432662948479249,0.01008848091420482,0.12039945518838528,0.24049270489475763,0.04367566961986434,0.06986984460836268,6.661338147750939e-16,0.23057696137420813,0.2517716045553423
by,by,0.04740002809387342,0.005864182003639806,0.0036517426002878883,0.044797142808038815,0.06306971143871071,0.018829829158195675,0.0007119980794642877,0.04952405687120154,0.036781172337557816,0.037417789483239816,0.46122671913947993,0.015745898400480907,0.37598725669244054,0.3320332742866897,0.08180554769658675,0.16134385242416802,0.05212827608978467,0.2903713393219366,0.32822733593267284,0.03945529761466665,0.17874147672840673,0.09854859920669189,0.12688141592082186,0.06320736566620548,0.20608862327419308,0.43734873142671393,0.37890910919739174,0.06816672143359298,0.2533514279466523,0.41322745783644366,0.15519306424035528,0.25429325215167803,0.19649100700280034,0.2477308266610037,0.2835197608495615,0.3300437320761348,0.20636001603127635,0.18609069638557754,0.249626881232081,0.38476003917174345,0.255621463124621,0.2704473876709095,0.2543205762701772,0.20205733658498573,0.3955918721195566,0.23112564823971482,0.12832259341241037,0.2949485979921106,0.3176903894819826,0.20505596529098993,0.1481299495327389,0.28220408322964097,0.13243611983312278,0.2375104746119736,0.2091495597957055,0.21871479304853753,0.2208938131637238,0.41011495768009254,0.26001739345153074,0.24606481058704424,0.1733001413298416,0.24399194724981593,0.22235915521486688,0.22271361486456212,0.16370410611470376,0.2268420717193259,0.18817800040047356,0.23057696137420813,1.1102230246251565e-15,0.2952107639047058
has,has,0.14087724015661698,0.18243312182285357,0.039096298806900326,0.03047324564581816,0.012209436995246375,0.2511555123920116,0.08351262051002178,0.06848511184413882,0.1174902101591653,0.17903424035332718,0.45569954203003815,0.017729245008143442,0.40604865665565226,0.4340905222506633,0.2135829729759575,0.224423647548908,0.1183854152603219,0.49751273710959704,0.42297361873739125,0.10379311923363663,0.295912056648415,0.2559030644398934,0.24904140587609563,0.26725349315518815,0.24310502317228366,0.5938655481762158,0.4393815939594318,0.1317303333807998,0.28927325540538584,0.2601531931603171,0.24392813863997626,0.37019081436767254,0.3307051030117662,0.257274046853072,0.2798725201949857,0.3237224469214112,0.2612610957305448,0.3310098296521824,0.3270062068190748,0.3947182102181637,0.3437034574381656,0.3096033558510648,0.2638549955380512,0.33792660464306506,0.37384743231555634,0.29908412959494735,0.3030862446726333,0.33329514699643487,0.324060509699611,0.3337845182617011,0.19428240141027814,0.42297063748310404,0.30945435151966927,0.3240740714706706,0.344465601478693,0.39503396148106007,0.3663509173875731,0.4432467216710488,0.3166851888201553,0.4289328014425207,0.2532803760426117,0.30136462951889154,0.23250142693835874,0.23429574326297486,0.2928910982202441,0.29146784784161295,0.3048130434966372,0.2517716045553423,0.2952107639047058,0.0
