on the top of,on the top of,0.9999999999999998,0.4904540856154305,0.5103142137118484,0.6990256060159479,0.21885372746626114,0.3566756772353896,0.2988004301846607,0.37185884745878134,0.43664008772372676,0.5327683068216276,0.5549423939063001,0.15894947522462172,-0.03887814289276456,0.4222182611948143,0.5010562582709792,0.24393102066956382,0.29352397960028265,0.2993161911164685,0.15559900553613742,0.26245916032693817,0.1603646351651742,-0.033734023212906125,-0.07031994105111884,0.11409953266874942,0.15827803519323222,0.350854644077303,0.6154207681582948,0.4438032571055237,0.20805121097019147,0.2524358824896626,0.19344346921888658,0.3191567026029432,0.2587551900847917,0.5232608472296478,0.26696588439113234,0.24101286220767976,0.2942959791172156,0.18859014502890584,0.4854410046660071,0.24669512917095926,0.2238165076269691,0.37969331751708024,0.40661431337250065,0.5925558321643261,0.24942126617854243,0.3233409984943523,0.43519306684268527,0.09972399785824283,0.20055376848160356,0.2636685305658431,0.15895660885977914,0.24997111735589,0.1832073257920757,0.15384577203654032,0.27356524189233256,0.34997556850499195,0.11453164083556708,0.21990295351526862,0.154218566384617,0.30863512427397666,0.16285611689223975,0.1777326344952719,0.4616162546112518,0.2619532552105884,0.2905056801913859,0.2747809065023656,0.24538920534567463,0.28904186207223176,0.2162716392362278,0.32091736591417086
on the right of,on the right of,0.4904540856154305,1.0000000000000002,0.8841147574639732,0.48963982634806835,0.16945029215475582,0.304927271233453,0.262503261934558,0.30483107580492175,0.2771254976989255,0.4541624039495237,0.45383912561633133,0.23236057928932358,0.04085920682015455,0.24340706694425085,0.31342949768269557,0.2000686432854933,0.23560812437940357,0.21257598442038644,0.2246139304949057,0.3057157081535567,0.2186683189516776,0.09843343219095127,0.05900960756434953,0.14094049624877186,0.22990708433384938,0.3028042057768139,0.4154282566675298,0.2573970980339681,0.2551352790258331,0.11624985149404567,0.3679451958420453,0.33060232761638286,0.2470472098028933,0.29514112734088255,0.22757066170897183,0.10294216499911818,0.24996307462191425,0.15071432029804196,0.3280464355486307,0.2249867477720687,0.22748116095010884,0.18756930417059603,0.2941115744878279,0.4108036674818999,0.12457822142390196,0.18377689308984385,0.3878705357715315,0.14267877589976158,0.15066523617318187,0.220828544143703,0.10990223231559682,0.20216197161235389,0.03282868899478654,0.18898439395430874,0.18097239232988693,0.21572474233028488,0.011609530273139428,0.17816066092547278,0.04122977303200733,0.22465661926517833,0.1302922264894743,0.05226484913303214,0.28416644547262027,0.19546097256079611,0.21894988864930548,0.20738896764106224,0.16213261478070046,0.262807611004125,0.14540161938096813,0.2975343957575255
on the left of,on the left of,0.5103142137118484,0.8841147574639732,1.0,0.5668309484672704,0.13332920178995236,0.2756324089653235,0.22937385064604263,0.2958603684626788,0.23531331758000118,0.38162670611645355,0.4726169478856679,0.19946733857767307,0.10543013387669323,0.2352140390887385,0.33845718317045037,0.22352408295023254,0.18922517842297937,0.2037506230640138,0.26338848777283264,0.2799283673234535,0.17762961153379941,0.04704251790256002,0.032112102051317475,0.10803894424959158,0.18023266858621434,0.275554364508048,0.4457199022431006,0.16897819377025192,0.2276237388231997,0.06629578766279418,0.29346938709209075,0.2600104514577849,0.24892519900995597,0.33179325085609646,0.15654627507250118,0.08749418616787866,0.24266197394992964,0.12154715863529224,0.3175369136765289,0.1569104599518723,0.22068161597986513,0.1938458159728176,0.27866673875488146,0.43157927407240154,0.09698780882327213,0.23552931407841426,0.352579622303931,0.047209054091775546,0.0954958460705585,0.19483341583143415,0.058977212681434785,0.170645137754466,0.05066284396354251,0.10364963470771688,0.14118862181664188,0.22338686518460937,0.017824374869595122,0.13759843920839257,0.06892352258736834,0.1926511129935733,0.12986030631754486,0.033251070289469116,0.3423584776507048,0.22480532225443084,0.21685670651539649,0.19237282585259263,0.14975956032996263,0.24702109258807087,0.0998586865763561,0.2600291554813202
in the front of,in the front of,0.6990256060159479,0.48963982634806835,0.5668309484672704,1.0000000000000002,0.14167880406006125,0.3046682627742636,0.1834889851907169,0.26652034061591223,0.43112746276682085,0.49643494271939315,0.539619336550221,0.30720628025681823,0.22839889047892736,0.3779731260627128,0.45237490672407443,0.34324850245251115,0.3399852513204841,0.31067387022084103,0.4211577501184544,0.3384239130609449,0.15542864735064355,-0.05435528560189666,0.06861476424093285,0.1419096837964777,0.25179924311479857,0.28992805342184147,0.5538545139017976,0.3169427031077676,0.28782398136860665,0.3075926400876813,0.3455786074716819,0.3769348802636636,0.22571412108513567,0.4301173751730419,0.10764201736738788,0.2048278802481298,0.24639660410499703,0.10798270023016522,0.3512974080196594,0.239617237546691,0.19604012035414886,0.28792806216875677,0.28977303568299695,0.5180082036941703,0.1376536562199742,0.22815611036300876,0.3729102077208184,-0.001961760245156822,0.17283108247223433,0.190902273958153,0.09561406161140368,0.12714488176707087,0.08325697015700714,0.05722986421413222,0.16761914782366835,0.21213055280408216,0.04213525440931951,0.20264039122779204,0.13058992547458517,0.2645201989894271,0.034609142001833904,0.06252217889371585,0.43180367185602553,0.22890329890532868,0.19868516004321163,0.127741960522545,0.08839157866386332,0.25630700732766043,0.09762751552922241,0.2532953949283135
sleep next to,sleep next to,0.21885372746626114,0.16945029215475582,0.13332920178995236,0.14167880406006125,1.0000000000000002,0.7937635445431408,0.8070344823766729,0.7855369615014667,0.2545519714347337,0.28545184617508557,0.2898132131992863,0.11282171405140184,-0.3343525524962877,0.17690404175084662,0.3309541670285501,0.13683975170911847,0.32413705707258966,0.22084042314254834,-0.07540738262378059,-0.047952322489924086,0.5171643568415072,0.01381544121664708,-0.32513286981662914,0.028876138500720752,-0.01397186346199013,0.5008102707762089,0.421249583579536,0.2430101270056716,0.09492358418103865,0.3108094252794369,0.28285916826129076,0.13467075979271242,0.39067417783535274,0.3918361850038994,0.47886554807570025,0.4911717028564074,0.431525975982864,0.32546669045694526,0.43580292809115306,0.46476762016985196,0.3838314293471569,0.39103383067252007,0.4654525685313988,0.4296136106853983,0.5483973787943291,0.4935590964075033,0.5187694699078109,0.39560954101912904,0.45252009537151006,0.5447848767263181,0.3843340187038429,0.527525235414813,0.35912842615181956,0.5536873493353173,0.4916373380836413,0.503207703661244,0.5143062482707547,0.4976210053235701,0.33899746161331085,0.49798001361194255,0.5288142716515097,0.4719177656943895,0.531765744069029,0.45573036066671996,0.4890852863543341,0.4854050591887642,0.4611423899039875,0.4454854507103274,0.47230291632245636,0.44351460994781466
sit next to,sit next to,0.3566756772353896,0.304927271233453,0.2756324089653235,0.3046682627742636,0.7937635445431408,0.9999999999999999,0.8216912934389815,0.8891790476418364,0.4994295702791192,0.49732814129668024,0.35415570858444206,0.2177004103845705,-0.28296022677880345,0.21009021150000037,0.4183152202449671,0.1847412000653151,0.3932194005945501,0.31157737868103763,-0.03198344054663582,0.1086994475911168,0.5537620270370135,0.10387115809529236,-0.2713938084681787,0.05578008368157851,0.054837601001444185,0.5607477553575857,0.5752897413306844,0.3683215502931052,0.17408921919530598,0.33192441968626296,0.3623011757038228,0.26665648079010135,0.395920140897411,0.42326920315453004,0.4868845521295425,0.45284054959171727,0.4187167481030467,0.3982547293902208,0.5222451752050622,0.6043264786838232,0.36524740342776596,0.43950844556203134,0.5248019010606231,0.5714348682944201,0.5603488269193178,0.4779571595703413,0.5478706978778374,0.4174039151510409,0.48252431741974533,0.5999756729777204,0.4081384707944311,0.5436952536255895,0.35499199322144465,0.6085420942639002,0.4745155990056722,0.5208755842458961,0.5105535530210834,0.4851185292184146,0.3305214902533017,0.5509742149720156,0.5262806116667942,0.4786332191590158,0.5804326902631157,0.5007911987178295,0.5737537014675301,0.46735393864811436,0.421389162682232,0.49374196836846945,0.4745543811926779,0.4893997242478135
walk next to,walk next to,0.2988004301846607,0.262503261934558,0.22937385064604263,0.1834889851907169,0.8070344823766729,0.8216912934389815,1.0000000000000002,0.8400455165369061,0.3373738445895538,0.40746211564694346,0.31672927248080585,0.1252007997341007,-0.3708066628836265,0.22793461993859138,0.46761420701012746,0.20404708106451205,0.47787141033965747,0.22187128653282331,-0.06086855167448343,0.024214428787858875,0.5240495172542661,0.059049922412532437,-0.321748035450246,0.03995527968865589,-0.005441866007655394,0.5717859599637012,0.5402030067662048,0.3365122810534359,0.09699380008524953,0.2648403427034989,0.3660873844313086,0.21273596401175626,0.38729237024727886,0.4515629373356197,0.4547075365902178,0.5634680768807511,0.42131744445272373,0.33509221943246337,0.4749223816961575,0.507490443990871,0.39292810164622016,0.4730410736181038,0.4633221901520369,0.5352770892378991,0.5973518274498681,0.5035964321553626,0.5916081923943818,0.40102843832936974,0.48962274945698603,0.5920590839965036,0.462918992632527,0.8465534076664712,0.3566099749706838,0.5896644596637883,0.6091368884213071,0.5217673410271557,0.45666344530775926,0.5639592095053909,0.30819782330547085,0.5248085350628205,0.5442661214816626,0.5466143810468105,0.5636643568678602,0.5780638466921806,0.5182174289810081,0.48735600045422756,0.5081303245009612,0.4740825241521688,0.4762662746044176,0.4853350909329325
stand next to,stand next to,0.37185884745878134,0.30483107580492175,0.2958603684626788,0.26652034061591223,0.7855369615014667,0.8891790476418364,0.8400455165369061,1.0000000000000004,0.4097608617275983,0.5037551280864807,0.3487381501586375,0.09286391671297356,-0.34420597922909246,0.2734033811279668,0.4721213640509491,0.2262658700079824,0.36430324539894265,0.2542840445866696,-0.0505989118878302,0.031256759757148,0.5128613665412465,0.09241784568275319,-0.35956753251478113,-0.012643305943057723,0.013627870716640917,0.5786520908162833,0.603679116183347,0.36423739659213517,0.10823168474169559,0.2347792873115191,0.3366693419274629,0.2017827473191935,0.400829210583194,0.43738436917159207,0.5136754759075192,0.5102474700513001,0.43945644295463615,0.37086018207273397,0.5255780471487426,0.5957346720141155,0.39714479046193574,0.4680604145858678,0.512605593026074,0.5876459186182506,0.6043988550558199,0.5257896586639175,0.608786274748967,0.48868362237807444,0.5256111167534596,0.6421180139910814,0.409753289931611,0.5467181468876806,0.36261200103164404,0.6065286400091725,0.5537724435520948,0.5977785632999986,0.4867114927459017,0.5186759962235921,0.3796512840367973,0.5443580390603704,0.5668239103089505,0.49995027710599027,0.6182567924248096,0.5074510412724069,0.5612712841686252,0.5110821704496163,0.5242520167835011,0.48926241702446427,0.5027683615124255,0.4938650303345772
sit on,sit on,0.43664008772372676,0.2771254976989255,0.23531331758000118,0.43112746276682085,0.2545519714347337,0.4994295702791192,0.3373738445895538,0.4097608617275983,1.0000000000000004,0.668328374477951,0.4501702356663725,0.4848083246070953,-0.03527684668128753,0.3469348931849514,0.3292279621950013,0.17376563269024467,0.3775477408389105,0.49484599996974143,-0.02479062553059879,0.46998481740314263,0.36568028661684837,0.17977784703572508,0.10186770459246929,0.31981435291537774,0.34530078363785244,0.23640709354928613,0.4156459256066699,0.5527263201563486,0.4413606700579309,0.4328994805775287,0.2811343097137693,0.5512037489629003,0.2003426049422761,0.3477466501527213,0.246705602290752,0.21841719207962104,0.22405357138437476,0.3375741614701118,0.31900202100762565,0.443102422124675,0.15892057469838033,0.1494815704245197,0.27086651221493707,0.4300140359662565,0.27920449906692035,0.2212348601783124,0.24778699133477378,0.18736419230390214,0.31538529258493153,0.2871818318284198,0.1428120040536342,0.3048792691890149,0.19121669776250239,0.22163616879373593,0.197167744393328,0.2973463105930035,0.3150520065245103,0.13739155270352038,0.2286534541350012,0.29847485846264654,0.21169730645497753,0.2299592296137693,0.3036377648550798,0.20599347210358132,0.2513570189393153,0.23629872645118527,0.1656219284830182,0.22959607175303848,0.2396927400898717,0.2795390228369092
stand on,stand on,0.5327683068216276,0.4541624039495237,0.38162670611645355,0.49643494271939315,0.28545184617508557,0.49732814129668024,0.40746211564694346,0.5037551280864807,0.668328374477951,0.9999999999999998,0.4811662157956042,0.4573330507302562,-0.10755550666280443,0.3756048207259042,0.4540578701435959,0.3195874833284901,0.4860559354326368,0.5448301689658357,0.020803809523985604,0.37837305076536826,0.4353926658542896,0.18329823887544172,0.07439450745079913,0.2679373995189309,0.43507696335001333,0.33914054329479093,0.5126184418428104,0.652215964115402,0.4543619395563726,0.4144288844354791,0.5159980851950405,0.5957752989704828,0.23379157986888788,0.37973397014732924,0.23574254184608984,0.2768957446563568,0.28357298084144333,0.3406397735180674,0.37308365150542644,0.4669640179843488,0.18685044357973685,0.2911236031580866,0.27034829511033126,0.5158451617174072,0.34471335440883155,0.2928493090155524,0.38664753822224573,0.26032168705202735,0.4174189684084666,0.39665933512566903,0.22964075648426763,0.3664579835301647,0.2587177434904938,0.3270343482617284,0.2427326176878863,0.39607622087714633,0.31921129278898164,0.2610288028639962,0.32550784892532525,0.4029767953448832,0.24940895205177038,0.2630622278792514,0.37954522894645426,0.28767572397166175,0.2875620662998568,0.3028280583102566,0.2865807596769835,0.29675075538099743,0.32355616470608267,0.3441373652042484
lying on,lying on,0.5549423939063001,0.45383912561633133,0.4726169478856679,0.539619336550221,0.2898132131992863,0.35415570858444206,0.31672927248080585,0.3487381501586375,0.4501702356663725,0.4811662157956042,1.0000000000000004,0.20909427570965405,-0.0024340689700180634,0.29676710655110267,0.44889590615830444,0.2317622931050618,0.19325442814050237,0.27824372921778945,0.07341942226359607,0.19152869786563723,0.22095489610790214,-0.13445810394876728,-0.138162866038206,0.1537497158951606,0.08481382610001825,0.3268221554945745,0.5851757568096072,0.39184411588017176,0.16289164628078318,0.3793524750223347,0.23731848183714502,0.31439708516160714,0.2538356084759811,0.549991700524299,0.25483045099219737,0.18071841794971272,0.32887484651274534,0.22745967316888788,0.4276064615024886,0.23198068486695728,0.2689529163617661,0.3683197428407171,0.40764133503036437,0.6068702838298605,0.2771794660997722,0.31436045894129705,0.4656298386562449,0.16321582499668422,0.17179035350296934,0.29459095680752534,0.14591919245777343,0.2593222126365417,0.16080654866700295,0.13903687835484724,0.2586429581166818,0.3791951167240286,0.21760002558261898,0.1767373610833514,0.179733045347939,0.24950206669653166,0.16620830947011492,0.19254913993426692,0.4571800853058672,0.30811195613249276,0.2231073692824267,0.29926703784849806,0.3055728107383721,0.26858182907399464,0.1755078927704642,0.31593817317205053
walk past,walk past,0.15894947522462172,0.23236057928932358,0.19946733857767307,0.30720628025681823,0.11282171405140184,0.2177004103845705,0.1252007997341007,0.09286391671297356,0.4848083246070953,0.4573330507302562,0.20909427570965405,1.0000000000000002,0.18949072945668982,0.2581578748920578,0.0073931974299816985,0.05375532671731869,0.4606656629037673,0.5926167777102958,0.22848191118347067,0.7352636832886577,0.4112151131502827,0.289097558954859,0.5659088241055721,0.5763242437357237,0.7138280068738874,0.06709050255036787,0.07389626262855284,0.45161887376137383,0.807787261542454,0.39323353766498204,0.39265307978007696,0.8315528414443857,0.16458728953208746,0.06731887106046816,-0.04404887296791222,0.06500978009587084,0.15889576360087732,0.20683576017021987,-0.023522555637557608,0.15559993076743575,0.09110792987418993,-0.06696843009371722,-0.04533055268591833,0.13774104809774138,0.02001250628624727,0.011107537779763511,0.003466012652842956,0.026605997251386897,0.22631270322572028,0.17080127975155382,-0.0025434538175512136,0.12761215166242834,0.1763189734468372,0.1921516757809451,-0.027582812336480477,0.07426966091442369,0.32383828857066504,0.014930935778341037,0.11674315476344788,0.27831355002814073,0.09231693136654487,0.12894782390837473,0.03420736819745417,0.0462042233927924,0.1326534325746694,0.05235971782661647,-0.020221201601592714,0.10434420659391949,0.058489693791780914,0.1467148743750103
park next,park next,-0.03887814289276456,0.04085920682015455,0.10543013387669323,0.22839889047892736,-0.3343525524962877,-0.28296022677880345,-0.3708066628836265,-0.34420597922909246,-0.03527684668128753,-0.10755550666280443,-0.0024340689700180634,0.18949072945668982,1.0000000000000004,-0.1181298503394528,-0.22408647278869215,-0.09036472144016777,-0.12102192437031642,0.017957596803446805,0.5643220650153994,0.4051653900720852,-0.2356957313390717,0.0171029931344135,0.5400080069749331,0.19827969980661447,0.38184948702031996,-0.3226670559534992,-0.19214432062435782,-0.04483489880815974,0.193140686228613,-0.05412183894446008,0.07753289102640273,0.1913175277219864,-0.2777382516718131,-0.12434940528026653,-0.4793428421487224,-0.19420540967009298,-0.2951312931359442,-0.22145204530263007,-0.20182568271440898,-0.30022751665845426,-0.3620086527921205,-0.4494987897649748,-0.2397227002638227,-0.16015560326235,-0.49127152721259343,-0.4712029483440173,-0.22058771017736142,-0.44308694077450717,-0.25756431609231367,-0.24235347778358107,-0.210491721013466,-0.3202285309848151,-0.18840780734514584,-0.290902095086035,-0.25902859089425934,-0.23947396407089888,-0.23606913351717834,-0.1629865571157913,-0.18176917580984064,-0.14515278124801367,-0.2479796115705144,-0.24925620827162687,-0.13665203050777155,-0.31301995528647547,-0.2207212948070312,-0.18343004173588615,-0.2607147089609829,-0.4083972530421881,-0.37082469647337424,-0.3434856819450546
taller than,taller than,0.4222182611948143,0.24340706694425085,0.2352140390887385,0.3779731260627128,0.17690404175084662,0.21009021150000037,0.22793461993859138,0.2734033811279668,0.3469348931849514,0.3756048207259042,0.29676710655110267,0.2581578748920578,-0.1181298503394528,1.0000000000000002,0.2808667272553245,0.09620121662421237,0.3439819669596782,0.19562627404347582,0.05031353468823386,0.1680524581887627,0.1587919323665291,-0.08857314568920796,-0.05255092216258734,0.0818189481750275,0.1380684534385169,0.2319296941715154,0.3254906632823511,0.35970978708561574,0.24359846882257175,0.24242548815300896,0.09628315729406146,0.36210998143172235,0.2121568939521869,0.3568818077784772,0.1365458859088942,0.17577582209058207,0.23815793244209538,0.11994253322069448,0.3844907099351394,0.20136144592683738,0.22611869929540046,0.12426680988789149,0.33086190988158554,0.3531822825225993,0.24476739125382851,0.32308686513735246,0.23163737581233768,0.02905275901242172,0.24780196179225694,0.2743787678494113,0.06319699985711406,0.23244955461202194,0.11153812467112413,0.10229033645771615,0.1990885813715345,0.2176098207487403,0.16161944341741954,0.03108301928728349,0.2437405765602012,0.11322693528180083,0.11857320707476651,0.12858678585793687,0.23025351827815077,0.17774646721997361,0.13111164001526388,0.13393377564859726,0.15275513684906752,0.2128167101948264,0.16710880737047326,0.18285093968058558
adjacent to,adjacent to,0.5010562582709792,0.31342949768269557,0.33845718317045037,0.45237490672407443,0.3309541670285501,0.4183152202449671,0.46761420701012746,0.4721213640509491,0.3292279621950013,0.4540578701435959,0.44889590615830444,0.0073931974299816985,-0.22408647278869215,0.2808667272553245,1.0000000000000002,0.48241217503318745,0.3122349997780833,0.308379854865121,0.03427106033081152,0.032492808054113385,0.24274825338852404,0.00831996753094966,-0.23165553353501794,0.05147012671716705,0.010993697978956385,0.5382041366250234,0.8382926591124006,0.2762862956907468,-0.013777319657557867,0.11334097053359572,0.24084224622522554,0.11084996326790056,0.31227545802852485,0.553512974892058,0.31645938598660883,0.30693621722175085,0.3018525317820086,0.1713141389466718,0.47949077073173385,0.27488035336667427,0.2802237562572373,0.5991376800412067,0.39523893726775333,0.7186747960310155,0.34024839506552496,0.3830084015865385,0.4323651225413283,0.19461876974301495,0.2888654769502586,0.2912968682482149,0.22531892143785182,0.41982833909921197,0.22533246403198529,0.2850564880587111,0.28133302718658704,0.2857091908684459,0.20185615261619178,0.4396075262509007,0.34881551318656245,0.19991023060966034,0.2227954141104433,0.25699626234731043,0.5323911301860814,0.44178479925943404,0.2472270105805314,0.21436347810904124,0.28408253645345194,0.4194154622054285,0.3801106152075504,0.3725058375344087
park on,park on,0.24393102066956382,0.2000686432854933,0.22352408295023254,0.34324850245251115,0.13683975170911847,0.1847412000653151,0.20404708106451205,0.2262658700079824,0.17376563269024467,0.3195874833284901,0.2317622931050618,0.05375532671731869,-0.09036472144016777,0.09620121662421237,0.48241217503318745,0.9999999999999998,0.1636834778581444,0.1229038261342468,0.3135494785585058,0.007342504262487139,0.1077771531102705,0.07717064745907928,-0.08767169470986444,0.10916847755034659,0.09416345905882942,0.24234477831982876,0.37496645614318175,0.16514005136690074,-0.021637577307374894,0.14006127145751684,0.31488860497582405,0.025961991470107262,0.24949290638228847,0.23376321427638314,0.1196334771873025,0.2922110152248222,0.2197355766810789,0.05914672382173482,0.1540014154683561,0.19562698433969883,0.1667101697667301,0.3348886816240583,0.08912989221207564,0.333639827804346,0.21071910359436877,0.24764673866603254,0.23314131078531766,0.13385876163514746,0.17050135002839145,0.16489481524200839,0.11132304952264213,0.19753690728483983,0.1192641573273469,0.1433634445270326,0.19772243762996955,0.16370013466818073,0.11814847039192747,0.36295213751278654,0.1611765535767718,0.14063007217076962,0.14606198273441143,0.06522571908600112,0.2570059985805321,0.2596168554304182,0.1584733107482504,0.08196476667426619,0.1813573220573183,0.2975580590880533,0.1929267055511449,0.3196634770831446
walk to,walk to,0.29352397960028265,0.23560812437940357,0.18922517842297937,0.3399852513204841,0.32413705707258966,0.3932194005945501,0.47787141033965747,0.36430324539894265,0.3775477408389105,0.4860559354326368,0.19325442814050237,0.4606656629037673,-0.12102192437031642,0.3439819669596782,0.3122349997780833,0.1636834778581444,1.0000000000000002,0.33754713383996415,0.059776045811781676,0.3851023453139375,0.4140151286986078,0.11952079036661362,0.18388415740449857,0.2338538950742003,0.31273080690080896,0.2753367592021413,0.30309098089922004,0.4613226290660009,0.444528001059038,0.33966140360126873,0.5549496475543778,0.47126776760241024,0.23036472625522803,0.2198632182477268,0.13350145758224463,0.3580953905663423,0.26386577996473853,0.22650631062285476,0.2272604569788772,0.2891911113924064,0.21643244044170157,0.2833061464978777,0.16154324725976968,0.30084022295269075,0.2778377158613569,0.22865546903710024,0.2630473851503925,0.14583703620169403,0.3997914678604422,0.22956713138342538,0.3670929267588961,0.5000863833799143,0.22947005468351003,0.27696281541906453,0.3110003995607059,0.18096530370349223,0.28342767133433305,0.3108323772962185,0.1857239005945628,0.4499089585267816,0.2642932249195089,0.32618063441162415,0.26561375035474777,0.23096104587580363,0.16898620149861668,0.13077123356985743,0.1891303827806682,0.3051337652512406,0.2354540577045373,0.28622303555475836
attach to,attach to,0.2993161911164685,0.21257598442038644,0.2037506230640138,0.31067387022084103,0.22084042314254834,0.31157737868103763,0.22187128653282331,0.2542840445866696,0.49484599996974143,0.5448301689658357,0.27824372921778945,0.5926167777102958,0.017957596803446805,0.19562627404347582,0.308379854865121,0.1229038261342468,0.33754713383996415,0.9999999999999997,0.05508023323558488,0.4750629058466945,0.41865012559248893,0.1719552526602093,0.2071844591163334,0.4072308202254839,0.508690774873612,0.22980987876949732,0.28620558339301416,0.5453137995431574,0.5808467707071463,0.3104853847035043,0.3982985284538571,0.5955681223724516,0.22371340815174204,0.33538424976110226,0.14400539990416378,0.13300474337092993,0.27261458160675645,0.28140002400249176,0.2540244968469711,0.2585753634137736,0.1706515245394159,0.14288402113395973,0.2087755110764537,0.2843751790247381,0.17968291657752555,0.2073580307645133,0.20572156799747948,0.153571774293373,0.36913586578118635,0.2544858288124606,0.09934359993369504,0.20019095927841674,0.41497953282113476,0.28905317560323507,0.09992665568877629,0.2290982773767599,0.4490586049979628,0.14203212155985506,0.44311276636882024,0.374234881786208,0.2305756822608443,0.2782496170570297,0.3202252811379508,0.210922174557588,0.18910933104419725,0.2374215898642268,0.1797004740299148,0.18571259814163743,0.29815760395796076,0.28339568977998214
park behind,park behind,0.15559900553613742,0.2246139304949057,0.26338848777283264,0.4211577501184544,-0.07540738262378059,-0.03198344054663582,-0.06086855167448343,-0.0505989118878302,-0.02479062553059879,0.020803809523985604,0.07341942226359607,0.22848191118347067,0.5643220650153994,0.05031353468823386,0.03427106033081152,0.3135494785585058,0.059776045811781676,0.05508023323558488,1.0,0.33630963899376487,-0.05837122028609628,0.09746417491040975,0.31961183461624365,0.21864051213412972,0.3175862167467768,-0.010194010833942321,0.0764925480604255,-0.008150572159219084,0.1442306089762977,0.01990415714289296,0.23376345346027416,0.22575541528148033,0.17102004587697317,0.00018951465741422636,-0.2172359036313815,0.14301429694451123,0.035300671031245165,-0.06265874404848487,-0.06918545280200486,-0.07035977124621663,0.028166485191219743,-0.10267601017277374,-0.10113353071795687,0.059464058413699825,-0.18606301962572008,-0.11650345082858127,0.06971121965732313,-0.22229021140509747,0.011212096666913932,-0.008601384450996764,0.06117354875380339,-0.05797969405111675,-0.05741709809551602,-0.0813270469124667,0.03826099066480544,-0.07094503052014905,-0.04767694331576285,0.1266832047561531,-0.09858467573711224,0.14676753273506,-0.07849838550254984,-0.01550465122179922,0.08889571458464035,-0.05185300031583506,0.015292178124982417,-0.061819727898649625,-0.04515231841513667,-0.007089165948421659,-0.11176581816252629,0.019839804972301374
sit behind,sit behind,0.26245916032693817,0.3057157081535567,0.2799283673234535,0.3384239130609449,-0.047952322489924086,0.1086994475911168,0.024214428787858875,0.031256759757148,0.46998481740314263,0.37837305076536826,0.19152869786563723,0.7352636832886577,0.4051653900720852,0.1680524581887627,0.032492808054113385,0.007342504262487139,0.3851023453139375,0.4750629058466945,0.33630963899376487,1.0,0.22088820125085956,0.3481989047651278,0.71465391365655,0.6462343527223164,0.7714532763644713,-0.053865057437206175,0.11285484686206873,0.4370184993146798,0.7690046528418286,0.36428009253101734,0.350769732584718,0.7440824023459329,0.12970572520566198,0.11573440229814039,-0.117569573576518,0.05764760908663513,0.10750558401842256,0.17285497711912862,0.0032126870587961065,0.04478455540524698,0.018569473194577506,-0.14813335343695672,-0.039894805334318884,0.12765024950144455,-0.11099117484240574,-0.16260368197820751,0.04418775791499217,-0.07833423333247544,0.1338647192267465,0.10416542605540952,0.06504495416572623,0.0846386637326881,0.053100540331363695,0.06332735644778864,-0.06309381618147901,0.08222734610981178,0.1053856599237685,0.041235015952441376,0.014909160261601813,0.2788934663608311,0.022418384642810964,0.05221674604671303,0.053002038818393715,-0.051168474709337504,0.07924163371847076,0.07466305218570586,-0.048401589073022826,0.06035889399437626,0.013781039343574596,0.11337610976269802
play with,play with,0.1603646351651742,0.2186683189516776,0.17762961153379941,0.15542864735064355,0.5171643568415072,0.5537620270370135,0.5240495172542661,0.5128613665412465,0.36568028661684837,0.4353926658542896,0.22095489610790214,0.4112151131502827,-0.2356957313390717,0.1587919323665291,0.24274825338852404,0.1077771531102705,0.4140151286986078,0.41865012559248893,-0.05837122028609628,0.22088820125085956,0.9999999999999999,0.20880034853826512,0.011382547657229944,0.34047065881699323,0.28979966388689044,0.41766845045958095,0.31215672058085536,0.3056091807097397,0.37642175802239364,0.24710628828241257,0.3699714694922477,0.434644692559093,0.32217457946782796,0.2125843561940528,0.34709219860135393,0.35468104416400315,0.3948720993484601,0.3782247486052657,0.2359104686055214,0.3475441120081113,0.28368005737514557,0.21371297056129174,0.22284144842899362,0.3175749645449215,0.4039706505027745,0.34851038410035134,0.32734786518170994,0.369959337054228,0.4324018033425152,0.4691712824846687,0.28843816166206165,0.3874229693217953,0.32182197829703163,0.44416170546148737,0.3692198967542635,0.36958733687236245,0.4589766552443602,0.3415803208867202,0.2967702626643608,0.49122141196317926,0.4512234427633352,0.40836698723719483,0.29912790117352134,0.3370527376165001,0.3414744233209746,0.4458069978616279,0.35899444166742045,0.3175221105174252,0.4072522731923663,0.35670422968472726
sit under,sit under,-0.033734023212906125,0.09843343219095127,0.04704251790256002,-0.05435528560189666,0.01381544121664708,0.10387115809529236,0.059049922412532437,0.09241784568275319,0.17977784703572508,0.18329823887544172,-0.13445810394876728,0.289097558954859,0.0171029931344135,-0.08857314568920796,0.00831996753094966,0.07717064745907928,0.11952079036661362,0.1719552526602093,0.09746417491040975,0.3481989047651278,0.20880034853826512,1.0,0.41473015101773836,0.3484838722795771,0.44608409593180165,0.04088292549255616,-0.004477788714729156,0.11755570240875962,0.33829362926871853,0.1268236239159297,0.17923765939901504,0.2594477355325516,0.10590910186262706,-0.07721343933255828,0.02670284199823449,0.016514235590492074,0.05509826078794498,0.02095014051623493,-0.10676148146436955,0.1501907705826436,0.01128323420691853,-0.02655099664860215,-0.07465573997329805,-0.033094287471751964,-0.006511067593297298,-0.06212804381047424,-0.025327106169440887,0.008340800576502256,0.07098646975503885,0.03546749566442582,-0.005158595905588249,0.01191806706588412,0.09027129391223711,0.1682623347628588,-0.02252187828448737,-0.05203729557729083,0.050910473581969165,0.0963788877407946,-0.010479849324628816,0.10390820315650662,0.03541041193682015,0.08704578374098244,-0.12126012536679003,-0.0035464692721687858,-0.007720199181997952,0.019048161317814092,0.03256632740137781,0.0442627924492772,0.023078224980814337,0.09649213295613536
walk beside,walk beside,-0.07031994105111884,0.05900960756434953,0.032112102051317475,0.06861476424093285,-0.32513286981662914,-0.2713938084681787,-0.321748035450246,-0.35956753251478113,0.10186770459246929,0.07439450745079913,-0.138162866038206,0.5659088241055721,0.5400080069749331,-0.05255092216258734,-0.23165553353501794,-0.08767169470986444,0.18388415740449857,0.2071844591163334,0.31961183461624365,0.71465391365655,0.011382547657229944,0.41473015101773836,0.9999999999999998,0.5900411034341607,0.761340466286774,-0.326053068859008,-0.2625728036565732,0.1767951627159224,0.5980076878180356,0.19906046026353863,0.22238918199515123,0.513327998744764,-0.07114205862157649,-0.1931002691188466,-0.4221222516316902,-0.1898388394937383,-0.17733326224185852,-0.15125827228668448,-0.3516644416646748,-0.2277947843168669,-0.22097361354896788,-0.31557511755363676,-0.37049909437819717,-0.22835665253965023,-0.41537577867588804,-0.45617631565965894,-0.33957753289960835,-0.2822520656966909,-0.199820664952092,-0.23380377835204053,-0.1409250344247708,-0.2031956658700954,-0.1406061754149181,-0.1851687850091026,-0.24041938969258098,-0.29646822051383886,-0.11633083082377546,-0.20083846923180934,-0.2164677993676774,-0.0392149226156874,-0.20641831313972564,-0.1480489972970138,-0.3605281594663137,-0.34093564208121446,-0.19982060039751143,-0.1932188700361514,-0.2941858368529058,-0.15999611267485653,-0.3694658505533363,-0.11787858146982273
skate on,skate on,0.11409953266874942,0.14094049624877186,0.10803894424959158,0.1419096837964777,0.028876138500720752,0.05578008368157851,0.03995527968865589,-0.012643305943057723,0.31981435291537774,0.2679373995189309,0.1537497158951606,0.5763242437357237,0.19827969980661447,0.0818189481750275,0.05147012671716705,0.10916847755034659,0.2338538950742003,0.4072308202254839,0.21864051213412972,0.6462343527223164,0.34047065881699323,0.3484838722795771,0.5900411034341607,0.9999999999999999,0.6559797294922194,0.0028356543852396804,0.02648636436834459,0.36063728989171684,0.5650689415288164,0.38272210541070106,0.346603367940561,0.5246041016680627,0.23082207910243735,0.1261793179466323,-0.02759303449988431,0.08703839421670116,0.19873857692534158,0.12847561860230974,-0.030049459778367704,0.01621931465170355,0.11343651447141304,-0.05736490750733092,-0.03848569154915886,0.04910733924418216,-0.04505933586242727,-0.053542481547027045,-0.03852737638919692,-0.023081166809204145,0.12427164608943342,0.03492198248936789,0.05645604229013575,0.09887566261970027,0.13359873918342563,0.09098760980957184,-0.001406755243834712,-0.011196109509151678,0.2021324952275807,0.01268581739027956,0.12594110496761712,0.20710560290562235,0.03647987028125871,0.18381073069528853,0.004224436037976422,0.0018587460510051269,0.0558583607701216,0.11416727104877433,0.0007447229208456686,0.10407951570143523,0.053305540045675316,0.1933344475427453
stand under,stand under,0.15827803519323222,0.22990708433384938,0.18023266858621434,0.25179924311479857,-0.01397186346199013,0.054837601001444185,-0.005441866007655394,0.013627870716640917,0.34530078363785244,0.43507696335001333,0.08481382610001825,0.7138280068738874,0.38184948702031996,0.1380684534385169,0.010993697978956385,0.09416345905882942,0.31273080690080896,0.508690774873612,0.3175862167467768,0.7714532763644713,0.28979966388689044,0.44608409593180165,0.761340466286774,0.6559797294922194,1.0,-0.03840763429830342,-0.010792217846408417,0.45275010878594213,0.7579585708632224,0.27887421613811564,0.3591431220250624,0.721566921737889,0.14866418493531025,0.0928683297050126,-0.1056476231242873,0.07254981398131696,0.0837073438205064,0.165666899437848,-0.042167533160966,0.08248826291552441,-0.0031062039094543695,-0.18101824130106803,-0.08760682645906136,0.03021025030276802,-0.10917240002457808,-0.11506384845502689,-0.021314666685242845,-0.11120243201191295,0.16416703486372902,0.15724213370281317,-0.006554845767493982,0.036246458606300824,0.11969869526416771,0.17141554125536212,-0.03312328829842384,0.05777938743991928,0.17615435493430512,-0.01198373053787024,0.1127098645367666,0.27234286192047136,0.05317939494847093,0.1321212050749784,-0.022951752061174342,-0.050169697672746316,0.09817523671879277,0.07359376244953944,0.10010984076598495,0.006112572003264122,0.023524654739794527,0.11104092110645228
outside of,outside of,0.350854644077303,0.3028042057768139,0.275554364508048,0.28992805342184147,0.5008102707762089,0.5607477553575857,0.5717859599637012,0.5786520908162833,0.23640709354928613,0.33914054329479093,0.3268221554945745,0.06709050255036787,-0.3226670559534992,0.2319296941715154,0.5382041366250234,0.24234477831982876,0.2753367592021413,0.22980987876949732,-0.010194010833942321,-0.053865057437206175,0.41766845045958095,0.04088292549255616,-0.326053068859008,0.0028356543852396804,-0.03840763429830342,1.0000000000000004,0.5746072485433329,0.18332575502790618,-0.004873226687642701,0.17294481996048577,0.20655892013379024,0.060569623657125725,0.3856417831837056,0.40623430819717693,0.4093490880704495,0.35481339981954585,0.32844671446698537,0.28189734567746616,0.4317249180963528,0.4176461376723409,0.3003791879251728,0.5402108901455666,0.40701550324638003,0.523981574442036,0.42959165511123854,0.4364700716476435,0.5092684070004443,0.3195326519083309,0.4002873626320891,0.43246523830994876,0.23752337302526716,0.4505272789950038,0.31572727670915796,0.424205101975949,0.41479206954693215,0.4257077452997049,0.32318795906913345,0.3586323227975242,0.35963790033780707,0.32553546920180265,0.3666523488835597,0.3794184700933002,0.6322805661997674,0.6088880351419014,0.39512080333731503,0.3314255998653457,0.40365482859912055,0.39938738585264666,0.46591139343015386,0.38149717263744
next to,next to,0.6154207681582948,0.4154282566675298,0.4457199022431006,0.5538545139017976,0.421249583579536,0.5752897413306844,0.5402030067662048,0.603679116183347,0.4156459256066699,0.5126184418428104,0.5851757568096072,0.07389626262855284,-0.19214432062435782,0.3254906632823511,0.8382926591124006,0.37496645614318175,0.30309098089922004,0.28620558339301416,0.0764925480604255,0.11285484686206873,0.31215672058085536,-0.004477788714729156,-0.2625728036565732,0.02648636436834459,-0.010792217846408417,0.5746072485433329,0.9999999999999999,0.31858802944521303,0.052380987818212765,0.29117458776721955,0.2496014596619825,0.2131034688837854,0.31724155273542154,0.6401724931412522,0.3493251137100113,0.3482354810632972,0.3201341930241983,0.2747766510635927,0.5624446450048743,0.3719056219750574,0.278080699799103,0.6092519587626412,0.4968603552993731,0.9154277057487188,0.33392188436300363,0.3770875184313246,0.5510102937165761,0.20874215156981857,0.3531853727852635,0.41746833102812725,0.22323627903442378,0.4749385578881278,0.2707612129764682,0.3383475856325615,0.34735737383966625,0.39891676748828514,0.2978853651617913,0.40419416463348623,0.31776427995138007,0.3128634107988732,0.3165286895938666,0.3080696347663008,0.6419106428008936,0.3900452359449843,0.3775826956708706,0.31353061863681886,0.3353399530626202,0.42900251173862547,0.3712106754252119,0.39484984100736953
rest on,rest on,0.4438032571055237,0.2573970980339681,0.16897819377025192,0.3169427031077676,0.2430101270056716,0.3683215502931052,0.3365122810534359,0.36423739659213517,0.5527263201563486,0.652215964115402,0.39184411588017176,0.45161887376137383,-0.04483489880815974,0.35970978708561574,0.2762862956907468,0.16514005136690074,0.4613226290660009,0.5453137995431574,-0.008150572159219084,0.4370184993146798,0.3056091807097397,0.11755570240875962,0.1767951627159224,0.36063728989171684,0.45275010878594213,0.18332575502790618,0.31858802944521303,0.9999999999999996,0.4924894362714241,0.5243776756904065,0.411309144960624,0.5935879225884021,0.24817503956924683,0.45027117167909525,0.2268587200807023,0.17762778840034854,0.2987644724646098,0.2541189275349539,0.4165473712607606,0.2870175130686826,0.18019574262342397,0.21425271326022358,0.3161373532861844,0.37612825845313663,0.31406108317911785,0.20930836729644012,0.33662022308119144,0.21721752440301006,0.315768133866315,0.2922056346190338,0.16902816815736615,0.30773410839620935,0.3275863971579638,0.2987943178494546,0.22905892218830554,0.3195059761682409,0.31163406456093634,0.12133608299453805,0.3239642541912386,0.33357474208977445,0.2335941158680006,0.26123182416415236,0.27923110517699035,0.23744411186286815,0.18953102270758823,0.22120786010280263,0.2513135247389887,0.2742543890511889,0.24715467561256965,0.363382458010589
lean on,lean on,0.20805121097019147,0.2551352790258331,0.2276237388231997,0.28782398136860665,0.09492358418103865,0.17408921919530598,0.09699380008524953,0.10823168474169559,0.4413606700579309,0.4543619395563726,0.16289164628078318,0.807787261542454,0.193140686228613,0.24359846882257175,-0.013777319657557867,-0.021637577307374894,0.444528001059038,0.5808467707071463,0.1442306089762977,0.7690046528418286,0.37642175802239364,0.33829362926871853,0.5980076878180356,0.5650689415288164,0.7579585708632224,-0.004873226687642701,0.052380987818212765,0.4924894362714241,1.0000000000000004,0.42299706983725055,0.413431811208838,0.78272729680154,0.18518057191143672,0.05405765154739143,-0.05508465584597851,0.05712264930698795,0.2446139264898804,0.23717702590610562,0.029819439063471537,0.14924940514599735,0.09390742081541191,-0.08342733503563642,-0.023772707561321906,0.10990187928967535,0.038016383008080246,0.012999229468731298,0.02247303736367459,0.04089344034725159,0.2348530753611473,0.17032208080647254,0.0062006189402020314,0.08956572453998045,0.1333627853389231,0.19391990670638595,0.08086144022048425,0.12146102249945218,0.20877596118087768,0.01926434177268274,0.1709940170916244,0.35649334603740923,0.0925808626408268,0.13456111774691143,0.027175410940497552,0.03033306740478573,0.11803509354955682,0.15146397405850479,0.05745385373125856,0.10481113833384978,0.11167314896098578,0.20028344274541254
sleep on,sleep on,0.2524358824896626,0.11624985149404567,0.06629578766279418,0.3075926400876813,0.3108094252794369,0.33192441968626296,0.2648403427034989,0.2347792873115191,0.4328994805775287,0.4144288844354791,0.3793524750223347,0.39323353766498204,-0.05412183894446008,0.24242548815300896,0.11334097053359572,0.14006127145751684,0.33966140360126873,0.3104853847035043,0.01990415714289296,0.36428009253101734,0.24710628828241257,0.1268236239159297,0.19906046026353863,0.38272210541070106,0.27887421613811564,0.17294481996048577,0.29117458776721955,0.5243776756904065,0.42299706983725055,1.0,0.40477150592854166,0.44427440025861176,0.2587582773415268,0.3265724882874413,0.1266578813377613,0.17928718483185002,0.22099755956052655,0.23135419614658292,0.18475914492425527,0.17430723787548846,0.11464345685990715,0.21557978133711297,0.15662175212455354,0.30502951122003874,0.15637312724917643,0.0783397357956907,0.21574754525502365,0.10620564848689189,0.16526623724415263,0.1816684310277337,0.12108278060568682,0.2595242103347377,0.16902344256680063,0.09937264472577736,0.14685152774694385,0.1850978825367509,0.2511108048366705,0.04804958366590271,0.1061373418399374,0.21812420066927452,0.11768193988856825,0.1544555477554919,0.23606611245785852,0.08740138137016312,0.1178934955801021,0.19332091727571338,0.14429265467694885,0.26642012377574253,0.0915604072087488,0.28741693094988674
drive on,drive on,0.19344346921888658,0.3679451958420453,0.29346938709209075,0.3455786074716819,0.28285916826129076,0.3623011757038228,0.3660873844313086,0.3366693419274629,0.2811343097137693,0.5159980851950405,0.23731848183714502,0.39265307978007696,0.07753289102640273,0.09628315729406146,0.24084224622522554,0.31488860497582405,0.5549496475543778,0.3982985284538571,0.23376345346027416,0.350769732584718,0.3699714694922477,0.17923765939901504,0.22238918199515123,0.346603367940561,0.3591431220250624,0.20655892013379024,0.2496014596619825,0.411309144960624,0.413431811208838,0.40477150592854166,1.0000000000000002,0.45947409850490684,0.22916232543996926,0.1799175710271404,0.12701868264723168,0.22685302285940445,0.25002217651228076,0.19013375257905918,0.0837801752137592,0.2069304471573368,0.18722464208293926,0.1961492443524702,0.056619019700912196,0.26241813647415935,0.2169983509569151,0.09961673479380714,0.2375587571415089,0.20539380803078827,0.3485411602794153,0.15402974862341273,0.41237032059903345,0.31823196842949164,0.18339963799802614,0.2732657595257042,0.29416469724018035,0.1270172371694588,0.20423924944107685,0.4395498999617468,0.10195407554457046,0.42533923881860825,0.1721931620363237,0.17490740678615854,0.2215774610919241,0.23346875715686866,0.11662355703354593,0.13443502297187812,0.16527466122430462,0.21815769157284776,0.1962719141193327,0.3009651112878534
stand behind,stand behind,0.3191567026029432,0.33060232761638286,0.2600104514577849,0.3769348802636636,0.13467075979271242,0.26665648079010135,0.21273596401175626,0.2017827473191935,0.5512037489629003,0.5957752989704828,0.31439708516160714,0.8315528414443857,0.1913175277219864,0.36210998143172235,0.11084996326790056,0.025961991470107262,0.47126776760241024,0.5955681223724516,0.22575541528148033,0.7440824023459329,0.434644692559093,0.2594477355325516,0.513327998744764,0.5246041016680627,0.721566921737889,0.060569623657125725,0.2131034688837854,0.5935879225884021,0.78272729680154,0.44427440025861176,0.45947409850490684,1.0,0.20035373944302204,0.22644050922632786,0.03375103583120014,0.14222558215310463,0.2291016698444132,0.26850130465628885,0.1213978310184167,0.1935252344467261,0.16736302445176035,-0.06565764995715972,0.055493605953635484,0.26932865859581157,0.09974123872330337,0.04993912208338723,0.16383904446479464,0.09924710119022201,0.24577160720086327,0.23195405761879692,0.16174920143391158,0.22308379765136582,0.17430054955112836,0.2142344118587825,0.10080660616572092,0.17947569337804026,0.28270450815425785,0.08690605178586118,0.13228832471431357,0.3574717439575761,0.0862911773425096,0.1788145828952826,0.12021843219055132,0.04843459382984244,0.15879324348635537,0.17613238784015361,0.06266239957541125,0.12735073056787793,0.09109605554695813,0.21542812477919338
in,in,0.2587551900847917,0.2470472098028933,0.24892519900995597,0.22571412108513567,0.39067417783535274,0.395920140897411,0.38729237024727886,0.400829210583194,0.2003426049422761,0.23379157986888788,0.2538356084759811,0.16458728953208746,-0.2777382516718131,0.2121568939521869,0.31227545802852485,0.24949290638228847,0.23036472625522803,0.22371340815174204,0.17102004587697317,0.12970572520566198,0.32217457946782796,0.10590910186262706,-0.07114205862157649,0.23082207910243735,0.14866418493531025,0.3856417831837056,0.31724155273542154,0.24817503956924683,0.18518057191143672,0.2587582773415268,0.22916232543996926,0.20035373944302204,1.0000000000000004,0.28453720712054165,0.41781160185731386,0.2623782474262877,0.7535199863947294,0.2277149898406937,0.30409022484256965,0.28707729883554045,0.7210541843096792,0.3862098319028951,0.3020984244874322,0.31644823403176536,0.3521517986708137,0.5514417661336372,0.31337342132373996,0.2934367079726762,0.27951931915261946,0.3296265614409641,0.24360258912612465,0.29562269535609587,0.25387042632461865,0.30802426573028924,0.2880720419604591,0.31480764313170195,0.26406268229323415,0.27524264405786947,0.24952860751679404,0.2897801248047864,0.2876076711276798,0.2786362591613051,0.34510930609840496,0.32855759457239964,0.2666301847459396,0.2958124002297846,0.296042887004874,0.6995020710317746,0.3240243576990507,0.7587802830872695
beneath,beneath,0.5232608472296478,0.29514112734088255,0.33179325085609646,0.4301173751730419,0.3918361850038994,0.42326920315453004,0.4515629373356197,0.43738436917159207,0.3477466501527213,0.37973397014732924,0.549991700524299,0.06731887106046816,-0.12434940528026653,0.3568818077784772,0.553512974892058,0.23376321427638314,0.2198632182477268,0.33538424976110226,0.00018951465741422636,0.11573440229814039,0.2125843561940528,-0.07721343933255828,-0.1931002691188466,0.1261793179466323,0.0928683297050126,0.40623430819717693,0.6401724931412522,0.45027117167909525,0.05405765154739143,0.3265724882874413,0.1799175710271404,0.22644050922632786,0.28453720712054165,0.9999999999999989,0.409032769591586,0.28096338011059413,0.31229287909445946,0.22089240670788254,0.6445152235094128,0.2510213748352459,0.2717834940497417,0.4799771089873225,0.6045601010712329,0.6650688105665195,0.3560540074805758,0.3591531113401047,0.5618879021462465,0.17989915680825075,0.34479959503876967,0.3827433166225237,0.16041756037557167,0.40693465161259856,0.32037416888974657,0.31045049337261166,0.31765580500273355,0.43968590042713723,0.2648683733550438,0.24548632741249393,0.37732867301379447,0.25789343927123076,0.2523756604278626,0.3216621270268312,0.6320143717871869,0.4297112627477343,0.30033093079758666,0.3276383784417819,0.3751818535676277,0.3323439584891757,0.2643800029226453,0.3686697700485354
under,under,0.26696588439113234,0.22757066170897183,0.15654627507250118,0.10764201736738788,0.47886554807570025,0.4868845521295425,0.4547075365902178,0.5136754759075192,0.246705602290752,0.23574254184608984,0.25483045099219737,-0.04404887296791222,-0.4793428421487224,0.1365458859088942,0.31645938598660883,0.1196334771873025,0.13350145758224463,0.14400539990416378,-0.2172359036313815,-0.117569573576518,0.34709219860135393,0.02670284199823449,-0.4221222516316902,-0.02759303449988431,-0.1056476231242873,0.4093490880704495,0.3493251137100113,0.2268587200807023,-0.05508465584597851,0.1266578813377613,0.12701868264723168,0.03375103583120014,0.41781160185731386,0.409032769591586,1.0000000000000002,0.2961512765034714,0.466637710138198,0.2709004113905773,0.4692279910921591,0.37643582003139,0.5018153097615147,0.40313959701041746,0.4636957546890863,0.3673379535596091,0.5945897274137286,0.5528649910196259,0.46159496046241705,0.4853227717515515,0.43428163950041765,0.3805197599216117,0.2110386085075902,0.29864202211891216,0.28824047451681906,0.4314039733298717,0.33252047719020084,0.3967064304763108,0.2704781230660647,0.2901772427151582,0.2722049581423299,0.36857933261575915,0.33007631156748385,0.3335233523109187,0.42963109357695073,0.45736288963203287,0.36436155241258616,0.3415729317112284,0.4251125177559069,0.4712267649405419,0.45723626080922175,0.4819282641141519
ride,ride,0.24101286220767976,0.10294216499911818,0.08749418616787866,0.2048278802481298,0.4911717028564074,0.45284054959171727,0.5634680768807511,0.5102474700513001,0.21841719207962104,0.2768957446563568,0.18071841794971272,0.06500978009587084,-0.19420540967009298,0.17577582209058207,0.30693621722175085,0.2922110152248222,0.3580953905663423,0.13300474337092993,0.14301429694451123,0.05764760908663513,0.35468104416400315,0.016514235590492074,-0.1898388394937383,0.08703839421670116,0.07254981398131696,0.35481339981954585,0.3482354810632972,0.17762778840034854,0.05712264930698795,0.17928718483185002,0.22685302285940445,0.14222558215310463,0.2623782474262877,0.28096338011059413,0.2961512765034714,1.0,0.29981550219092096,0.34688602306538435,0.2865892898539041,0.3413164782589976,0.2915115762837955,0.309120422037911,0.24729017156482538,0.32043743399869284,0.4280479498513161,0.3656088848396837,0.37054001467990694,0.19832054852367767,0.36844445754493227,0.4706085438648675,0.3289688708334104,0.5349912653921772,0.2986574305726775,0.41207016188382345,0.3542471909719366,0.3442958995499562,0.32843172469380244,0.47144869951435026,0.18399876058181797,0.48656080116825295,0.38627703267074864,0.5049471619290768,0.3809764010902035,0.4136473118061903,0.39292797062729956,0.3764786834028846,0.36876202444170997,0.2895790071581985,0.3870839139650921,0.34041599691687074
with,with,0.2942959791172156,0.24996307462191425,0.24266197394992964,0.24639660410499703,0.431525975982864,0.4187167481030467,0.42131744445272373,0.43945644295463615,0.22405357138437476,0.28357298084144333,0.32887484651274534,0.15889576360087732,-0.2951312931359442,0.23815793244209538,0.3018525317820086,0.2197355766810789,0.26386577996473853,0.27261458160675645,0.035300671031245165,0.10750558401842256,0.3948720993484601,0.05509826078794498,-0.17733326224185852,0.19873857692534158,0.0837073438205064,0.32844671446698537,0.3201341930241983,0.2987644724646098,0.2446139264898804,0.22099755956052655,0.25002217651228076,0.2291016698444132,0.7535199863947294,0.31229287909445946,0.466637710138198,0.29981550219092096,1.0000000000000004,0.26266969051237504,0.3912480362992804,0.30225726949571824,0.772109085039482,0.3234034500596874,0.33971488890731844,0.33896562082095166,0.4879195138346716,0.6723326226469758,0.3677212036947201,0.3642996622444288,0.3497488046531305,0.4093069243590429,0.26366870494057504,0.32510984761924566,0.28282730405748246,0.37485296952839364,0.3453135404123503,0.39340912428270935,0.3119906214934681,0.3325851350138963,0.31249445156807387,0.3369971796998088,0.36798318431881233,0.2786487103490347,0.35485920346574107,0.32585160331245067,0.30112859581242946,0.3560031554277233,0.36262653329375805,0.6284145700092569,0.4448086316905007,0.7796227996493101
wear,wear,0.18859014502890584,0.15071432029804196,0.12154715863529224,0.10798270023016522,0.32546669045694526,0.3982547293902208,0.33509221943246337,0.37086018207273397,0.3375741614701118,0.3406397735180674,0.22745967316888788,0.20683576017021987,-0.22145204530263007,0.11994253322069448,0.1713141389466718,0.05914672382173482,0.22650631062285476,0.28140002400249176,-0.06265874404848487,0.17285497711912862,0.3782247486052657,0.02095014051623493,-0.15125827228668448,0.12847561860230974,0.165666899437848,0.28189734567746616,0.2747766510635927,0.2541189275349539,0.23717702590610562,0.23135419614658292,0.19013375257905918,0.26850130465628885,0.2277149898406937,0.22089240670788254,0.2709004113905773,0.34688602306538435,0.26266969051237504,1.0000000000000002,0.27627304772612604,0.421686398822177,0.2249713596771176,0.19122904080017755,0.26339415360711094,0.2347548183801211,0.31297397787590253,0.24379136920901034,0.21518238647342577,0.24782704937158817,0.42948935239813313,0.4743281217904697,0.18972906905819972,0.295842855193967,0.29527683991105813,0.460753476690567,0.19974673820756092,0.45447955443345855,0.34980888811521377,0.26284690562841456,0.30179844049627513,0.4055855731936234,0.27991346178160953,0.3386141836926833,0.30035766860515967,0.2811005354918917,0.41605905065952,0.36653595674901995,0.38594397938821895,0.2488787419877601,0.4036252975662694,0.29316556529330223
above,above,0.4854410046660071,0.3280464355486307,0.3175369136765289,0.3512974080196594,0.43580292809115306,0.5222451752050622,0.4749223816961575,0.5255780471487426,0.31900202100762565,0.37308365150542644,0.4276064615024886,-0.023522555637557608,-0.20182568271440898,0.3844907099351394,0.47949077073173385,0.1540014154683561,0.2272604569788772,0.2540244968469711,-0.06918545280200486,0.0032126870587961065,0.2359104686055214,-0.10676148146436955,-0.3516644416646748,-0.030049459778367704,-0.042167533160966,0.4317249180963528,0.5624446450048743,0.4165473712607606,0.029819439063471537,0.18475914492425527,0.0837801752137592,0.1213978310184167,0.30409022484256965,0.6445152235094128,0.4692279910921591,0.2865892898539041,0.3912480362992804,0.27627304772612604,0.9999999999999999,0.3602483366577212,0.3132956336669248,0.45768675703335293,0.8757753513865341,0.570453847082731,0.5034703474307788,0.49844828511544925,0.5259606476101446,0.24575219664442063,0.37293278794966533,0.41695833353092887,0.22742070400017658,0.35891747858091994,0.3062601057136005,0.42494075698025496,0.2990838071430195,0.46641325288582136,0.22597364700639386,0.29054745198784465,0.4752243220814853,0.3002618181059678,0.29047729538641287,0.36589493699722275,0.5129259394893475,0.4563764791834455,0.38616987008866843,0.33987180504600445,0.43780749796984475,0.3818624509657095,0.44567508070909545,0.3989835487015285
hold,hold,0.24669512917095926,0.2249867477720687,0.1569104599518723,0.239617237546691,0.46476762016985196,0.6043264786838232,0.507490443990871,0.5957346720141155,0.443102422124675,0.4669640179843488,0.23198068486695728,0.15559993076743575,-0.30022751665845426,0.20136144592683738,0.27488035336667427,0.19562698433969883,0.2891911113924064,0.2585753634137736,-0.07035977124621663,0.04478455540524698,0.3475441120081113,0.1501907705826436,-0.2277947843168669,0.01621931465170355,0.08248826291552441,0.4176461376723409,0.3719056219750574,0.2870175130686826,0.14924940514599735,0.17430723787548846,0.2069304471573368,0.1935252344467261,0.28707729883554045,0.2510213748352459,0.37643582003139,0.3413164782589976,0.30225726949571824,0.421686398822177,0.3602483366577212,1.0,0.27024820610554173,0.32809097865104775,0.36805650258092515,0.38200456095740903,0.4791229962628477,0.3535310228045499,0.3990563692727419,0.3461868996077798,0.5127842217591193,0.4418157839809447,0.3024335447798989,0.40654246777099134,0.25409582209868975,0.47298489734157734,0.33365550181341597,0.431397194059742,0.412843539891742,0.3120700572485746,0.35738279397292555,0.4866777677437535,0.4105850832762954,0.3957101274520956,0.42095686673276944,0.35875749278907626,0.41749346180586266,0.4067009928290185,0.38333328351363627,0.3442867113672331,0.4129528785005336,0.35663391101082714
by,by,0.2238165076269691,0.22748116095010884,0.22068161597986513,0.19604012035414886,0.3838314293471569,0.36524740342776596,0.39292810164622016,0.39714479046193574,0.15892057469838033,0.18685044357973685,0.2689529163617661,0.09110792987418993,-0.3620086527921205,0.22611869929540046,0.2802237562572373,0.1667101697667301,0.21643244044170157,0.1706515245394159,0.028166485191219743,0.018569473194577506,0.28368005737514557,0.01128323420691853,-0.22097361354896788,0.11343651447141304,-0.0031062039094543695,0.3003791879251728,0.278080699799103,0.18019574262342397,0.09390742081541191,0.11464345685990715,0.18722464208293926,0.16736302445176035,0.7210541843096792,0.2717834940497417,0.5018153097615147,0.2915115762837955,0.772109085039482,0.2249713596771176,0.3132956336669248,0.27024820610554173,0.9999999999999996,0.26318282748337857,0.3034327459965761,0.29998240340321747,0.4402641040659414,0.6109695387928618,0.3111250673912301,0.3444770808692572,0.2938044712341581,0.3292125954923433,0.27787783529909016,0.3155326283530243,0.25190166278648063,0.35001116190288517,0.3393570667246584,0.34340988501722725,0.25291856885665054,0.2896541236623602,0.22604148361869414,0.30523659889711663,0.2876813060005572,0.2989691597836295,0.3094497516442827,0.2999909160701303,0.30672012471981247,0.2842978824792761,0.36279155189976264,0.5911644982560423,0.3519552987181188,0.6792888370497432
near,near,0.37969331751708024,0.18756930417059603,0.1938458159728176,0.28792806216875677,0.39103383067252007,0.43950844556203134,0.4730410736181038,0.4680604145858678,0.1494815704245197,0.2911236031580866,0.3683197428407171,-0.06696843009371722,-0.4494987897649748,0.12426680988789149,0.5991376800412067,0.3348886816240583,0.2833061464978777,0.14288402113395973,-0.10267601017277374,-0.14813335343695672,0.21371297056129174,-0.02655099664860215,-0.31557511755363676,-0.05736490750733092,-0.18101824130106803,0.5402108901455666,0.6092519587626412,0.21425271326022358,-0.08342733503563642,0.21557978133711297,0.1961492443524702,-0.06565764995715972,0.3862098319028951,0.4799771089873225,0.40313959701041746,0.309120422037911,0.3234034500596874,0.19122904080017755,0.45768675703335293,0.32809097865104775,0.26318282748337857,1.0,0.42037243936466084,0.5544758164134309,0.43821923889420833,0.4022677563590483,0.3943743157490422,0.3398538559155845,0.27646169689797945,0.32932983865021614,0.24151860755938587,0.3840743586132903,0.29062592152603034,0.3193726082747607,0.37957497554086006,0.344974606282187,0.2336276413513172,0.3727521218295111,0.2633686116341559,0.27872852037084317,0.23292614488455227,0.32160675762394353,0.499633577722448,0.5048334086400551,0.2934812679602081,0.23926303383349035,0.28508611375405907,0.5928968512209216,0.3342810938023044,0.44733027141271586
below,below,0.40661431337250065,0.2941115744878279,0.27866673875488146,0.28977303568299695,0.4654525685313988,0.5248019010606231,0.4633221901520369,0.512605593026074,0.27086651221493707,0.27034829511033126,0.40764133503036437,-0.04533055268591833,-0.2397227002638227,0.33086190988158554,0.39523893726775333,0.08912989221207564,0.16154324725976968,0.2087755110764537,-0.10113353071795687,-0.039894805334318884,0.22284144842899362,-0.07465573997329805,-0.37049909437819717,-0.03848569154915886,-0.08760682645906136,0.40701550324638003,0.4968603552993731,0.3161373532861844,-0.023772707561321906,0.15662175212455354,0.056619019700912196,0.055493605953635484,0.3020984244874322,0.6045601010712329,0.4636957546890863,0.24729017156482538,0.33971488890731844,0.26339415360711094,0.8757753513865341,0.36805650258092515,0.3034327459965761,0.42037243936466084,1.0,0.4954356539102226,0.4384842907766533,0.42389833514280184,0.5026357351001419,0.21064242384870868,0.35393925911242774,0.38042237727445066,0.177600531638494,0.3167239074598869,0.3122541019053344,0.4343173948214287,0.2743842747159486,0.4320163561769583,0.22045334008559475,0.25247221850692014,0.42737175103491964,0.2965691120671557,0.27077302581421536,0.3298357329930988,0.46935749720529485,0.4423650948341628,0.37394396255267476,0.2846615552751508,0.41088223277875524,0.3662611429849093,0.393715585389362,0.3785466681426809
beside,beside,0.5925558321643261,0.4108036674818999,0.43157927407240154,0.5180082036941703,0.4296136106853983,0.5714348682944201,0.5352770892378991,0.5876459186182506,0.4300140359662565,0.5158451617174072,0.6068702838298605,0.13774104809774138,-0.16015560326235,0.3531822825225993,0.7186747960310155,0.333639827804346,0.30084022295269075,0.2843751790247381,0.059464058413699825,0.12765024950144455,0.3175749645449215,-0.033094287471751964,-0.22835665253965023,0.04910733924418216,0.03021025030276802,0.523981574442036,0.9154277057487188,0.37612825845313663,0.10990187928967535,0.30502951122003874,0.26241813647415935,0.26932865859581157,0.31644823403176536,0.6650688105665195,0.3673379535596091,0.32043743399869284,0.33896562082095166,0.2347548183801211,0.570453847082731,0.38200456095740903,0.29998240340321747,0.5544758164134309,0.4954356539102226,1.0,0.36748571550849995,0.368798388880504,0.5362184970262397,0.20575492285186142,0.3423424483641099,0.3972026324145745,0.18751509329745722,0.5049505953877796,0.28513299359608013,0.3574314753538598,0.3348882152875149,0.37087188126367443,0.3112475805816336,0.3752244859185866,0.29038132508745323,0.33872499793871025,0.32950887338817364,0.29362320177661316,0.5957714963368359,0.41777817262217104,0.35080082926088074,0.3259495042049844,0.3518172068147321,0.39670380847348286,0.3429899946073799,0.40730697125020765
over,over,0.24942126617854243,0.12457822142390196,0.09698780882327213,0.1376536562199742,0.5483973787943291,0.5603488269193178,0.5973518274498681,0.6043988550558199,0.27920449906692035,0.34471335440883155,0.2771794660997722,0.02001250628624727,-0.49127152721259343,0.24476739125382851,0.34024839506552496,0.21071910359436877,0.2778377158613569,0.17968291657752555,-0.18606301962572008,-0.11099117484240574,0.4039706505027745,-0.006511067593297298,-0.41537577867588804,-0.04505933586242727,-0.10917240002457808,0.42959165511123854,0.33392188436300363,0.31406108317911785,0.038016383008080246,0.15637312724917643,0.2169983509569151,0.09974123872330337,0.3521517986708137,0.3560540074805758,0.5945897274137286,0.4280479498513161,0.4879195138346716,0.31297397787590253,0.5034703474307788,0.4791229962628477,0.4402641040659414,0.43821923889420833,0.4384842907766533,0.36748571550849995,1.0000000000000004,0.6126307674968662,0.5014111602029153,0.575160011945046,0.4577947875887215,0.44736551206463937,0.33203161001152365,0.430937934602065,0.3174063066606128,0.4032070297588142,0.4167698676500336,0.4518243731312041,0.30345717976806497,0.3883840529132996,0.35054065016990743,0.44628492845174894,0.38959021873298905,0.43274814632029174,0.4198743172525168,0.6333007328853097,0.4155523177132185,0.3484179586958686,0.4317006408359958,0.47016169393163687,0.5166445978785691,0.513368124152371
has,has,0.3233409984943523,0.18377689308984385,0.23552931407841426,0.22815611036300876,0.4935590964075033,0.4779571595703413,0.5035964321553626,0.5257896586639175,0.2212348601783124,0.2928493090155524,0.31436045894129705,0.011107537779763511,-0.4712029483440173,0.32308686513735246,0.3830084015865385,0.24764673866603254,0.22865546903710024,0.2073580307645133,-0.11650345082858127,-0.16260368197820751,0.34851038410035134,-0.06212804381047424,-0.45617631565965894,-0.053542481547027045,-0.11506384845502689,0.4364700716476435,0.3770875184313246,0.20930836729644012,0.012999229468731298,0.0783397357956907,0.09961673479380714,0.04993912208338723,0.5514417661336372,0.3591531113401047,0.5528649910196259,0.3656088848396837,0.6723326226469758,0.24379136920901034,0.49844828511544925,0.3535310228045499,0.6109695387928618,0.4022677563590483,0.42389833514280184,0.368798388880504,0.6126307674968662,1.0,0.38598916511324743,0.34927271649490244,0.37317182818451444,0.4336947412968809,0.2897818403537093,0.35491814476479655,0.3024210835467934,0.3950926546259461,0.37914260388772225,0.4442578182192851,0.3073618266481527,0.34334070642015874,0.36901903327006613,0.32826744458001245,0.3929373213348605,0.3579745790037985,0.45196719451778117,0.43409483580957553,0.35924228270182784,0.40849544684314887,0.41296830324254064,0.5246187122676792,0.5381035302288688,0.5849500583391382
behind,behind,0.43519306684268527,0.3878705357715315,0.352579622303931,0.3729102077208184,0.5187694699078109,0.5478706978778374,0.5916081923943818,0.608786274748967,0.24778699133477378,0.38664753822224573,0.4656298386562449,0.003466012652842956,-0.22058771017736142,0.23163737581233768,0.4323651225413283,0.23314131078531766,0.2630473851503925,0.20572156799747948,0.06971121965732313,0.04418775791499217,0.32734786518170994,-0.025327106169440887,-0.33957753289960835,-0.03852737638919692,-0.021314666685242845,0.5092684070004443,0.5510102937165761,0.33662022308119144,0.02247303736367459,0.21574754525502365,0.2375587571415089,0.16383904446479464,0.31337342132373996,0.5618879021462465,0.46159496046241705,0.37054001467990694,0.3677212036947201,0.21518238647342577,0.5259606476101446,0.3990563692727419,0.3111250673912301,0.3943743157490422,0.5026357351001419,0.5362184970262397,0.5014111602029153,0.38598916511324743,1.0,0.42613311915761704,0.420652258075622,0.5200041815903473,0.31030230078734566,0.4567489890626299,0.28114961549179596,0.38871715318381833,0.4427118909247002,0.4839231159574955,0.21872878359464498,0.4216191513229747,0.3200758683462123,0.4765176495255604,0.35789073975960883,0.32422242498624804,0.6564119392771385,0.4664428350534551,0.40822746464183524,0.3844351648020513,0.4601988455074704,0.3636037749945754,0.34975748027377895,0.4018630091648176
against,against,0.09972399785824283,0.14267877589976158,0.047209054091775546,-0.001961760245156822,0.39560954101912904,0.4174039151510409,0.40102843832936974,0.48868362237807444,0.18736419230390214,0.26032168705202735,0.16321582499668422,0.026605997251386897,-0.44308694077450717,0.02905275901242172,0.19461876974301495,0.13385876163514746,0.14583703620169403,0.153571774293373,-0.22229021140509747,-0.07833423333247544,0.369959337054228,0.008340800576502256,-0.2822520656966909,-0.023081166809204145,-0.11120243201191295,0.3195326519083309,0.20874215156981857,0.21721752440301006,0.04089344034725159,0.10620564848689189,0.20539380803078827,0.09924710119022201,0.2934367079726762,0.17989915680825075,0.4853227717515515,0.19832054852367767,0.3642996622444288,0.24782704937158817,0.24575219664442063,0.3461868996077798,0.3444770808692572,0.3398538559155845,0.21064242384870868,0.20575492285186142,0.575160011945046,0.34927271649490244,0.42613311915761704,1.0000000000000002,0.31762979321121354,0.312394205972348,0.3204120263066643,0.2404456057831504,0.20292691090510634,0.32407282270041954,0.3450484277827687,0.4553397214907919,0.22966687395919044,0.2601459925963258,0.20135725018018474,0.3376740314864853,0.27487801478739504,0.287091746853511,0.30459783564000764,0.3367447256075701,0.2910484549769719,0.288173756559891,0.28024920112690377,0.3322531055771274,0.411714340214428,0.40375310479283116
carry,carry,0.20055376848160356,0.15066523617318187,0.0954958460705585,0.17283108247223433,0.45252009537151006,0.48252431741974533,0.48962274945698603,0.5256111167534596,0.31538529258493153,0.4174189684084666,0.17179035350296934,0.22631270322572028,-0.25756431609231367,0.24780196179225694,0.2888654769502586,0.17050135002839145,0.3997914678604422,0.36913586578118635,0.011212096666913932,0.1338647192267465,0.4324018033425152,0.07098646975503885,-0.199820664952092,0.12427164608943342,0.16416703486372902,0.4002873626320891,0.3531853727852635,0.315768133866315,0.2348530753611473,0.16526623724415263,0.3485411602794153,0.24577160720086327,0.27951931915261946,0.34479959503876967,0.43428163950041765,0.36844445754493227,0.3497488046531305,0.42948935239813313,0.37293278794966533,0.5127842217591193,0.2938044712341581,0.27646169689797945,0.35393925911242774,0.3423424483641099,0.4577947875887215,0.37317182818451444,0.420652258075622,0.31762979321121354,1.0000000000000007,0.44971771499834734,0.3303048779286285,0.3818286911610657,0.4675692516842743,0.5218496447519843,0.3973924491193532,0.3731070019394437,0.42425081077422877,0.37904343139006536,0.4823456640357731,0.5560401292937958,0.4244142051222903,0.4649061198679824,0.43593847649166667,0.4555623035851899,0.3823809001779894,0.30630371384817245,0.39682962595379867,0.298654694515864,0.5581510222851831,0.38609327022943407
look,look,0.2636685305658431,0.220828544143703,0.19483341583143415,0.190902273958153,0.5447848767263181,0.5999756729777204,0.5920590839965036,0.6421180139910814,0.2871818318284198,0.39665933512566903,0.29459095680752534,0.17080127975155382,-0.24235347778358107,0.2743787678494113,0.2912968682482149,0.16489481524200839,0.22956713138342538,0.2544858288124606,-0.008601384450996764,0.10416542605540952,0.4691712824846687,0.03546749566442582,-0.23380377835204053,0.03492198248936789,0.15724213370281317,0.43246523830994876,0.41746833102812725,0.2922056346190338,0.17032208080647254,0.1816684310277337,0.15402974862341273,0.23195405761879692,0.3296265614409641,0.3827433166225237,0.3805197599216117,0.4706085438648675,0.4093069243590429,0.4743281217904697,0.41695833353092887,0.4418157839809447,0.3292125954923433,0.32932983865021614,0.38042237727445066,0.3972026324145745,0.44736551206463937,0.4336947412968809,0.5200041815903473,0.312394205972348,0.44971771499834734,1.0000000000000004,0.24252739668923778,0.46368818735444917,0.36295994604412446,0.6102919983512367,0.3952081333442353,0.6152195725885073,0.4797261250176743,0.3881300898030974,0.3931891976359386,0.48645894816887614,0.5734025953355082,0.45868787400790956,0.5623715701475733,0.4135287808438981,0.5392465688029842,0.5586243220014768,0.5564714301568976,0.4009878016924299,0.4700153660823826,0.4051360307007992
kick,kick,0.15895660885977914,0.10990223231559682,0.058977212681434785,0.09561406161140368,0.3843340187038429,0.4081384707944311,0.462918992632527,0.409753289931611,0.1428120040536342,0.22964075648426763,0.14591919245777343,-0.0025434538175512136,-0.210491721013466,0.06319699985711406,0.22531892143785182,0.11132304952264213,0.3670929267588961,0.09934359993369504,0.06117354875380339,0.06504495416572623,0.28843816166206165,-0.005158595905588249,-0.1409250344247708,0.05645604229013575,-0.006554845767493982,0.23752337302526716,0.22323627903442378,0.16902816815736615,0.0062006189402020314,0.12108278060568682,0.41237032059903345,0.16174920143391158,0.24360258912612465,0.16041756037557167,0.2110386085075902,0.3289688708334104,0.26366870494057504,0.18972906905819972,0.22742070400017658,0.3024335447798989,0.27787783529909016,0.24151860755938587,0.177600531638494,0.18751509329745722,0.33203161001152365,0.2897818403537093,0.31030230078734566,0.3204120263066643,0.3303048779286285,0.24252739668923778,1.0000000000000004,0.40534929350206356,0.2179827477358774,0.3128999781561532,0.4013122432825758,0.3125456196926592,0.2893291804582978,0.44636840216732787,0.09508877836938076,0.4239144178293057,0.27077442078430053,0.39360741336927546,0.33669817464291707,0.23253689082356505,0.21899516901128327,0.256705204136055,0.23740582292895981,0.27604919307293635,0.2981049958268555,0.283370709620295
walk,walk,0.24997111735589,0.20216197161235389,0.170645137754466,0.12714488176707087,0.527525235414813,0.5436952536255895,0.8465534076664712,0.5467181468876806,0.3048792691890149,0.3664579835301647,0.2593222126365417,0.12761215166242834,-0.3202285309848151,0.23244955461202194,0.41982833909921197,0.19753690728483983,0.5000863833799143,0.20019095927841674,-0.05797969405111675,0.0846386637326881,0.3874229693217953,0.01191806706588412,-0.2031956658700954,0.09887566261970027,0.036246458606300824,0.4505272789950038,0.4749385578881278,0.30773410839620935,0.08956572453998045,0.2595242103347377,0.31823196842949164,0.22308379765136582,0.29562269535609587,0.40693465161259856,0.29864202211891216,0.5349912653921772,0.32510984761924566,0.295842855193967,0.35891747858091994,0.40654246777099134,0.3155326283530243,0.3840743586132903,0.3167239074598869,0.5049505953877796,0.430937934602065,0.35491814476479655,0.4567489890626299,0.2404456057831504,0.3818286911610657,0.46368818735444917,0.40534929350206356,1.0,0.29791980406564655,0.4440719577535071,0.4925815769123889,0.37505504875115114,0.4032309808469122,0.4667853364681352,0.22630807541234674,0.4381906977378699,0.45918819547666906,0.5114843651663388,0.44696773092469766,0.49599121510040545,0.37661387977205124,0.39346181434180816,0.41925799690162663,0.3579611374486791,0.38539243165346426,0.37499013798459285
feed,feed,0.1832073257920757,0.03282868899478654,0.05066284396354251,0.08325697015700714,0.35912842615181956,0.35499199322144465,0.3566099749706838,0.36261200103164404,0.19121669776250239,0.2587177434904938,0.16080654866700295,0.1763189734468372,-0.18840780734514584,0.11153812467112413,0.22533246403198529,0.1192641573273469,0.22947005468351003,0.41497953282113476,-0.05741709809551602,0.053100540331363695,0.32182197829703163,0.09027129391223711,-0.1406061754149181,0.13359873918342563,0.11969869526416771,0.31572727670915796,0.2707612129764682,0.3275863971579638,0.1333627853389231,0.16902344256680063,0.18339963799802614,0.17430054955112836,0.25387042632461865,0.32037416888974657,0.28824047451681906,0.2986574305726775,0.28282730405748246,0.29527683991105813,0.3062601057136005,0.25409582209868975,0.25190166278648063,0.29062592152603034,0.3122541019053344,0.28513299359608013,0.3174063066606128,0.3024210835467934,0.28114961549179596,0.20292691090510634,0.4675692516842743,0.36295994604412446,0.2179827477358774,0.29791980406564655,1.0,0.3786077135678822,0.20809027732704166,0.25929075280203423,0.6186168230996976,0.3155013581185428,0.37489396797654984,0.38559547007690176,0.40550656946669994,0.5078512482292391,0.41628283993970916,0.3265535420118404,0.36470277027142484,0.2702818325386775,0.32159219578857423,0.2796939308634292,0.42771987233698183,0.4142345564288815
follow,follow,0.15384577203654032,0.18898439395430874,0.10364963470771688,0.05722986421413222,0.5536873493353173,0.6085420942639002,0.5896644596637883,0.6065286400091725,0.22163616879373593,0.3270343482617284,0.13903687835484724,0.1921516757809451,-0.290902095086035,0.10229033645771615,0.2850564880587111,0.1433634445270326,0.27696281541906453,0.28905317560323507,-0.0813270469124667,0.06332735644778864,0.44416170546148737,0.1682623347628588,-0.1851687850091026,0.09098760980957184,0.17141554125536212,0.424205101975949,0.3383475856325615,0.2987943178494546,0.19391990670638595,0.09937264472577736,0.2732657595257042,0.2142344118587825,0.30802426573028924,0.31045049337261166,0.4314039733298717,0.41207016188382345,0.37485296952839364,0.460753476690567,0.42494075698025496,0.47298489734157734,0.35001116190288517,0.3193726082747607,0.4343173948214287,0.3574314753538598,0.4032070297588142,0.3950926546259461,0.38871715318381833,0.32407282270041954,0.5218496447519843,0.6102919983512367,0.3128999781561532,0.4440719577535071,0.3786077135678822,1.0000000000000004,0.3695350585858167,0.44183533825376275,0.42273374606162983,0.4373679457513793,0.42165495442188927,0.4350941555159395,0.4574243472698371,0.45863538517980207,0.36139133692734626,0.45557434454325096,0.4480823063898024,0.3616796356891147,0.4827580868889384,0.3399057399426214,0.5009873606796943,0.40540456665175917
hit,hit,0.27356524189233256,0.18097239232988693,0.14118862181664188,0.16761914782366835,0.4916373380836413,0.4745155990056722,0.6091368884213071,0.5537724435520948,0.197167744393328,0.2427326176878863,0.2586429581166818,-0.027582812336480477,-0.25902859089425934,0.1990885813715345,0.28133302718658704,0.19772243762996955,0.3110003995607059,0.09992665568877629,0.03826099066480544,-0.06309381618147901,0.3692198967542635,-0.02252187828448737,-0.24041938969258098,-0.001406755243834712,-0.03312328829842384,0.41479206954693215,0.34735737383966625,0.22905892218830554,0.08086144022048425,0.14685152774694385,0.29416469724018035,0.10080660616572092,0.2880720419604591,0.31765580500273355,0.33252047719020084,0.3542471909719366,0.3453135404123503,0.19974673820756092,0.2990838071430195,0.33365550181341597,0.3393570667246584,0.37957497554086006,0.2743842747159486,0.3348882152875149,0.4167698676500336,0.37914260388772225,0.4427118909247002,0.3450484277827687,0.3973924491193532,0.3952081333442353,0.4013122432825758,0.4925815769123889,0.20809027732704166,0.3695350585858167,1.0,0.3910036233336085,0.2901907325748726,0.37820121333643475,0.24730653084352122,0.3677852948658801,0.40467789955950473,0.4492915858012779,0.44322240437527494,0.3984225822263373,0.3637000079179703,0.38476254193836723,0.46815957296489197,0.35281163808052995,0.32572045600932226,0.38751217810981176
face,face,0.34997556850499195,0.21572474233028488,0.22338686518460937,0.21213055280408216,0.503207703661244,0.5208755842458961,0.5217673410271557,0.5977785632999986,0.2973463105930035,0.39607622087714633,0.3791951167240286,0.07426966091442369,-0.23947396407089888,0.2176098207487403,0.2857091908684459,0.16370013466818073,0.18096530370349223,0.2290982773767599,-0.07094503052014905,0.08222734610981178,0.36958733687236245,-0.05203729557729083,-0.29646822051383886,-0.011196109509151678,0.05777938743991928,0.4257077452997049,0.39891676748828514,0.3195059761682409,0.12146102249945218,0.1850978825367509,0.1270172371694588,0.17947569337804026,0.31480764313170195,0.43968590042713723,0.3967064304763108,0.3442958995499562,0.39340912428270935,0.45447955443345855,0.46641325288582136,0.431397194059742,0.34340988501722725,0.344974606282187,0.4320163561769583,0.37087188126367443,0.4518243731312041,0.4442578182192851,0.4839231159574955,0.4553397214907919,0.3731070019394437,0.6152195725885073,0.3125456196926592,0.37505504875115114,0.25929075280203423,0.44183533825376275,0.3910036233336085,1.0000000000000002,0.35037836064394634,0.278747150899317,0.2826675036456682,0.4568944637854496,0.4348536374434918,0.38788257379365376,0.5075895622569577,0.442166908928983,0.44216167029187825,0.49213589118721957,0.5186090105610044,0.3602402501763998,0.37606208170777555,0.3908796942848449
eat,eat,0.11453164083556708,0.011609530273139428,0.017824374869595122,0.04213525440931951,0.5143062482707547,0.5105535530210834,0.45666344530775926,0.4867114927459017,0.3150520065245103,0.31921129278898164,0.21760002558261898,0.32383828857066504,-0.23606913351717834,0.16161944341741954,0.20185615261619178,0.11814847039192747,0.28342767133433305,0.4490586049979628,-0.04767694331576285,0.1053856599237685,0.4589766552443602,0.050910473581969165,-0.11633083082377546,0.2021324952275807,0.17615435493430512,0.32318795906913345,0.2978853651617913,0.31163406456093634,0.20877596118087768,0.2511108048366705,0.20423924944107685,0.28270450815425785,0.26406268229323415,0.2648683733550438,0.2704781230660647,0.32843172469380244,0.3119906214934681,0.34980888811521377,0.22597364700639386,0.412843539891742,0.25291856885665054,0.2336276413513172,0.22045334008559475,0.3112475805816336,0.30345717976806497,0.3073618266481527,0.21872878359464498,0.22966687395919044,0.42425081077422877,0.4797261250176743,0.2893291804582978,0.4032309808469122,0.6186168230996976,0.42273374606162983,0.2901907325748726,0.35037836064394634,1.0000000000000002,0.2554866971625799,0.44575082067697136,0.3917512227788549,0.547410354035304,0.5169795200086345,0.4059249673919181,0.2209749990139711,0.3925998311812573,0.36072512049262934,0.3233878763453621,0.3003773476759818,0.3723305500956492,0.33430497258768355
drive,drive,0.21990295351526862,0.17816066092547278,0.13759843920839257,0.20264039122779204,0.4976210053235701,0.4851185292184146,0.5639592095053909,0.5186759962235921,0.13739155270352038,0.2610288028639962,0.1767373610833514,0.014930935778341037,-0.1629865571157913,0.03108301928728349,0.4396075262509007,0.36295213751278654,0.3108323772962185,0.14203212155985506,0.1266832047561531,0.041235015952441376,0.3415803208867202,0.0963788877407946,-0.20083846923180934,0.01268581739027956,-0.01198373053787024,0.3586323227975242,0.40419416463348623,0.12133608299453805,0.01926434177268274,0.04804958366590271,0.4395498999617468,0.08690605178586118,0.27524264405786947,0.24548632741249393,0.2901772427151582,0.47144869951435026,0.3325851350138963,0.26284690562841456,0.29054745198784465,0.3120700572485746,0.2896541236623602,0.3727521218295111,0.25247221850692014,0.3752244859185866,0.3883840529132996,0.34334070642015874,0.4216191513229747,0.2601459925963258,0.37904343139006536,0.3881300898030974,0.44636840216732787,0.4667853364681352,0.3155013581185428,0.4373679457513793,0.37820121333643475,0.278747150899317,0.2554866971625799,1.0000000000000004,0.25399903054016876,0.4882057726563205,0.3857457672847816,0.3479753933440545,0.43757615829461294,0.3845789655556888,0.3749777972904211,0.32963509922759127,0.33747855090310575,0.35777221593860375,0.42330963375755226,0.3534395254597134
contain,contain,0.154218566384617,0.04122977303200733,0.06892352258736834,0.13058992547458517,0.33899746161331085,0.3305214902533017,0.30819782330547085,0.3796512840367973,0.2286534541350012,0.32550784892532525,0.179733045347939,0.11674315476344788,-0.18176917580984064,0.2437405765602012,0.34881551318656245,0.1611765535767718,0.1857239005945628,0.44311276636882024,-0.09858467573711224,0.014909160261601813,0.2967702626643608,-0.010479849324628816,-0.2164677993676774,0.12594110496761712,0.1127098645367666,0.35963790033780707,0.31776427995138007,0.3239642541912386,0.1709940170916244,0.1061373418399374,0.10195407554457046,0.13228832471431357,0.24952860751679404,0.37732867301379447,0.2722049581423299,0.18399876058181797,0.31249445156807387,0.30179844049627513,0.4752243220814853,0.35738279397292555,0.22604148361869414,0.2633686116341559,0.42737175103491964,0.29038132508745323,0.35054065016990743,0.36901903327006613,0.3200758683462123,0.20135725018018474,0.4823456640357731,0.3931891976359386,0.09508877836938076,0.22630807541234674,0.37489396797654984,0.42165495442188927,0.24730653084352122,0.2826675036456682,0.44575082067697136,0.25399903054016876,1.0000000000000007,0.24119408034182158,0.2929223994293099,0.2759839413031724,0.4840859422804713,0.3229003936023291,0.2529452610464634,0.31834450565363603,0.4338752284678673,0.26927201202461915,0.4707550062128468,0.2655404170516448
pull,pull,0.30863512427397666,0.22465661926517833,0.1926511129935733,0.2645201989894271,0.49798001361194255,0.5509742149720156,0.5248085350628205,0.5443580390603704,0.29847485846264654,0.4029767953448832,0.24950206669653166,0.27831355002814073,-0.14515278124801367,0.11322693528180083,0.19991023060966034,0.14063007217076962,0.4499089585267816,0.374234881786208,0.14676753273506,0.2788934663608311,0.49122141196317926,0.10390820315650662,-0.0392149226156874,0.20710560290562235,0.27234286192047136,0.32553546920180265,0.3128634107988732,0.33357474208977445,0.35649334603740923,0.21812420066927452,0.42533923881860825,0.3574717439575761,0.2897801248047864,0.25789343927123076,0.36857933261575915,0.48656080116825295,0.3369971796998088,0.4055855731936234,0.3002618181059678,0.4866777677437535,0.30523659889711663,0.27872852037084317,0.2965691120671557,0.33872499793871025,0.44628492845174894,0.32826744458001245,0.4765176495255604,0.3376740314864853,0.5560401292937958,0.48645894816887614,0.4239144178293057,0.4381906977378699,0.38559547007690176,0.4350941555159395,0.3677852948658801,0.4568944637854496,0.3917512227788549,0.4882057726563205,0.24119408034182158,0.9999999999999998,0.3991566365825989,0.48196861183270717,0.4522548568347518,0.4106925011802375,0.41903366458249597,0.4126365259736358,0.3852191637906118,0.2952574472393877,0.45450073435386706,0.3535883016437233
talk,talk,0.16285611689223975,0.1302922264894743,0.12986030631754486,0.034609142001833904,0.5288142716515097,0.5262806116667942,0.5442661214816626,0.5668239103089505,0.21169730645497753,0.24940895205177038,0.16620830947011492,0.09231693136654487,-0.2479796115705144,0.11857320707476651,0.2227954141104433,0.14606198273441143,0.2642932249195089,0.2305756822608443,-0.07849838550254984,0.022418384642810964,0.4512234427633352,0.03541041193682015,-0.20641831313972564,0.03647987028125871,0.05317939494847093,0.3666523488835597,0.3165286895938666,0.2335941158680006,0.0925808626408268,0.11768193988856825,0.1721931620363237,0.0862911773425096,0.2876076711276798,0.2523756604278626,0.33007631156748385,0.38627703267074864,0.36798318431881233,0.27991346178160953,0.29047729538641287,0.4105850832762954,0.2876813060005572,0.23292614488455227,0.27077302581421536,0.32950887338817364,0.38959021873298905,0.3929373213348605,0.35789073975960883,0.27487801478739504,0.4244142051222903,0.5734025953355082,0.27077442078430053,0.45918819547666906,0.40550656946669994,0.4574243472698371,0.40467789955950473,0.4348536374434918,0.547410354035304,0.3857457672847816,0.2929223994293099,0.3991566365825989,0.9999999999999998,0.38928954110727276,0.4206578120222414,0.33448163608586373,0.43681574560540515,0.437490468375218,0.4167244258992988,0.3492768724474225,0.4060556669183064,0.4060255049353455
fly,fly,0.1777326344952719,0.05226484913303214,0.033251070289469116,0.06252217889371585,0.4719177656943895,0.4786332191590158,0.5466143810468105,0.49995027710599027,0.2299592296137693,0.2630622278792514,0.19254913993426692,0.12894782390837473,-0.24925620827162687,0.12858678585793687,0.25699626234731043,0.06522571908600112,0.32618063441162415,0.2782496170570297,-0.01550465122179922,0.05221674604671303,0.40836698723719483,0.08704578374098244,-0.1480489972970138,0.18381073069528853,0.1321212050749784,0.3794184700933002,0.3080696347663008,0.26123182416415236,0.13456111774691143,0.1544555477554919,0.17490740678615854,0.1788145828952826,0.2786362591613051,0.3216621270268312,0.3335233523109187,0.5049471619290768,0.2786487103490347,0.3386141836926833,0.36589493699722275,0.3957101274520956,0.2989691597836295,0.32160675762394353,0.3298357329930988,0.29362320177661316,0.43274814632029174,0.3579745790037985,0.32422242498624804,0.287091746853511,0.4649061198679824,0.45868787400790956,0.39360741336927546,0.5114843651663388,0.5078512482292391,0.45863538517980207,0.4492915858012779,0.38788257379365376,0.5169795200086345,0.3479753933440545,0.2759839413031724,0.48196861183270717,0.38928954110727276,1.0,0.4263152350284219,0.3848691398698779,0.4087342144161552,0.42311884359470103,0.43999587989221717,0.2946022422378099,0.4568699309254547,0.3401980734917235
inside,inside,0.4616162546112518,0.28416644547262027,0.3423584776507048,0.43180367185602553,0.531765744069029,0.5804326902631157,0.5636643568678602,0.6182567924248096,0.3036377648550798,0.37954522894645426,0.4571800853058672,0.03420736819745417,-0.13665203050777155,0.23025351827815077,0.5323911301860814,0.2570059985805321,0.26561375035474777,0.3202252811379508,0.08889571458464035,0.053002038818393715,0.29912790117352134,-0.12126012536679003,-0.3605281594663137,0.004224436037976422,-0.022951752061174342,0.6322805661997674,0.6419106428008936,0.27923110517699035,0.027175410940497552,0.23606611245785852,0.2215774610919241,0.12021843219055132,0.34510930609840496,0.6320143717871869,0.42963109357695073,0.3809764010902035,0.35485920346574107,0.30035766860515967,0.5129259394893475,0.42095686673276944,0.3094497516442827,0.499633577722448,0.46935749720529485,0.5957714963368359,0.4198743172525168,0.45196719451778117,0.6564119392771385,0.30459783564000764,0.43593847649166667,0.5623715701475733,0.33669817464291707,0.44696773092469766,0.41628283993970916,0.36139133692734626,0.44322240437527494,0.5075895622569577,0.4059249673919181,0.43757615829461294,0.4840859422804713,0.4522548568347518,0.4206578120222414,0.4263152350284219,0.9999999999999998,0.49558824787103495,0.4631007876713401,0.4389800588206346,0.501871602199182,0.4010898028858466,0.44406047853730013,0.37555421517674703
across,across,0.2619532552105884,0.19546097256079611,0.22480532225443084,0.22890329890532868,0.45573036066671996,0.5007911987178295,0.5780638466921806,0.5074510412724069,0.20599347210358132,0.28767572397166175,0.30811195613249276,0.0462042233927924,-0.31301995528647547,0.17774646721997361,0.44178479925943404,0.2596168554304182,0.23096104587580363,0.210922174557588,-0.05185300031583506,-0.051168474709337504,0.3370527376165001,-0.0035464692721687858,-0.34093564208121446,0.0018587460510051269,-0.050169697672746316,0.6088880351419014,0.3900452359449843,0.23744411186286815,0.03033306740478573,0.08740138137016312,0.23346875715686866,0.04843459382984244,0.32855759457239964,0.4297112627477343,0.45736288963203287,0.4136473118061903,0.32585160331245067,0.2811005354918917,0.4563764791834455,0.35875749278907626,0.2999909160701303,0.5048334086400551,0.4423650948341628,0.41777817262217104,0.6333007328853097,0.43409483580957553,0.4664428350534551,0.3367447256075701,0.4555623035851899,0.4135287808438981,0.23253689082356505,0.49599121510040545,0.3265535420118404,0.45557434454325096,0.3984225822263373,0.442166908928983,0.2209749990139711,0.3845789655556888,0.3229003936023291,0.4106925011802375,0.33448163608586373,0.3848691398698779,0.49558824787103495,1.0,0.3647251295929312,0.32558613392848,0.3835058420981424,0.37603825668568913,0.4185242800250747,0.3908239669289471
watch,watch,0.2905056801913859,0.21894988864930548,0.21685670651539649,0.19868516004321163,0.4890852863543341,0.5737537014675301,0.5182174289810081,0.5612712841686252,0.2513570189393153,0.2875620662998568,0.2231073692824267,0.1326534325746694,-0.2207212948070312,0.13111164001526388,0.2472270105805314,0.1584733107482504,0.16898620149861668,0.18910933104419725,0.015292178124982417,0.07924163371847076,0.3414744233209746,-0.007720199181997952,-0.19982060039751143,0.0558583607701216,0.09817523671879277,0.39512080333731503,0.3775826956708706,0.18953102270758823,0.11803509354955682,0.1178934955801021,0.11662355703354593,0.15879324348635537,0.2666301847459396,0.30033093079758666,0.36436155241258616,0.39292797062729956,0.30112859581242946,0.41605905065952,0.38616987008866843,0.41749346180586266,0.30672012471981247,0.2934812679602081,0.37394396255267476,0.35080082926088074,0.4155523177132185,0.35924228270182784,0.40822746464183524,0.2910484549769719,0.3823809001779894,0.5392465688029842,0.21899516901128327,0.37661387977205124,0.36470277027142484,0.4480823063898024,0.3637000079179703,0.44216167029187825,0.3925998311812573,0.3749777972904211,0.2529452610464634,0.41903366458249597,0.43681574560540515,0.4087342144161552,0.4631007876713401,0.3647251295929312,1.0,0.44138668494986744,0.33365094958550656,0.32155634592783683,0.3716994646165316,0.3795002765645792
touch,touch,0.2747809065023656,0.20738896764106224,0.19237282585259263,0.127741960522545,0.4854050591887642,0.46735393864811436,0.48735600045422756,0.5110821704496163,0.23629872645118527,0.3028280583102566,0.29926703784849806,0.05235971782661647,-0.18343004173588615,0.13393377564859726,0.21436347810904124,0.08196476667426619,0.13077123356985743,0.2374215898642268,-0.061819727898649625,0.07466305218570586,0.4458069978616279,0.019048161317814092,-0.1932188700361514,0.11416727104877433,0.07359376244953944,0.3314255998653457,0.31353061863681886,0.22120786010280263,0.15146397405850479,0.19332091727571338,0.13443502297187812,0.17613238784015361,0.2958124002297846,0.3276383784417819,0.3415729317112284,0.3764786834028846,0.3560031554277233,0.36653595674901995,0.33987180504600445,0.4067009928290185,0.2842978824792761,0.23926303383349035,0.2846615552751508,0.3259495042049844,0.3484179586958686,0.40849544684314887,0.3844351648020513,0.288173756559891,0.30630371384817245,0.5586243220014768,0.256705204136055,0.39346181434180816,0.2702818325386775,0.3616796356891147,0.38476254193836723,0.49213589118721957,0.36072512049262934,0.32963509922759127,0.31834450565363603,0.4126365259736358,0.437490468375218,0.42311884359470103,0.4389800588206346,0.32558613392848,0.44138668494986744,0.9999999999999998,0.4125585130036799,0.32103971458010205,0.46766872976900487,0.37782239897020264
cover,cover,0.24538920534567463,0.16213261478070046,0.14975956032996263,0.08839157866386332,0.4611423899039875,0.421389162682232,0.5081303245009612,0.5242520167835011,0.1656219284830182,0.2865807596769835,0.3055728107383721,-0.020221201601592714,-0.2607147089609829,0.15275513684906752,0.28408253645345194,0.1813573220573183,0.1891303827806682,0.1797004740299148,-0.04515231841513667,-0.048401589073022826,0.35899444166742045,0.03256632740137781,-0.2941858368529058,0.0007447229208456686,0.10010984076598495,0.40365482859912055,0.3353399530626202,0.2513135247389887,0.05745385373125856,0.14429265467694885,0.16527466122430462,0.06266239957541125,0.296042887004874,0.3751818535676277,0.4251125177559069,0.36876202444170997,0.36262653329375805,0.38594397938821895,0.43780749796984475,0.38333328351363627,0.36279155189976264,0.28508611375405907,0.41088223277875524,0.3518172068147321,0.4317006408359958,0.41296830324254064,0.4601988455074704,0.28024920112690377,0.39682962595379867,0.5564714301568976,0.23740582292895981,0.41925799690162663,0.32159219578857423,0.4827580868889384,0.46815957296489197,0.5186090105610044,0.3233878763453621,0.33747855090310575,0.4338752284678673,0.3852191637906118,0.4167244258992988,0.43999587989221717,0.501871602199182,0.3835058420981424,0.33365094958550656,0.4125585130036799,0.9999999999999996,0.2854739289502355,0.4341050576169484,0.3570777465219109
at,at,0.28904186207223176,0.262807611004125,0.24702109258807087,0.25630700732766043,0.4454854507103274,0.49374196836846945,0.4740825241521688,0.48926241702446427,0.22959607175303848,0.29675075538099743,0.26858182907399464,0.10434420659391949,-0.4083972530421881,0.2128167101948264,0.4194154622054285,0.2975580590880533,0.3051337652512406,0.18571259814163743,-0.007089165948421659,0.06035889399437626,0.3175221105174252,0.0442627924492772,-0.15999611267485653,0.10407951570143523,0.006112572003264122,0.39938738585264666,0.42900251173862547,0.2742543890511889,0.10481113833384978,0.26642012377574253,0.21815769157284776,0.12735073056787793,0.6995020710317746,0.3323439584891757,0.4712267649405419,0.2895790071581985,0.6284145700092569,0.2488787419877601,0.3818624509657095,0.3442867113672331,0.5911644982560423,0.5928968512209216,0.3662611429849093,0.39670380847348286,0.47016169393163687,0.5246187122676792,0.3636037749945754,0.3322531055771274,0.298654694515864,0.4009878016924299,0.27604919307293635,0.3579611374486791,0.2796939308634292,0.3399057399426214,0.35281163808052995,0.3602402501763998,0.3003773476759818,0.35777221593860375,0.26927201202461915,0.2952574472393877,0.3492768724474225,0.2946022422378099,0.4010898028858466,0.37603825668568913,0.32155634592783683,0.32103971458010205,0.2854739289502355,0.9999999999999996,0.34409975411219,0.7481071099232042
use,use,0.2162716392362278,0.14540161938096813,0.0998586865763561,0.09762751552922241,0.47230291632245636,0.4745543811926779,0.4762662746044176,0.5027683615124255,0.2396927400898717,0.32355616470608267,0.1755078927704642,0.058489693791780914,-0.37082469647337424,0.16710880737047326,0.3801106152075504,0.1929267055511449,0.2354540577045373,0.29815760395796076,-0.11176581816252629,0.013781039343574596,0.4072522731923663,0.023078224980814337,-0.3694658505533363,0.053305540045675316,0.023524654739794527,0.46591139343015386,0.3712106754252119,0.24715467561256965,0.11167314896098578,0.0915604072087488,0.1962719141193327,0.09109605554695813,0.3240243576990507,0.2643800029226453,0.45723626080922175,0.3870839139650921,0.4448086316905007,0.4036252975662694,0.44567508070909545,0.4129528785005336,0.3519552987181188,0.3342810938023044,0.393715585389362,0.3429899946073799,0.5166445978785691,0.5381035302288688,0.34975748027377895,0.411714340214428,0.5581510222851831,0.4700153660823826,0.2981049958268555,0.38539243165346426,0.42771987233698183,0.5009873606796943,0.32572045600932226,0.37606208170777555,0.3723305500956492,0.42330963375755226,0.4707550062128468,0.45450073435386706,0.4060556669183064,0.4568699309254547,0.44406047853730013,0.4185242800250747,0.3716994646165316,0.46766872976900487,0.4341050576169484,0.34409975411219,0.9999999999999996,0.43864315799518183
on,on,0.32091736591417086,0.2975343957575255,0.2600291554813202,0.2532953949283135,0.44351460994781466,0.4893997242478135,0.4853350909329325,0.4938650303345772,0.2795390228369092,0.3441373652042484,0.31593817317205053,0.1467148743750103,-0.3434856819450546,0.18285093968058558,0.3725058375344087,0.3196634770831446,0.28622303555475836,0.28339568977998214,0.019839804972301374,0.11337610976269802,0.35670422968472726,0.09649213295613536,-0.11787858146982273,0.1933344475427453,0.11104092110645228,0.38149717263744,0.39484984100736953,0.363382458010589,0.20028344274541254,0.28741693094988674,0.3009651112878534,0.21542812477919338,0.7587802830872695,0.3686697700485354,0.4819282641141519,0.34041599691687074,0.7796227996493101,0.29316556529330223,0.3989835487015285,0.35663391101082714,0.6792888370497432,0.44733027141271586,0.3785466681426809,0.40730697125020765,0.513368124152371,0.5849500583391382,0.4018630091648176,0.40375310479283116,0.38609327022943407,0.4051360307007992,0.283370709620295,0.37499013798459285,0.4142345564288815,0.40540456665175917,0.38751217810981176,0.3908796942848449,0.33430497258768355,0.3534395254597134,0.2655404170516448,0.3535883016437233,0.4060255049353455,0.3401980734917235,0.37555421517674703,0.3908239669289471,0.3795002765645792,0.37782239897020264,0.3570777465219109,0.7481071099232042,0.43864315799518183,0.9999999999999993
